row_index,sample_id,lot_id,timestamp,actual_fail,risk_score,predicted_fail,model_name
1377,SECOM-1377,DEMO-055,06/10/2008 20:36:00,0,5.486012029734219e-06,0,logistic_unweighted
1212,SECOM-1212,DEMO-048,01/10/2008 07:19:00,0,0.0032213523426851643,0,logistic_unweighted
907,SECOM-0907,DEMO-036,19/09/2008 09:47:00,0,1.3265718193270963e-05,0,logistic_unweighted
766,SECOM-0766,DEMO-030,08/09/2008 21:36:00,0,0.006290447865860563,0,logistic_unweighted
600,SECOM-0600,DEMO-024,31/08/2008 02:57:00,0,3.962874148457493e-05,0,logistic_unweighted
297,SECOM-0297,DEMO-011,19/08/2008 08:33:00,0,7.622735479491587e-07,0,logistic_unweighted
820,SECOM-0820,DEMO-032,13/09/2008 00:25:00,0,0.16758120440938906,1,logistic_unweighted
500,SECOM-0500,DEMO-020,28/08/2008 23:42:00,0,0.17127998027835842,1,logistic_unweighted
1123,SECOM-1123,DEMO-044,27/09/2008 11:45:00,0,7.889720273692053e-05,0,logistic_unweighted
1213,SECOM-1213,DEMO-048,01/10/2008 07:28:00,0,0.00016459985012943443,0,logistic_unweighted
1543,SECOM-1543,DEMO-061,15/10/2008 23:00:00,0,0.003585954530984339,0,logistic_unweighted
1157,SECOM-1157,DEMO-046,28/09/2008 18:43:00,0,7.473085107448188e-10,0,logistic_unweighted
108,SECOM-0108,DEMO-004,05/08/2008 04:32:00,0,3.0579474838284024e-06,0,logistic_unweighted
170,SECOM-0170,DEMO-006,09/08/2008 17:34:00,0,0.005486884587912336,0,logistic_unweighted
570,SECOM-0570,DEMO-022,30/08/2008 08:10:00,0,0.000321023755618685,0,logistic_unweighted
1134,SECOM-1134,DEMO-045,27/09/2008 15:30:00,0,4.1104375922807986e-07,0,logistic_unweighted
1448,SECOM-1448,DEMO-057,10/10/2008 12:30:00,0,3.94515306710602e-05,0,logistic_unweighted
216,SECOM-0216,DEMO-008,16/08/2008 08:39:00,0,0.9900700169365535,1,logistic_unweighted
850,SECOM-0850,DEMO-034,15/09/2008 16:10:00,0,3.660607330313577e-06,0,logistic_unweighted
1049,SECOM-1049,DEMO-041,24/09/2008 03:40:00,0,0.004738886291992484,0,logistic_unweighted
1477,SECOM-1477,DEMO-059,13/10/2008 14:06:00,0,8.356529302095125e-07,0,logistic_unweighted
62,SECOM-0062,DEMO-002,31/07/2008 20:18:00,1,0.18455941854953395,1,logistic_unweighted
42,SECOM-0042,DEMO-001,29/07/2008 04:08:00,0,0.005036818301971517,0,logistic_unweighted
628,SECOM-0628,DEMO-025,01/09/2008 09:06:00,0,0.9519830009984571,1,logistic_unweighted
1156,SECOM-1156,DEMO-046,28/09/2008 18:34:00,0,0.00528071888774907,0,logistic_unweighted
140,SECOM-0140,DEMO-005,06/08/2008 19:24:00,0,6.848894317790444e-05,0,logistic_unweighted
866,SECOM-0866,DEMO-034,16/09/2008 19:34:00,0,1.1113962886638028e-05,0,logistic_unweighted
369,SECOM-0369,DEMO-014,21/08/2008 16:36:00,0,6.418513542362369e-05,0,logistic_unweighted
996,SECOM-0996,DEMO-039,21/09/2008 19:19:00,0,0.01208783353553535,0,logistic_unweighted
258,SECOM-0258,DEMO-010,18/08/2008 11:04:00,0,8.130601856694017e-10,0,logistic_unweighted
1033,SECOM-1033,DEMO-041,23/09/2008 12:31:00,0,0.9458574092791654,1,logistic_unweighted
355,SECOM-0355,DEMO-014,21/08/2008 12:33:00,0,5.995268637677019e-05,0,logistic_unweighted
840,SECOM-0840,DEMO-033,14/09/2008 19:13:00,0,0.2226700470471159,1,logistic_unweighted
1394,SECOM-1394,DEMO-055,07/10/2008 10:10:00,0,0.00012357389492901992,0,logistic_unweighted
1478,SECOM-1478,DEMO-059,13/10/2008 14:29:00,0,3.2927262696740674e-07,0,logistic_unweighted
1421,SECOM-1421,DEMO-056,08/10/2008 12:11:00,0,4.437069020458277e-05,0,logistic_unweighted
195,SECOM-0195,DEMO-007,12/08/2008 04:23:00,0,3.7484884357928306e-07,0,logistic_unweighted
455,SECOM-0455,DEMO-018,27/08/2008 17:14:00,0,7.762750213837403e-09,0,logistic_unweighted
587,SECOM-0587,DEMO-023,30/08/2008 15:16:00,0,0.9869492931499653,1,logistic_unweighted
1092,SECOM-1092,DEMO-043,25/09/2008 23:48:00,0,2.843022778112193e-06,0,logistic_unweighted
1090,SECOM-1090,DEMO-043,25/09/2008 22:05:00,0,0.0197110353185922,0,logistic_unweighted
65,SECOM-0065,DEMO-002,01/08/2008 10:20:00,0,0.577460275491382,1,logistic_unweighted
1498,SECOM-1498,DEMO-059,14/10/2008 03:35:00,0,6.1241253858284436e-06,0,logistic_unweighted
220,SECOM-0220,DEMO-008,16/08/2008 14:30:00,0,0.013528577135680928,0,logistic_unweighted
1307,SECOM-1307,DEMO-052,05/10/2008 04:20:00,0,0.0005779383231451203,0,logistic_unweighted
537,SECOM-0537,DEMO-021,29/08/2008 14:18:00,0,0.000310400887288269,0,logistic_unweighted
1191,SECOM-1191,DEMO-047,30/09/2008 04:42:00,0,0.0003283279854629683,0,logistic_unweighted
234,SECOM-0234,DEMO-009,17/08/2008 15:25:00,0,0.06599646105700113,1,logistic_unweighted
51,SECOM-0051,DEMO-002,29/07/2008 21:07:00,0,5.0343813097676024e-05,0,logistic_unweighted
233,SECOM-0233,DEMO-009,17/08/2008 14:21:00,0,0.0033360688800907275,0,logistic_unweighted
572,SECOM-0572,DEMO-022,30/08/2008 08:42:00,0,0.0024550475692356184,0,logistic_unweighted
450,SECOM-0450,DEMO-018,27/08/2008 00:46:00,0,3.787831991218418e-06,0,logistic_unweighted
1048,SECOM-1048,DEMO-041,24/09/2008 03:32:00,0,4.5589007548731843e-07,0,logistic_unweighted
68,SECOM-0068,DEMO-002,01/08/2008 12:29:00,0,0.45484988930707887,1,logistic_unweighted
705,SECOM-0705,DEMO-028,02/09/2008 20:59:00,0,0.00023139764060525918,0,logistic_unweighted
390,SECOM-0390,DEMO-015,22/08/2008 00:44:00,0,0.0009668952636826852,0,logistic_unweighted
1081,SECOM-1081,DEMO-043,25/09/2008 14:08:00,0,2.068910603412891e-05,0,logistic_unweighted
621,SECOM-0621,DEMO-024,01/09/2008 00:53:00,0,1.2490308520685895e-06,0,logistic_unweighted
190,SECOM-0190,DEMO-007,11/08/2008 03:06:00,0,0.0007223600491123073,0,logistic_unweighted
706,SECOM-0706,DEMO-028,03/09/2008 00:18:00,0,5.983864534754892e-07,0,logistic_unweighted
798,SECOM-0798,DEMO-031,12/09/2008 05:11:00,0,3.3990111398372864e-08,0,logistic_unweighted
1,SECOM-0001,DEMO-000,19/07/2008 12:32:00,0,8.558532873462859e-05,0,logistic_unweighted
604,SECOM-0604,DEMO-024,31/08/2008 10:36:00,0,8.981318262473815e-09,0,logistic_unweighted
1437,SECOM-1437,DEMO-057,09/10/2008 00:23:00,0,2.3614051458996e-08,0,logistic_unweighted
434,SECOM-0434,DEMO-017,23/08/2008 05:57:00,0,0.2393789675082287,1,logistic_unweighted
714,SECOM-0714,DEMO-028,03/09/2008 14:24:00,0,0.0002460976674997644,0,logistic_unweighted
914,SECOM-0914,DEMO-036,19/09/2008 16:58:00,1,3.0437727201032115e-05,0,logistic_unweighted
24,SECOM-0024,DEMO-000,27/07/2008 04:18:00,0,4.857103574933364e-05,0,logistic_unweighted
1432,SECOM-1432,DEMO-057,08/10/2008 21:19:00,0,0.0444623833740558,0,logistic_unweighted
1103,SECOM-1103,DEMO-044,26/09/2008 14:20:00,0,0.000511281755180344,0,logistic_unweighted
837,SECOM-0837,DEMO-033,14/09/2008 17:40:00,0,1.33397260000394e-05,0,logistic_unweighted
345,SECOM-0345,DEMO-013,21/08/2008 02:11:00,0,0.1762316537580867,1,logistic_unweighted
1122,SECOM-1122,DEMO-044,27/09/2008 11:04:00,0,0.0032966868635888754,0,logistic_unweighted
1189,SECOM-1189,DEMO-047,30/09/2008 02:44:00,1,0.004343017172199535,0,logistic_unweighted
903,SECOM-0903,DEMO-036,19/09/2008 07:18:00,0,7.376084683445767e-06,0,logistic_unweighted
877,SECOM-0877,DEMO-035,18/09/2008 01:43:00,0,0.000242237031978032,0,logistic_unweighted
1529,SECOM-1529,DEMO-061,15/10/2008 10:00:00,0,2.8408707964381766e-09,0,logistic_unweighted
215,SECOM-0215,DEMO-008,16/08/2008 07:33:00,0,0.0003152179663173705,0,logistic_unweighted
569,SECOM-0569,DEMO-022,30/08/2008 07:54:00,0,0.000316261818201139,0,logistic_unweighted
1446,SECOM-1446,DEMO-057,10/10/2008 10:46:00,0,0.35024239267736723,1,logistic_unweighted
1057,SECOM-1057,DEMO-042,24/09/2008 10:59:00,0,9.223799693255825e-06,0,logistic_unweighted
1162,SECOM-1162,DEMO-046,28/09/2008 21:08:00,0,0.017323596160793747,0,logistic_unweighted
96,SECOM-0096,DEMO-003,04/08/2008 20:58:00,1,1.5989761297627547e-07,0,logistic_unweighted
765,SECOM-0765,DEMO-030,08/09/2008 20:00:00,0,2.9575041594273637e-06,0,logistic_unweighted
1038,SECOM-1038,DEMO-041,23/09/2008 15:58:00,0,0.0006750293452955515,0,logistic_unweighted
533,SECOM-0533,DEMO-021,29/08/2008 13:14:00,0,1.770396445832664e-05,0,logistic_unweighted
1563,SECOM-1563,DEMO-062,16/10/2008 20:49:00,0,0.06972797074302399,1,logistic_unweighted
11,SECOM-0011,DEMO-000,19/07/2008 22:52:00,1,0.17443242742637635,1,logistic_unweighted
1254,SECOM-1254,DEMO-050,02/10/2008 21:32:00,1,0.000456508540737463,0,logistic_unweighted
1334,SECOM-1334,DEMO-053,05/10/2008 22:13:00,0,0.002379016762267195,0,logistic_unweighted
1453,SECOM-1453,DEMO-058,10/10/2008 21:07:00,0,0.027342361639139497,0,logistic_unweighted
50,SECOM-0050,DEMO-002,29/07/2008 18:08:00,1,0.0001478423142581339,0,logistic_unweighted
399,SECOM-0399,DEMO-015,22/08/2008 03:18:00,0,0.004579454625405045,0,logistic_unweighted
1472,SECOM-1472,DEMO-058,12/10/2008 18:47:00,0,7.28333381311225e-06,0,logistic_unweighted
693,SECOM-0693,DEMO-027,02/09/2008 16:10:00,0,0.000549502888641608,0,logistic_unweighted
320,SECOM-0320,DEMO-012,20/08/2008 02:13:00,0,7.061090980052363e-06,0,logistic_unweighted
1385,SECOM-1385,DEMO-055,07/10/2008 03:39:00,0,0.4197360946354866,1,logistic_unweighted
26,SECOM-0026,DEMO-001,27/07/2008 11:10:00,0,0.0004865933842904662,0,logistic_unweighted
553,SECOM-0553,DEMO-022,30/08/2008 00:57:00,0,0.0005449506418108378,0,logistic_unweighted
712,SECOM-0712,DEMO-028,03/09/2008 06:26:00,0,9.019520154759259e-06,0,logistic_unweighted
153,SECOM-0153,DEMO-006,07/08/2008 11:10:00,0,0.5599628723400438,1,logistic_unweighted
846,SECOM-0846,DEMO-033,15/09/2008 02:04:00,0,0.001832834643922105,0,logistic_unweighted
1495,SECOM-1495,DEMO-059,14/10/2008 00:35:00,0,0.3317048011517496,1,logistic_unweighted
269,SECOM-0269,DEMO-010,18/08/2008 15:30:00,0,0.10692777453052914,1,logistic_unweighted
909,SECOM-0909,DEMO-036,19/09/2008 11:13:00,0,3.125690632916905e-05,0,logistic_unweighted
165,SECOM-0165,DEMO-006,09/08/2008 02:37:00,0,0.9929600973620756,1,logistic_unweighted
255,SECOM-0255,DEMO-010,18/08/2008 08:18:00,0,3.867320932956425e-05,0,logistic_unweighted
689,SECOM-0689,DEMO-027,02/09/2008 14:09:00,0,0.9999957629051416,1,logistic_unweighted
752,SECOM-0752,DEMO-030,08/09/2008 00:40:00,0,1.2685414620830197e-05,0,logistic_unweighted
209,SECOM-0209,DEMO-008,15/08/2008 20:00:00,0,0.1399326403534601,1,logistic_unweighted
1540,SECOM-1540,DEMO-061,15/10/2008 21:44:00,0,8.792872342734415e-05,0,logistic_unweighted
1328,SECOM-1328,DEMO-053,05/10/2008 16:49:00,1,0.0008210615004445142,0,logistic_unweighted
242,SECOM-0242,DEMO-009,18/08/2008 00:20:00,0,0.002911888513473751,0,logistic_unweighted
1486,SECOM-1486,DEMO-059,13/10/2008 19:40:00,0,1.2270481014184508e-06,0,logistic_unweighted
149,SECOM-0149,DEMO-005,07/08/2008 08:21:00,0,0.018397345757035673,0,logistic_unweighted
730,SECOM-0730,DEMO-029,04/09/2008 16:30:00,0,6.047382029113622e-09,0,logistic_unweighted
1411,SECOM-1411,DEMO-056,08/10/2008 04:47:00,0,0.010347616252522741,0,logistic_unweighted
1175,SECOM-1175,DEMO-047,29/09/2008 11:53:00,0,9.132495399053737e-07,0,logistic_unweighted
1565,SECOM-1565,DEMO-062,17/10/2008 06:01:00,0,0.035984133501796634,0,logistic_unweighted
1034,SECOM-1034,DEMO-041,23/09/2008 12:46:00,0,5.982302236579458e-05,0,logistic_unweighted
246,SECOM-0246,DEMO-009,18/08/2008 04:35:00,0,6.139506229380582e-10,0,logistic_unweighted
816,SECOM-0816,DEMO-032,12/09/2008 22:25:00,0,8.491819927493435e-06,0,logistic_unweighted
817,SECOM-0817,DEMO-032,12/09/2008 22:45:00,0,5.363208618684676e-05,0,logistic_unweighted
1351,SECOM-1351,DEMO-054,06/10/2008 07:17:00,0,1.9890277267458196e-06,0,logistic_unweighted
792,SECOM-0792,DEMO-031,11/09/2008 15:08:00,0,7.998336464653504e-05,0,logistic_unweighted
1166,SECOM-1166,DEMO-046,29/09/2008 02:06:00,0,0.042276631519344285,0,logistic_unweighted
893,SECOM-0893,DEMO-035,18/09/2008 23:44:00,0,0.0002707176536357658,0,logistic_unweighted
876,SECOM-0876,DEMO-035,18/09/2008 01:40:00,0,0.0011889279035494384,0,logistic_unweighted
1003,SECOM-1003,DEMO-040,22/09/2008 01:43:00,0,1.0350077888559448e-07,0,logistic_unweighted
283,SECOM-0283,DEMO-011,19/08/2008 04:58:00,0,0.0007226171117062962,0,logistic_unweighted
146,SECOM-0146,DEMO-005,06/08/2008 23:45:00,0,2.988804986690154e-05,0,logistic_unweighted
1491,SECOM-1491,DEMO-059,13/10/2008 21:47:00,0,1.1553189504246224e-06,0,logistic_unweighted
557,SECOM-0557,DEMO-022,30/08/2008 02:32:00,0,0.20633914075288073,1,logistic_unweighted
232,SECOM-0232,DEMO-009,17/08/2008 13:34:00,0,0.001770855118005938,0,logistic_unweighted
1314,SECOM-1314,DEMO-052,05/10/2008 09:04:00,0,3.83196667219189e-08,0,logistic_unweighted
58,SECOM-0058,DEMO-002,30/07/2008 21:16:00,1,2.4364811937532776e-08,0,logistic_unweighted
342,SECOM-0342,DEMO-013,20/08/2008 22:45:00,0,0.020766607213850603,0,logistic_unweighted
549,SECOM-0549,DEMO-021,29/08/2008 22:49:00,0,0.0056765340837033815,0,logistic_unweighted
116,SECOM-0116,DEMO-004,05/08/2008 07:48:00,0,0.0026814513153300547,0,logistic_unweighted
175,SECOM-0175,DEMO-007,09/08/2008 22:37:00,0,1.1436982426210461e-07,0,logistic_unweighted
1361,SECOM-1361,DEMO-054,06/10/2008 12:42:00,0,0.07705545496226139,1,logistic_unweighted
1152,SECOM-1152,DEMO-046,28/09/2008 17:05:00,0,2.6665834073517003e-05,0,logistic_unweighted
435,SECOM-0435,DEMO-017,23/08/2008 05:58:00,0,0.1386701393696773,1,logistic_unweighted
183,SECOM-0183,DEMO-007,10/08/2008 11:16:00,0,5.177984335512378e-09,0,logistic_unweighted
795,SECOM-0795,DEMO-031,11/09/2008 22:07:00,1,1.537948895183909e-07,0,logistic_unweighted
1225,SECOM-1225,DEMO-049,02/10/2008 00:21:00,0,0.9493928541198878,1,logistic_unweighted
946,SECOM-0946,DEMO-037,20/09/2008 12:26:00,0,0.00023851423501141457,0,logistic_unweighted
1442,SECOM-1442,DEMO-057,09/10/2008 15:04:00,0,0.002902980164096016,0,logistic_unweighted
264,SECOM-0264,DEMO-010,18/08/2008 14:01:00,0,0.0001073671043736431,0,logistic_unweighted
1236,SECOM-1236,DEMO-049,02/10/2008 08:52:00,0,0.00045781002359847176,0,logistic_unweighted
1229,SECOM-1229,DEMO-049,02/10/2008 04:11:00,0,0.023967816914477864,0,logistic_unweighted
44,SECOM-0044,DEMO-001,29/07/2008 06:19:00,0,1.5400439758610916e-06,0,logistic_unweighted
449,SECOM-0449,DEMO-017,25/08/2008 09:29:00,0,0.0008776866342885887,0,logistic_unweighted
1316,SECOM-1316,DEMO-052,05/10/2008 10:00:00,0,6.787181049200894e-07,0,logistic_unweighted
31,SECOM-0031,DEMO-001,27/07/2008 22:28:00,0,0.00108076372453841,0,logistic_unweighted
1315,SECOM-1315,DEMO-052,05/10/2008 09:47:00,0,0.17654206698749755,1,logistic_unweighted
1005,SECOM-1005,DEMO-040,22/09/2008 06:05:00,0,2.82730043366529e-05,0,logistic_unweighted
1424,SECOM-1424,DEMO-056,08/10/2008 14:48:00,0,0.0004586418242838106,0,logistic_unweighted
465,SECOM-0465,DEMO-018,28/08/2008 04:54:00,0,0.0016554084085750188,0,logistic_unweighted
41,SECOM-0041,DEMO-001,28/07/2008 23:57:00,0,8.972622889759252e-05,0,logistic_unweighted
1431,SECOM-1431,DEMO-057,08/10/2008 20:27:00,0,0.0006006543546304102,0,logistic_unweighted
459,SECOM-0459,DEMO-018,28/08/2008 03:04:00,0,2.4627614297059824e-05,0,logistic_unweighted
130,SECOM-0130,DEMO-005,06/08/2008 03:22:00,0,3.442119882548017e-07,0,logistic_unweighted
709,SECOM-0709,DEMO-028,03/09/2008 01:15:00,1,1.4433477159002253e-06,0,logistic_unweighted
461,SECOM-0461,DEMO-018,28/08/2008 03:38:00,0,4.4950068164931785e-08,0,logistic_unweighted
104,SECOM-0104,DEMO-004,05/08/2008 02:45:00,0,4.5554863922696585e-06,0,logistic_unweighted
1345,SECOM-1345,DEMO-053,06/10/2008 05:21:00,0,0.015175381947454051,0,logistic_unweighted
1031,SECOM-1031,DEMO-041,23/09/2008 11:43:00,0,0.0010590270969714078,0,logistic_unweighted
713,SECOM-0713,DEMO-028,03/09/2008 09:38:00,0,4.643419624100851e-05,0,logistic_unweighted
652,SECOM-0652,DEMO-026,02/09/2008 02:02:00,0,0.00010317093230188396,0,logistic_unweighted
1097,SECOM-1097,DEMO-043,26/09/2008 03:29:00,0,0.014260572958270677,0,logistic_unweighted
1242,SECOM-1242,DEMO-049,02/10/2008 14:10:00,1,0.13959507503624163,1,logistic_unweighted
1439,SECOM-1439,DEMO-057,09/10/2008 06:06:00,0,1.2084693880802864e-05,0,logistic_unweighted
1140,SECOM-1140,DEMO-045,27/09/2008 21:45:00,0,0.00015738175540524015,0,logistic_unweighted
1004,SECOM-1004,DEMO-040,22/09/2008 03:51:00,0,9.043137527260365e-08,0,logistic_unweighted
1552,SECOM-1552,DEMO-062,16/10/2008 04:02:00,0,0.0015290567557548567,0,logistic_unweighted
928,SECOM-0928,DEMO-037,19/09/2008 21:14:00,0,4.081222227970916e-07,0,logistic_unweighted
48,SECOM-0048,DEMO-001,29/07/2008 15:49:00,1,0.00018060033165305547,0,logistic_unweighted
527,SECOM-0527,DEMO-021,29/08/2008 08:41:00,0,6.126863649810914e-07,0,logistic_unweighted
967,SECOM-0967,DEMO-038,20/09/2008 19:21:00,0,8.376618169197811e-05,0,logistic_unweighted
535,SECOM-0535,DEMO-021,29/08/2008 13:49:00,0,0.00048795778027738645,0,logistic_unweighted
828,SECOM-0828,DEMO-033,13/09/2008 14:07:00,0,0.014641840192356667,0,logistic_unweighted
1354,SECOM-1354,DEMO-054,06/10/2008 08:24:00,0,1.0072126183650035e-09,0,logistic_unweighted
726,SECOM-0726,DEMO-029,04/09/2008 11:50:00,0,0.3328152421783534,1,logistic_unweighted
1370,SECOM-1370,DEMO-054,06/10/2008 17:26:00,0,4.071072191134201e-08,0,logistic_unweighted
1294,SECOM-1294,DEMO-051,04/10/2008 18:15:00,0,0.8929429520818637,1,logistic_unweighted
630,SECOM-0630,DEMO-025,01/09/2008 09:54:00,0,0.00012257651684559185,0,logistic_unweighted
268,SECOM-0268,DEMO-010,18/08/2008 15:26:00,0,2.8480920618030057e-06,0,logistic_unweighted
844,SECOM-0844,DEMO-033,14/09/2008 21:31:00,0,0.031108350839755498,0,logistic_unweighted
1204,SECOM-1204,DEMO-048,30/09/2008 21:39:00,0,0.02280165110978953,0,logistic_unweighted
1259,SECOM-1259,DEMO-050,02/10/2008 23:32:00,0,0.0017790096841865197,0,logistic_unweighted
366,SECOM-0366,DEMO-014,21/08/2008 15:48:00,0,3.6788362222406918e-06,0,logistic_unweighted
1184,SECOM-1184,DEMO-047,29/09/2008 21:26:00,0,0.002701039165324314,0,logistic_unweighted
1095,SECOM-1095,DEMO-043,26/09/2008 02:26:00,0,0.00036370471404887896,0,logistic_unweighted
1528,SECOM-1528,DEMO-061,15/10/2008 09:11:00,0,2.487104474637027e-07,0,logistic_unweighted
1239,SECOM-1239,DEMO-049,02/10/2008 09:42:00,0,3.7284155284630256e-06,0,logistic_unweighted
397,SECOM-0397,DEMO-015,22/08/2008 02:25:00,0,0.0004954729172350297,0,logistic_unweighted
17,SECOM-0017,DEMO-000,22/07/2008 08:41:00,0,0.9999999574382084,1,logistic_unweighted
1205,SECOM-1205,DEMO-048,30/09/2008 21:42:00,0,0.0197997558161201,0,logistic_unweighted
899,SECOM-0899,DEMO-035,19/09/2008 05:57:00,0,0.02033132837948923,0,logistic_unweighted
112,SECOM-0112,DEMO-004,05/08/2008 06:11:00,0,0.00015067003380764434,0,logistic_unweighted
530,SECOM-0530,DEMO-021,29/08/2008 12:22:00,0,0.03302762158841841,0,logistic_unweighted
364,SECOM-0364,DEMO-014,21/08/2008 15:06:00,0,0.0027320245556435863,0,logistic_unweighted
754,SECOM-0754,DEMO-030,08/09/2008 03:32:00,0,0.00034718563584805137,0,logistic_unweighted
1032,SECOM-1032,DEMO-041,23/09/2008 12:29:00,0,0.09101336738508174,1,logistic_unweighted
708,SECOM-0708,DEMO-028,03/09/2008 00:58:00,0,0.016312521969600962,0,logistic_unweighted
1148,SECOM-1148,DEMO-045,28/09/2008 07:52:00,0,1.2950976913638338e-06,0,logistic_unweighted
189,SECOM-0189,DEMO-007,10/08/2008 22:26:00,1,0.9429353433839176,1,logistic_unweighted
460,SECOM-0460,DEMO-018,28/08/2008 03:29:00,0,0.00044969915906095285,0,logistic_unweighted
666,SECOM-0666,DEMO-026,02/09/2008 07:22:00,0,3.839585973301437e-07,0,logistic_unweighted
1367,SECOM-1367,DEMO-054,06/10/2008 15:52:00,0,0.0006771629291825859,0,logistic_unweighted
531,SECOM-0531,DEMO-021,29/08/2008 12:37:00,0,0.0006461304309724474,0,logistic_unweighted
1027,SECOM-1027,DEMO-041,23/09/2008 08:11:00,0,0.07362721650633995,1,logistic_unweighted
725,SECOM-0725,DEMO-029,04/09/2008 08:53:00,0,1.563806856831942e-05,0,logistic_unweighted
627,SECOM-0627,DEMO-025,01/09/2008 08:18:00,0,4.113509007595619e-08,0,logistic_unweighted
868,SECOM-0868,DEMO-034,16/09/2008 21:21:00,0,1.1533195674929427e-05,0,logistic_unweighted
1037,SECOM-1037,DEMO-041,23/09/2008 15:33:00,0,0.00021542621678924726,0,logistic_unweighted
21,SECOM-0021,DEMO-000,23/07/2008 05:15:00,0,0.04028434794991857,0,logistic_unweighted
1209,SECOM-1209,DEMO-048,01/10/2008 01:11:00,0,0.0006011769862972209,0,logistic_unweighted
1412,SECOM-1412,DEMO-056,08/10/2008 05:35:00,0,0.00021057854259180184,0,logistic_unweighted
707,SECOM-0707,DEMO-028,03/09/2008 00:45:00,0,0.0019575812118202236,0,logistic_unweighted
959,SECOM-0959,DEMO-038,20/09/2008 16:43:00,0,8.887311753751207e-07,0,logistic_unweighted
1336,SECOM-1336,DEMO-053,06/10/2008 01:25:00,0,0.00043313897718061915,0,logistic_unweighted
154,SECOM-0154,DEMO-006,07/08/2008 11:40:00,1,0.00010109457652224865,0,logistic_unweighted
1353,SECOM-1353,DEMO-054,06/10/2008 07:38:00,0,2.3418736287402337e-08,0,logistic_unweighted
1116,SECOM-1116,DEMO-044,27/09/2008 00:16:00,0,0.0020004295423170586,0,logistic_unweighted
1231,SECOM-1231,DEMO-049,02/10/2008 04:24:00,0,6.607529096422229e-05,0,logistic_unweighted
1142,SECOM-1142,DEMO-045,28/09/2008 01:22:00,0,0.11291124918704397,1,logistic_unweighted
23,SECOM-0023,DEMO-000,25/07/2008 15:23:00,1,2.4597972857917186e-05,0,logistic_unweighted
751,SECOM-0751,DEMO-030,08/09/2008 00:32:00,0,0.0005790915756334208,0,logistic_unweighted
25,SECOM-0025,DEMO-001,27/07/2008 09:37:00,0,1.7009005325815036e-09,0,logistic_unweighted
1433,SECOM-1433,DEMO-057,08/10/2008 21:45:00,0,1.8822724732593576e-06,0,logistic_unweighted
973,SECOM-0973,DEMO-038,21/09/2008 03:47:00,0,0.0002937479948486705,0,logistic_unweighted
383,SECOM-0383,DEMO-015,21/08/2008 22:25:00,0,1.6195546840588938e-05,0,logistic_unweighted
811,SECOM-0811,DEMO-032,12/09/2008 18:01:00,0,0.0007723956784379783,0,logistic_unweighted
1137,SECOM-1137,DEMO-045,27/09/2008 18:14:00,0,0.43012805082631655,1,logistic_unweighted
571,SECOM-0571,DEMO-022,30/08/2008 08:29:00,0,0.00770900384004697,0,logistic_unweighted
698,SECOM-0698,DEMO-027,02/09/2008 17:18:00,0,2.207038956123747e-08,0,logistic_unweighted
678,SECOM-0678,DEMO-027,02/09/2008 11:47:00,0,0.00015860658773117896,0,logistic_unweighted
989,SECOM-0989,DEMO-039,21/09/2008 15:15:00,0,3.6519712972832774e-06,0,logistic_unweighted
1237,SECOM-1237,DEMO-049,02/10/2008 08:57:00,0,2.1151616247942882e-08,0,logistic_unweighted
1398,SECOM-1398,DEMO-055,07/10/2008 11:36:00,0,0.00013151290943648795,0,logistic_unweighted
174,SECOM-0174,DEMO-006,09/08/2008 22:15:00,0,0.7059733596461409,1,logistic_unweighted
1522,SECOM-1522,DEMO-060,15/10/2008 05:13:00,0,4.5963433138800577e-05,0,logistic_unweighted
288,SECOM-0288,DEMO-011,19/08/2008 05:41:00,0,4.997271923383788e-05,0,logistic_unweighted
1310,SECOM-1310,DEMO-052,05/10/2008 05:53:00,0,9.654247428443683e-06,0,logistic_unweighted
643,SECOM-0643,DEMO-025,01/09/2008 23:59:00,0,0.8344719031911563,1,logistic_unweighted
1482,SECOM-1482,DEMO-059,13/10/2008 15:42:00,0,1.2530037485081855e-05,0,logistic_unweighted
847,SECOM-0847,DEMO-033,15/09/2008 10:03:00,0,0.01052426853588102,0,logistic_unweighted
245,SECOM-0245,DEMO-009,18/08/2008 04:12:00,0,0.5479200937508704,1,logistic_unweighted
219,SECOM-0219,DEMO-008,16/08/2008 13:51:00,0,0.0009552572140226147,0,logistic_unweighted
1080,SECOM-1080,DEMO-043,25/09/2008 13:42:00,0,0.5309642139335498,1,logistic_unweighted
545,SECOM-0545,DEMO-021,29/08/2008 21:46:00,0,5.258389602147641e-07,0,logistic_unweighted
313,SECOM-0313,DEMO-012,19/08/2008 18:30:00,0,3.659972467859661e-05,0,logistic_unweighted
1219,SECOM-1219,DEMO-048,01/10/2008 16:43:00,0,0.1100786352310268,1,logistic_unweighted
444,SECOM-0444,DEMO-017,24/08/2008 07:12:00,0,3.976618156068139e-05,0,logistic_unweighted
956,SECOM-0956,DEMO-038,20/09/2008 15:19:00,0,2.5217877352424985e-13,0,logistic_unweighted
296,SECOM-0296,DEMO-011,19/08/2008 08:07:00,0,1.3290497987172294e-09,0,logistic_unweighted
344,SECOM-0344,DEMO-013,20/08/2008 23:43:00,1,2.1012817958241637e-06,0,logistic_unweighted
972,SECOM-0972,DEMO-038,21/09/2008 03:04:00,0,1.5898981347717665e-06,0,logistic_unweighted
720,SECOM-0720,DEMO-028,03/09/2008 20:10:00,0,0.050488477537170506,1,logistic_unweighted
1138,SECOM-1138,DEMO-045,27/09/2008 19:16:00,0,0.1738619513950209,1,logistic_unweighted
563,SECOM-0563,DEMO-022,30/08/2008 04:55:00,0,0.001063312175399387,0,logistic_unweighted
1541,SECOM-1541,DEMO-061,15/10/2008 22:45:00,0,0.012346300813609006,0,logistic_unweighted
1098,SECOM-1098,DEMO-043,26/09/2008 04:14:00,0,7.668035679704981e-06,0,logistic_unweighted
187,SECOM-0187,DEMO-007,10/08/2008 19:07:00,0,0.19601067263245803,1,logistic_unweighted
786,SECOM-0786,DEMO-031,11/09/2008 12:47:00,0,0.9921585309745985,1,logistic_unweighted
228,SECOM-0228,DEMO-009,17/08/2008 03:46:00,0,0.11377601135272508,1,logistic_unweighted
18,SECOM-0018,DEMO-000,22/07/2008 11:47:00,0,0.13796247505271386,1,logistic_unweighted
674,SECOM-0674,DEMO-026,02/09/2008 10:25:00,0,4.0573608107578865e-07,0,logistic_unweighted
905,SECOM-0905,DEMO-036,19/09/2008 08:52:00,0,9.119131169391003e-06,0,logistic_unweighted
176,SECOM-0176,DEMO-007,09/08/2008 23:17:00,0,0.7165251998498071,1,logistic_unweighted
352,SECOM-0352,DEMO-014,21/08/2008 11:22:00,0,6.898314440479042e-08,0,logistic_unweighted
887,SECOM-0887,DEMO-035,18/09/2008 18:12:00,0,0.001242799061880349,0,logistic_unweighted
173,SECOM-0173,DEMO-006,09/08/2008 21:07:00,0,5.809172902939582e-13,0,logistic_unweighted
1407,SECOM-1407,DEMO-056,07/10/2008 19:24:00,0,6.14225143561111e-05,0,logistic_unweighted
1352,SECOM-1352,DEMO-054,06/10/2008 07:35:00,0,3.530128656083029e-05,0,logistic_unweighted
520,SECOM-0520,DEMO-020,29/08/2008 07:18:00,0,0.0015382277030031105,0,logistic_unweighted
834,SECOM-0834,DEMO-033,14/09/2008 15:02:00,0,0.0005372638338730433,0,logistic_unweighted
464,SECOM-0464,DEMO-018,28/08/2008 04:20:00,0,0.0001411874712527022,0,logistic_unweighted
476,SECOM-0476,DEMO-019,28/08/2008 10:28:00,0,3.198383144159751e-06,0,logistic_unweighted
515,SECOM-0515,DEMO-020,29/08/2008 06:35:00,0,0.05324090415476221,1,logistic_unweighted
953,SECOM-0953,DEMO-038,20/09/2008 14:50:00,0,0.00028459611866922296,0,logistic_unweighted
440,SECOM-0440,DEMO-017,23/08/2008 15:10:00,0,0.0002042579502671028,0,logistic_unweighted
872,SECOM-0872,DEMO-034,17/09/2008 07:14:00,0,0.5100770727192254,1,logistic_unweighted
392,SECOM-0392,DEMO-015,22/08/2008 01:04:00,1,0.001121948948242516,0,logistic_unweighted
512,SECOM-0512,DEMO-020,29/08/2008 05:54:00,0,3.3575872203120165e-06,0,logistic_unweighted
1456,SECOM-1456,DEMO-058,11/10/2008 06:56:00,0,2.6557301976190798e-11,0,logistic_unweighted
287,SECOM-0287,DEMO-011,19/08/2008 05:40:00,0,0.0007628517752106537,0,logistic_unweighted
121,SECOM-0121,DEMO-004,05/08/2008 15:45:00,0,0.997875048497172,1,logistic_unweighted
1094,SECOM-1094,DEMO-043,26/09/2008 01:21:00,0,5.7390081264825785e-05,0,logistic_unweighted
337,SECOM-0337,DEMO-013,20/08/2008 20:19:00,0,5.450423784823494e-10,0,logistic_unweighted
1249,SECOM-1249,DEMO-049,02/10/2008 17:00:00,0,0.7140621184836011,1,logistic_unweighted
629,SECOM-0629,DEMO-025,01/09/2008 09:19:00,0,0.0003709823696472079,0,logistic_unweighted
1397,SECOM-1397,DEMO-055,07/10/2008 11:16:00,0,0.9994470110755547,1,logistic_unweighted
748,SECOM-0748,DEMO-029,07/09/2008 20:12:00,0,0.04280883496751218,0,logistic_unweighted
1274,SECOM-1274,DEMO-050,03/10/2008 19:23:00,0,4.25602891906462e-05,0,logistic_unweighted
1106,SECOM-1106,DEMO-044,26/09/2008 15:36:00,0,0.0005327180655371673,0,logistic_unweighted
691,SECOM-0691,DEMO-027,02/09/2008 14:34:00,0,0.09834994345841531,1,logistic_unweighted
1537,SECOM-1537,DEMO-061,15/10/2008 18:16:00,0,3.2294235745552953e-07,0,logistic_unweighted
20,SECOM-0020,DEMO-000,22/07/2008 15:30:00,0,1.9060395516839188e-06,0,logistic_unweighted
496,SECOM-0496,DEMO-019,28/08/2008 21:03:00,0,5.764653576954103e-05,0,logistic_unweighted
325,SECOM-0325,DEMO-013,20/08/2008 07:12:00,0,0.10832294198557503,1,logistic_unweighted
1099,SECOM-1099,DEMO-043,26/09/2008 05:32:00,0,1.0589667208179993e-05,0,logistic_unweighted
502,SECOM-0502,DEMO-020,29/08/2008 01:06:00,0,0.000513953285864947,0,logistic_unweighted
611,SECOM-0611,DEMO-024,31/08/2008 20:24:00,0,1.1458690853283789e-06,0,logistic_unweighted
79,SECOM-0079,DEMO-003,03/08/2008 17:58:00,0,6.971487197926184e-06,0,logistic_unweighted
582,SECOM-0582,DEMO-023,30/08/2008 11:57:00,0,0.0009901905274380606,0,logistic_unweighted
1466,SECOM-1466,DEMO-058,12/10/2008 00:57:00,0,7.248788220392889e-10,0,logistic_unweighted
776,SECOM-0776,DEMO-031,10/09/2008 21:56:00,0,0.0001612292360674058,0,logistic_unweighted
518,SECOM-0518,DEMO-020,29/08/2008 06:45:00,1,0.30747621570537476,1,logistic_unweighted
818,SECOM-0818,DEMO-032,12/09/2008 23:28:00,0,5.4877932361923944e-05,0,logistic_unweighted
954,SECOM-0954,DEMO-038,20/09/2008 14:53:00,0,1.8301394547170155e-06,0,logistic_unweighted
947,SECOM-0947,DEMO-037,20/09/2008 12:27:00,0,4.633576475466967e-05,0,logistic_unweighted
658,SECOM-0658,DEMO-026,02/09/2008 03:35:00,0,0.0013985339674809116,0,logistic_unweighted
939,SECOM-0939,DEMO-037,20/09/2008 05:34:00,0,5.450653764414316e-06,0,logistic_unweighted
855,SECOM-0855,DEMO-034,15/09/2008 22:45:00,0,0.0001130304978465975,0,logistic_unweighted
1360,SECOM-1360,DEMO-054,06/10/2008 12:39:00,0,0.007570577108346372,0,logistic_unweighted
178,SECOM-0178,DEMO-007,10/08/2008 00:09:00,0,0.15283474525595442,1,logistic_unweighted
1129,SECOM-1129,DEMO-045,27/09/2008 13:19:00,0,0.016387098484119404,0,logistic_unweighted
1150,SECOM-1150,DEMO-046,28/09/2008 08:41:00,0,0.031714860445297546,0,logistic_unweighted
1333,SECOM-1333,DEMO-053,05/10/2008 20:30:00,0,0.03892942635305276,0,logistic_unweighted
457,SECOM-0457,DEMO-018,27/08/2008 22:58:00,0,0.9999999025631268,1,logistic_unweighted
1375,SECOM-1375,DEMO-055,06/10/2008 19:42:00,0,6.749118887939946e-05,0,logistic_unweighted
1070,SECOM-1070,DEMO-042,25/09/2008 02:03:00,0,0.023989611064766683,0,logistic_unweighted
141,SECOM-0141,DEMO-005,06/08/2008 20:00:00,0,2.1869241302490376e-05,0,logistic_unweighted
1268,SECOM-1268,DEMO-050,03/10/2008 06:15:00,0,5.109540938627643e-06,0,logistic_unweighted
1344,SECOM-1344,DEMO-053,06/10/2008 04:26:00,0,0.019540766974791214,0,logistic_unweighted
1396,SECOM-1396,DEMO-055,07/10/2008 11:15:00,0,0.10943345756839226,1,logistic_unweighted
932,SECOM-0932,DEMO-037,20/09/2008 00:18:00,0,1.4282013813886797e-06,0,logistic_unweighted
1036,SECOM-1036,DEMO-041,23/09/2008 15:23:00,0,0.11739881214889294,1,logistic_unweighted
1366,SECOM-1366,DEMO-054,06/10/2008 15:01:00,0,0.0019205423244248658,0,logistic_unweighted
865,SECOM-0865,DEMO-034,16/09/2008 18:23:00,0,0.00018373084430537134,0,logistic_unweighted
1479,SECOM-1479,DEMO-059,13/10/2008 14:30:00,0,5.207463445175763e-06,0,logistic_unweighted
1271,SECOM-1271,DEMO-050,03/10/2008 11:40:00,0,0.00023166193800257007,0,logistic_unweighted
579,SECOM-0579,DEMO-023,30/08/2008 11:12:00,0,0.011311996271999348,0,logistic_unweighted
524,SECOM-0524,DEMO-020,29/08/2008 07:33:00,0,6.723273875291612e-05,0,logistic_unweighted
793,SECOM-0793,DEMO-031,11/09/2008 16:28:00,0,0.005824960033802421,0,logistic_unweighted
862,SECOM-0862,DEMO-034,16/09/2008 09:37:00,0,1.6830407546627832e-06,0,logistic_unweighted
978,SECOM-0978,DEMO-039,21/09/2008 08:22:00,0,0.00022082034934648692,0,logistic_unweighted
635,SECOM-0635,DEMO-025,01/09/2008 20:51:00,0,0.003270432551000464,0,logistic_unweighted
912,SECOM-0912,DEMO-036,19/09/2008 15:31:00,0,0.2552281428531982,1,logistic_unweighted
750,SECOM-0750,DEMO-030,07/09/2008 23:33:00,0,0.005457828125781241,0,logistic_unweighted
1441,SECOM-1441,DEMO-057,09/10/2008 14:15:00,0,2.788644835430096e-05,0,logistic_unweighted
1309,SECOM-1309,DEMO-052,05/10/2008 05:31:00,0,0.008928134855974344,0,logistic_unweighted
306,SECOM-0306,DEMO-012,19/08/2008 11:46:00,0,0.00328812860833403,0,logistic_unweighted
1531,SECOM-1531,DEMO-061,15/10/2008 13:14:00,0,0.0013884091344971237,0,logistic_unweighted
769,SECOM-0769,DEMO-030,09/09/2008 00:25:00,0,3.084972072822668e-05,0,logistic_unweighted
1305,SECOM-1305,DEMO-052,05/10/2008 01:35:00,0,0.0006198328284631278,0,logistic_unweighted
1283,SECOM-1283,DEMO-051,03/10/2008 22:53:00,0,0.3141641210283192,1,logistic_unweighted
326,SECOM-0326,DEMO-013,20/08/2008 08:40:00,1,0.002507755002186514,0,logistic_unweighted
458,SECOM-0458,DEMO-018,28/08/2008 03:03:00,0,1.9238704755109114e-05,0,logistic_unweighted
9,SECOM-0009,DEMO-000,19/07/2008 21:35:00,0,0.0028723992128607515,0,logistic_unweighted
615,SECOM-0615,DEMO-024,31/08/2008 22:32:00,0,4.142529010232958e-06,0,logistic_unweighted
1208,SECOM-1208,DEMO-048,01/10/2008 00:20:00,0,0.8767760920073835,1,logistic_unweighted
936,SECOM-0936,DEMO-037,20/09/2008 04:28:00,0,2.1022249104456346e-08,0,logistic_unweighted
1350,SECOM-1350,DEMO-054,06/10/2008 07:12:00,0,6.837578940357957e-06,0,logistic_unweighted
1222,SECOM-1222,DEMO-048,01/10/2008 21:50:00,0,3.3142470174829445e-05,0,logistic_unweighted
1218,SECOM-1218,DEMO-048,01/10/2008 15:16:00,0,0.4286409068402602,1,logistic_unweighted
1197,SECOM-1197,DEMO-047,30/09/2008 15:16:00,0,1.0517336342337074e-07,0,logistic_unweighted
5,SECOM-0005,DEMO-000,19/07/2008 17:53:00,0,0.9981930020612978,1,logistic_unweighted
307,SECOM-0307,DEMO-012,19/08/2008 11:57:00,0,0.0033009172399847907,0,logistic_unweighted
336,SECOM-0336,DEMO-013,20/08/2008 19:20:00,1,0.0009353915936040635,0,logistic_unweighted
1052,SECOM-1052,DEMO-042,24/09/2008 06:13:00,0,0.00013126805774242546,0,logistic_unweighted
1357,SECOM-1357,DEMO-054,06/10/2008 09:57:00,0,0.0006330288762433057,0,logistic_unweighted
1364,SECOM-1364,DEMO-054,06/10/2008 13:55:00,1,0.04032497433737369,0,logistic_unweighted
1382,SECOM-1382,DEMO-055,06/10/2008 23:03:00,0,6.2788554674920944e-06,0,logistic_unweighted
1245,SECOM-1245,DEMO-049,02/10/2008 15:44:00,0,0.0016606881205042212,0,logistic_unweighted
640,SECOM-0640,DEMO-025,01/09/2008 23:28:00,0,5.429697392292161e-10,0,logistic_unweighted
1390,SECOM-1390,DEMO-055,07/10/2008 09:11:00,0,0.00299099418362927,0,logistic_unweighted
576,SECOM-0576,DEMO-023,30/08/2008 09:45:00,1,0.10540544231800529,1,logistic_unweighted
1295,SECOM-1295,DEMO-051,04/10/2008 18:25:00,0,0.00010770096090184297,0,logistic_unweighted
550,SECOM-0550,DEMO-022,29/08/2008 22:56:00,0,0.013434885229411416,0,logistic_unweighted
372,SECOM-0372,DEMO-014,21/08/2008 18:04:00,0,0.001230875826868628,0,logistic_unweighted
1499,SECOM-1499,DEMO-059,14/10/2008 13:13:00,0,0.001899351052655088,0,logistic_unweighted
231,SECOM-0231,DEMO-009,17/08/2008 12:16:00,1,6.024593892109986e-05,0,logistic_unweighted
672,SECOM-0672,DEMO-026,02/09/2008 10:13:00,0,2.9298058730733126e-11,0,logistic_unweighted
1474,SECOM-1474,DEMO-058,13/10/2008 03:53:00,0,0.00025280559105937656,0,logistic_unweighted
331,SECOM-0331,DEMO-013,20/08/2008 17:09:00,0,7.352548885367353e-06,0,logistic_unweighted
1073,SECOM-1073,DEMO-042,25/09/2008 07:58:00,0,2.3370961729199135e-05,0,logistic_unweighted
1525,SECOM-1525,DEMO-061,15/10/2008 07:36:00,0,0.00021107641224044467,0,logistic_unweighted
753,SECOM-0753,DEMO-030,08/09/2008 01:24:00,0,3.882937020417787e-06,0,logistic_unweighted
715,SECOM-0715,DEMO-028,03/09/2008 14:29:00,0,0.0001036638999349071,0,logistic_unweighted
1226,SECOM-1226,DEMO-049,02/10/2008 00:22:00,0,0.0010526186021122478,0,logistic_unweighted
930,SECOM-0930,DEMO-037,19/09/2008 23:26:00,0,0.00018178857582159305,0,logistic_unweighted
1058,SECOM-1058,DEMO-042,24/09/2008 11:47:00,0,1.8080012254368597e-09,0,logistic_unweighted
238,SECOM-0238,DEMO-009,17/08/2008 23:04:00,1,0.0009202932444400924,0,logistic_unweighted
1272,SECOM-1272,DEMO-050,03/10/2008 12:31:00,0,0.9702432843394299,1,logistic_unweighted
442,SECOM-0442,DEMO-017,24/08/2008 02:32:00,0,2.2680305659097523e-05,0,logistic_unweighted
424,SECOM-0424,DEMO-016,22/08/2008 19:14:00,1,0.05886516092284978,1,logistic_unweighted
1493,SECOM-1493,DEMO-059,13/10/2008 22:48:00,0,0.018789665157416657,0,logistic_unweighted
1282,SECOM-1282,DEMO-051,03/10/2008 22:08:00,0,0.007136554952844802,0,logistic_unweighted
1377,SECOM-1377,DEMO-055,06/10/2008 20:36:00,0,0.038266666666666664,0,random_forest_unweighted
1212,SECOM-1212,DEMO-048,01/10/2008 07:19:00,0,0.03186666666666667,0,random_forest_unweighted
907,SECOM-0907,DEMO-036,19/09/2008 09:47:00,0,0.016333333333333335,0,random_forest_unweighted
766,SECOM-0766,DEMO-030,08/09/2008 21:36:00,0,0.05333333333333333,0,random_forest_unweighted
600,SECOM-0600,DEMO-024,31/08/2008 02:57:00,0,0.026600000000000002,0,random_forest_unweighted
297,SECOM-0297,DEMO-011,19/08/2008 08:33:00,0,0.15006666666666665,1,random_forest_unweighted
820,SECOM-0820,DEMO-032,13/09/2008 00:25:00,0,0.025799999999999997,0,random_forest_unweighted
500,SECOM-0500,DEMO-020,28/08/2008 23:42:00,0,0.027,0,random_forest_unweighted
1123,SECOM-1123,DEMO-044,27/09/2008 11:45:00,0,0.1479238095238095,1,random_forest_unweighted
1213,SECOM-1213,DEMO-048,01/10/2008 07:28:00,0,0.04966666666666667,0,random_forest_unweighted
1543,SECOM-1543,DEMO-061,15/10/2008 23:00:00,0,0.06526666666666667,0,random_forest_unweighted
1157,SECOM-1157,DEMO-046,28/09/2008 18:43:00,0,0.11126666666666667,1,random_forest_unweighted
108,SECOM-0108,DEMO-004,05/08/2008 04:32:00,0,0.07813333333333335,1,random_forest_unweighted
170,SECOM-0170,DEMO-006,09/08/2008 17:34:00,0,0.10113333333333333,1,random_forest_unweighted
570,SECOM-0570,DEMO-022,30/08/2008 08:10:00,0,0.058666666666666666,0,random_forest_unweighted
1134,SECOM-1134,DEMO-045,27/09/2008 15:30:00,0,0.08885714285714287,1,random_forest_unweighted
1448,SECOM-1448,DEMO-057,10/10/2008 12:30:00,0,0.0658,0,random_forest_unweighted
216,SECOM-0216,DEMO-008,16/08/2008 08:39:00,0,0.05419047619047619,0,random_forest_unweighted
850,SECOM-0850,DEMO-034,15/09/2008 16:10:00,0,0.03523809523809524,0,random_forest_unweighted
1049,SECOM-1049,DEMO-041,24/09/2008 03:40:00,0,0.008666666666666666,0,random_forest_unweighted
1477,SECOM-1477,DEMO-059,13/10/2008 14:06:00,0,0.07733333333333334,1,random_forest_unweighted
62,SECOM-0062,DEMO-002,31/07/2008 20:18:00,1,0.1484666666666667,1,random_forest_unweighted
42,SECOM-0042,DEMO-001,29/07/2008 04:08:00,0,0.07733333333333332,1,random_forest_unweighted
628,SECOM-0628,DEMO-025,01/09/2008 09:06:00,0,0.03633333333333333,0,random_forest_unweighted
1156,SECOM-1156,DEMO-046,28/09/2008 18:34:00,0,0.05766666666666667,0,random_forest_unweighted
140,SECOM-0140,DEMO-005,06/08/2008 19:24:00,0,0.08179999999999998,1,random_forest_unweighted
866,SECOM-0866,DEMO-034,16/09/2008 19:34:00,0,0.06813333333333334,0,random_forest_unweighted
369,SECOM-0369,DEMO-014,21/08/2008 16:36:00,0,0.019600000000000003,0,random_forest_unweighted
996,SECOM-0996,DEMO-039,21/09/2008 19:19:00,0,0.054352380952380965,0,random_forest_unweighted
258,SECOM-0258,DEMO-010,18/08/2008 11:04:00,0,0.08026666666666667,1,random_forest_unweighted
1033,SECOM-1033,DEMO-041,23/09/2008 12:31:00,0,0.12618095238095237,1,random_forest_unweighted
355,SECOM-0355,DEMO-014,21/08/2008 12:33:00,0,0.0751904761904762,1,random_forest_unweighted
840,SECOM-0840,DEMO-033,14/09/2008 19:13:00,0,0.017,0,random_forest_unweighted
1394,SECOM-1394,DEMO-055,07/10/2008 10:10:00,0,0.04393333333333333,0,random_forest_unweighted
1478,SECOM-1478,DEMO-059,13/10/2008 14:29:00,0,0.058666666666666666,0,random_forest_unweighted
1421,SECOM-1421,DEMO-056,08/10/2008 12:11:00,0,0.008,0,random_forest_unweighted
195,SECOM-0195,DEMO-007,12/08/2008 04:23:00,0,0.1313619047619048,1,random_forest_unweighted
455,SECOM-0455,DEMO-018,27/08/2008 17:14:00,0,0.050333333333333334,0,random_forest_unweighted
587,SECOM-0587,DEMO-023,30/08/2008 15:16:00,0,0.07828571428571429,1,random_forest_unweighted
1092,SECOM-1092,DEMO-043,25/09/2008 23:48:00,0,0.033333333333333326,0,random_forest_unweighted
1090,SECOM-1090,DEMO-043,25/09/2008 22:05:00,0,0.08812380952380952,1,random_forest_unweighted
65,SECOM-0065,DEMO-002,01/08/2008 10:20:00,0,0.07973333333333334,1,random_forest_unweighted
1498,SECOM-1498,DEMO-059,14/10/2008 03:35:00,0,0.04959999999999999,0,random_forest_unweighted
220,SECOM-0220,DEMO-008,16/08/2008 14:30:00,0,0.11265714285714286,1,random_forest_unweighted
1307,SECOM-1307,DEMO-052,05/10/2008 04:20:00,0,0.06233333333333333,0,random_forest_unweighted
537,SECOM-0537,DEMO-021,29/08/2008 14:18:00,0,0.018,0,random_forest_unweighted
1191,SECOM-1191,DEMO-047,30/09/2008 04:42:00,0,0.028333333333333332,0,random_forest_unweighted
234,SECOM-0234,DEMO-009,17/08/2008 15:25:00,0,0.057999999999999996,0,random_forest_unweighted
51,SECOM-0051,DEMO-002,29/07/2008 21:07:00,0,0.20279999999999995,1,random_forest_unweighted
233,SECOM-0233,DEMO-009,17/08/2008 14:21:00,0,0.09073333333333333,1,random_forest_unweighted
572,SECOM-0572,DEMO-022,30/08/2008 08:42:00,0,0.024666666666666663,0,random_forest_unweighted
450,SECOM-0450,DEMO-018,27/08/2008 00:46:00,0,0.023466666666666667,0,random_forest_unweighted
1048,SECOM-1048,DEMO-041,24/09/2008 03:32:00,0,0.0013333333333333333,0,random_forest_unweighted
68,SECOM-0068,DEMO-002,01/08/2008 12:29:00,0,0.09039047619047619,1,random_forest_unweighted
705,SECOM-0705,DEMO-028,02/09/2008 20:59:00,0,0.09060000000000001,1,random_forest_unweighted
390,SECOM-0390,DEMO-015,22/08/2008 00:44:00,0,0.11273333333333332,1,random_forest_unweighted
1081,SECOM-1081,DEMO-043,25/09/2008 14:08:00,0,0.06626666666666667,0,random_forest_unweighted
621,SECOM-0621,DEMO-024,01/09/2008 00:53:00,0,0.03133333333333333,0,random_forest_unweighted
190,SECOM-0190,DEMO-007,11/08/2008 03:06:00,0,0.09579999999999998,1,random_forest_unweighted
706,SECOM-0706,DEMO-028,03/09/2008 00:18:00,0,0.03533333333333333,0,random_forest_unweighted
798,SECOM-0798,DEMO-031,12/09/2008 05:11:00,0,0.03746666666666667,0,random_forest_unweighted
1,SECOM-0001,DEMO-000,19/07/2008 12:32:00,0,0.08085714285714288,1,random_forest_unweighted
604,SECOM-0604,DEMO-024,31/08/2008 10:36:00,0,0.020666666666666663,0,random_forest_unweighted
1437,SECOM-1437,DEMO-057,09/10/2008 00:23:00,0,0.01633333333333333,0,random_forest_unweighted
434,SECOM-0434,DEMO-017,23/08/2008 05:57:00,0,0.058199999999999995,0,random_forest_unweighted
714,SECOM-0714,DEMO-028,03/09/2008 14:24:00,0,0.04333333333333333,0,random_forest_unweighted
914,SECOM-0914,DEMO-036,19/09/2008 16:58:00,1,0.048,0,random_forest_unweighted
24,SECOM-0024,DEMO-000,27/07/2008 04:18:00,0,0.1726952380952381,1,random_forest_unweighted
1432,SECOM-1432,DEMO-057,08/10/2008 21:19:00,0,0.06709999999999999,0,random_forest_unweighted
1103,SECOM-1103,DEMO-044,26/09/2008 14:20:00,0,0.013714285714285714,0,random_forest_unweighted
837,SECOM-0837,DEMO-033,14/09/2008 17:40:00,0,0.029066666666666664,0,random_forest_unweighted
345,SECOM-0345,DEMO-013,21/08/2008 02:11:00,0,0.21933333333333332,1,random_forest_unweighted
1122,SECOM-1122,DEMO-044,27/09/2008 11:04:00,0,0.08366666666666667,1,random_forest_unweighted
1189,SECOM-1189,DEMO-047,30/09/2008 02:44:00,1,0.03986666666666666,0,random_forest_unweighted
903,SECOM-0903,DEMO-036,19/09/2008 07:18:00,0,0.0608,0,random_forest_unweighted
877,SECOM-0877,DEMO-035,18/09/2008 01:43:00,0,0.02266666666666667,0,random_forest_unweighted
1529,SECOM-1529,DEMO-061,15/10/2008 10:00:00,0,0.08806666666666668,1,random_forest_unweighted
215,SECOM-0215,DEMO-008,16/08/2008 07:33:00,0,0.04933333333333334,0,random_forest_unweighted
569,SECOM-0569,DEMO-022,30/08/2008 07:54:00,0,0.028666666666666663,0,random_forest_unweighted
1446,SECOM-1446,DEMO-057,10/10/2008 10:46:00,0,0.11566666666666668,1,random_forest_unweighted
1057,SECOM-1057,DEMO-042,24/09/2008 10:59:00,0,0.024333333333333332,0,random_forest_unweighted
1162,SECOM-1162,DEMO-046,28/09/2008 21:08:00,0,0.06466666666666668,0,random_forest_unweighted
96,SECOM-0096,DEMO-003,04/08/2008 20:58:00,1,0.22600000000000003,1,random_forest_unweighted
765,SECOM-0765,DEMO-030,08/09/2008 20:00:00,0,0.030285714285714284,0,random_forest_unweighted
1038,SECOM-1038,DEMO-041,23/09/2008 15:58:00,0,0.045219047619047624,0,random_forest_unweighted
533,SECOM-0533,DEMO-021,29/08/2008 13:14:00,0,0.07833333333333334,1,random_forest_unweighted
1563,SECOM-1563,DEMO-062,16/10/2008 20:49:00,0,0.071,0,random_forest_unweighted
11,SECOM-0011,DEMO-000,19/07/2008 22:52:00,1,0.08512380952380952,1,random_forest_unweighted
1254,SECOM-1254,DEMO-050,02/10/2008 21:32:00,1,0.1094857142857143,1,random_forest_unweighted
1334,SECOM-1334,DEMO-053,05/10/2008 22:13:00,0,0.05993333333333334,0,random_forest_unweighted
1453,SECOM-1453,DEMO-058,10/10/2008 21:07:00,0,0.023600000000000003,0,random_forest_unweighted
50,SECOM-0050,DEMO-002,29/07/2008 18:08:00,1,0.21333333333333332,1,random_forest_unweighted
399,SECOM-0399,DEMO-015,22/08/2008 03:18:00,0,0.11753333333333334,1,random_forest_unweighted
1472,SECOM-1472,DEMO-058,12/10/2008 18:47:00,0,0.1024,1,random_forest_unweighted
693,SECOM-0693,DEMO-027,02/09/2008 16:10:00,0,0.025666666666666667,0,random_forest_unweighted
320,SECOM-0320,DEMO-012,20/08/2008 02:13:00,0,0.056057142857142854,0,random_forest_unweighted
1385,SECOM-1385,DEMO-055,07/10/2008 03:39:00,0,0.05106666666666666,0,random_forest_unweighted
26,SECOM-0026,DEMO-001,27/07/2008 11:10:00,0,0.10133333333333333,1,random_forest_unweighted
553,SECOM-0553,DEMO-022,30/08/2008 00:57:00,0,0.018266666666666667,0,random_forest_unweighted
712,SECOM-0712,DEMO-028,03/09/2008 06:26:00,0,0.03846666666666667,0,random_forest_unweighted
153,SECOM-0153,DEMO-006,07/08/2008 11:10:00,0,0.13266666666666668,1,random_forest_unweighted
846,SECOM-0846,DEMO-033,15/09/2008 02:04:00,0,0.03866666666666667,0,random_forest_unweighted
1495,SECOM-1495,DEMO-059,14/10/2008 00:35:00,0,0.07156666666666667,0,random_forest_unweighted
269,SECOM-0269,DEMO-010,18/08/2008 15:30:00,0,0.07526666666666666,1,random_forest_unweighted
909,SECOM-0909,DEMO-036,19/09/2008 11:13:00,0,0.034666666666666665,0,random_forest_unweighted
165,SECOM-0165,DEMO-006,09/08/2008 02:37:00,0,0.2408,1,random_forest_unweighted
255,SECOM-0255,DEMO-010,18/08/2008 08:18:00,0,0.0862,1,random_forest_unweighted
689,SECOM-0689,DEMO-027,02/09/2008 14:09:00,0,0.21466666666666667,1,random_forest_unweighted
752,SECOM-0752,DEMO-030,08/09/2008 00:40:00,0,0.10793333333333334,1,random_forest_unweighted
209,SECOM-0209,DEMO-008,15/08/2008 20:00:00,0,0.14360000000000003,1,random_forest_unweighted
1540,SECOM-1540,DEMO-061,15/10/2008 21:44:00,0,0.07544761904761904,1,random_forest_unweighted
1328,SECOM-1328,DEMO-053,05/10/2008 16:49:00,1,0.10466666666666667,1,random_forest_unweighted
242,SECOM-0242,DEMO-009,18/08/2008 00:20:00,0,0.11213333333333333,1,random_forest_unweighted
1486,SECOM-1486,DEMO-059,13/10/2008 19:40:00,0,0.03404761904761904,0,random_forest_unweighted
149,SECOM-0149,DEMO-005,07/08/2008 08:21:00,0,0.2004,1,random_forest_unweighted
730,SECOM-0730,DEMO-029,04/09/2008 16:30:00,0,0.012666666666666666,0,random_forest_unweighted
1411,SECOM-1411,DEMO-056,08/10/2008 04:47:00,0,0.03366666666666667,0,random_forest_unweighted
1175,SECOM-1175,DEMO-047,29/09/2008 11:53:00,0,0.04026666666666667,0,random_forest_unweighted
1565,SECOM-1565,DEMO-062,17/10/2008 06:01:00,0,0.05846666666666667,0,random_forest_unweighted
1034,SECOM-1034,DEMO-041,23/09/2008 12:46:00,0,0.03266666666666667,0,random_forest_unweighted
246,SECOM-0246,DEMO-009,18/08/2008 04:35:00,0,0.08833333333333333,1,random_forest_unweighted
816,SECOM-0816,DEMO-032,12/09/2008 22:25:00,0,0.024666666666666667,0,random_forest_unweighted
817,SECOM-0817,DEMO-032,12/09/2008 22:45:00,0,0.0352,0,random_forest_unweighted
1351,SECOM-1351,DEMO-054,06/10/2008 07:17:00,0,0.04386666666666666,0,random_forest_unweighted
792,SECOM-0792,DEMO-031,11/09/2008 15:08:00,0,0.03453333333333333,0,random_forest_unweighted
1166,SECOM-1166,DEMO-046,29/09/2008 02:06:00,0,0.059095238095238097,0,random_forest_unweighted
893,SECOM-0893,DEMO-035,18/09/2008 23:44:00,0,0.0968,1,random_forest_unweighted
876,SECOM-0876,DEMO-035,18/09/2008 01:40:00,0,0.026,0,random_forest_unweighted
1003,SECOM-1003,DEMO-040,22/09/2008 01:43:00,0,0.03962857142857143,0,random_forest_unweighted
283,SECOM-0283,DEMO-011,19/08/2008 04:58:00,0,0.09199047619047622,1,random_forest_unweighted
146,SECOM-0146,DEMO-005,06/08/2008 23:45:00,0,0.03753333333333333,0,random_forest_unweighted
1491,SECOM-1491,DEMO-059,13/10/2008 21:47:00,0,0.06525714285714285,0,random_forest_unweighted
557,SECOM-0557,DEMO-022,30/08/2008 02:32:00,0,0.11221904761904763,1,random_forest_unweighted
232,SECOM-0232,DEMO-009,17/08/2008 13:34:00,0,0.211,1,random_forest_unweighted
1314,SECOM-1314,DEMO-052,05/10/2008 09:04:00,0,0.024666666666666663,0,random_forest_unweighted
58,SECOM-0058,DEMO-002,30/07/2008 21:16:00,1,0.1378285714285714,1,random_forest_unweighted
342,SECOM-0342,DEMO-013,20/08/2008 22:45:00,0,0.038799999999999994,0,random_forest_unweighted
549,SECOM-0549,DEMO-021,29/08/2008 22:49:00,0,0.024571428571428574,0,random_forest_unweighted
116,SECOM-0116,DEMO-004,05/08/2008 07:48:00,0,0.08846666666666665,1,random_forest_unweighted
175,SECOM-0175,DEMO-007,09/08/2008 22:37:00,0,0.14185714285714285,1,random_forest_unweighted
1361,SECOM-1361,DEMO-054,06/10/2008 12:42:00,0,0.10926666666666668,1,random_forest_unweighted
1152,SECOM-1152,DEMO-046,28/09/2008 17:05:00,0,0.054219047619047625,0,random_forest_unweighted
435,SECOM-0435,DEMO-017,23/08/2008 05:58:00,0,0.08085714285714286,1,random_forest_unweighted
183,SECOM-0183,DEMO-007,10/08/2008 11:16:00,0,0.1558666666666667,1,random_forest_unweighted
795,SECOM-0795,DEMO-031,11/09/2008 22:07:00,1,0.006666666666666666,0,random_forest_unweighted
1225,SECOM-1225,DEMO-049,02/10/2008 00:21:00,0,0.0712,0,random_forest_unweighted
946,SECOM-0946,DEMO-037,20/09/2008 12:26:00,0,0.01779047619047619,0,random_forest_unweighted
1442,SECOM-1442,DEMO-057,09/10/2008 15:04:00,0,0.061166666666666675,0,random_forest_unweighted
264,SECOM-0264,DEMO-010,18/08/2008 14:01:00,0,0.030333333333333337,0,random_forest_unweighted
1236,SECOM-1236,DEMO-049,02/10/2008 08:52:00,0,0.05466666666666667,0,random_forest_unweighted
1229,SECOM-1229,DEMO-049,02/10/2008 04:11:00,0,0.02,0,random_forest_unweighted
44,SECOM-0044,DEMO-001,29/07/2008 06:19:00,0,0.3470285714285714,1,random_forest_unweighted
449,SECOM-0449,DEMO-017,25/08/2008 09:29:00,0,0.05319047619047619,0,random_forest_unweighted
1316,SECOM-1316,DEMO-052,05/10/2008 10:00:00,0,0.029866666666666666,0,random_forest_unweighted
31,SECOM-0031,DEMO-001,27/07/2008 22:28:00,0,0.10953333333333333,1,random_forest_unweighted
1315,SECOM-1315,DEMO-052,05/10/2008 09:47:00,0,0.034,0,random_forest_unweighted
1005,SECOM-1005,DEMO-040,22/09/2008 06:05:00,0,0.007,0,random_forest_unweighted
1424,SECOM-1424,DEMO-056,08/10/2008 14:48:00,0,0.037,0,random_forest_unweighted
465,SECOM-0465,DEMO-018,28/08/2008 04:54:00,0,0.053666666666666654,0,random_forest_unweighted
41,SECOM-0041,DEMO-001,28/07/2008 23:57:00,0,0.10373333333333332,1,random_forest_unweighted
1431,SECOM-1431,DEMO-057,08/10/2008 20:27:00,0,0.015,0,random_forest_unweighted
459,SECOM-0459,DEMO-018,28/08/2008 03:04:00,0,0.033600000000000005,0,random_forest_unweighted
130,SECOM-0130,DEMO-005,06/08/2008 03:22:00,0,0.20339999999999997,1,random_forest_unweighted
709,SECOM-0709,DEMO-028,03/09/2008 01:15:00,1,0.1886,1,random_forest_unweighted
461,SECOM-0461,DEMO-018,28/08/2008 03:38:00,0,0.06733333333333333,0,random_forest_unweighted
104,SECOM-0104,DEMO-004,05/08/2008 02:45:00,0,0.029666666666666664,0,random_forest_unweighted
1345,SECOM-1345,DEMO-053,06/10/2008 05:21:00,0,0.06103809523809524,0,random_forest_unweighted
1031,SECOM-1031,DEMO-041,23/09/2008 11:43:00,0,0.0232,0,random_forest_unweighted
713,SECOM-0713,DEMO-028,03/09/2008 09:38:00,0,0.07066666666666666,0,random_forest_unweighted
652,SECOM-0652,DEMO-026,02/09/2008 02:02:00,0,0.04959999999999999,0,random_forest_unweighted
1097,SECOM-1097,DEMO-043,26/09/2008 03:29:00,0,0.14926666666666666,1,random_forest_unweighted
1242,SECOM-1242,DEMO-049,02/10/2008 14:10:00,1,0.13533333333333333,1,random_forest_unweighted
1439,SECOM-1439,DEMO-057,09/10/2008 06:06:00,0,0.008333333333333331,0,random_forest_unweighted
1140,SECOM-1140,DEMO-045,27/09/2008 21:45:00,0,0.051733333333333326,0,random_forest_unweighted
1004,SECOM-1004,DEMO-040,22/09/2008 03:51:00,0,0.003333333333333333,0,random_forest_unweighted
1552,SECOM-1552,DEMO-062,16/10/2008 04:02:00,0,0.15256666666666666,1,random_forest_unweighted
928,SECOM-0928,DEMO-037,19/09/2008 21:14:00,0,0.08373333333333334,1,random_forest_unweighted
48,SECOM-0048,DEMO-001,29/07/2008 15:49:00,1,0.12433333333333332,1,random_forest_unweighted
527,SECOM-0527,DEMO-021,29/08/2008 08:41:00,0,0.02657142857142857,0,random_forest_unweighted
967,SECOM-0967,DEMO-038,20/09/2008 19:21:00,0,0.012333333333333333,0,random_forest_unweighted
535,SECOM-0535,DEMO-021,29/08/2008 13:49:00,0,0.007333333333333333,0,random_forest_unweighted
828,SECOM-0828,DEMO-033,13/09/2008 14:07:00,0,0.059399999999999994,0,random_forest_unweighted
1354,SECOM-1354,DEMO-054,06/10/2008 08:24:00,0,0.029400000000000003,0,random_forest_unweighted
726,SECOM-0726,DEMO-029,04/09/2008 11:50:00,0,0.030333333333333334,0,random_forest_unweighted
1370,SECOM-1370,DEMO-054,06/10/2008 17:26:00,0,0.0256,0,random_forest_unweighted
1294,SECOM-1294,DEMO-051,04/10/2008 18:15:00,0,0.12186666666666668,1,random_forest_unweighted
630,SECOM-0630,DEMO-025,01/09/2008 09:54:00,0,0.051,0,random_forest_unweighted
268,SECOM-0268,DEMO-010,18/08/2008 15:26:00,0,0.07766666666666666,1,random_forest_unweighted
844,SECOM-0844,DEMO-033,14/09/2008 21:31:00,0,0.061,0,random_forest_unweighted
1204,SECOM-1204,DEMO-048,30/09/2008 21:39:00,0,0.18203809523809522,1,random_forest_unweighted
1259,SECOM-1259,DEMO-050,02/10/2008 23:32:00,0,0.05886666666666667,0,random_forest_unweighted
366,SECOM-0366,DEMO-014,21/08/2008 15:48:00,0,0.08115238095238095,1,random_forest_unweighted
1184,SECOM-1184,DEMO-047,29/09/2008 21:26:00,0,0.08466666666666667,1,random_forest_unweighted
1095,SECOM-1095,DEMO-043,26/09/2008 02:26:00,0,0.04653333333333333,0,random_forest_unweighted
1528,SECOM-1528,DEMO-061,15/10/2008 09:11:00,0,0.03946666666666667,0,random_forest_unweighted
1239,SECOM-1239,DEMO-049,02/10/2008 09:42:00,0,0.0730190476190476,1,random_forest_unweighted
397,SECOM-0397,DEMO-015,22/08/2008 02:25:00,0,0.08705714285714285,1,random_forest_unweighted
17,SECOM-0017,DEMO-000,22/07/2008 08:41:00,0,0.10646666666666667,1,random_forest_unweighted
1205,SECOM-1205,DEMO-048,30/09/2008 21:42:00,0,0.052466666666666675,0,random_forest_unweighted
899,SECOM-0899,DEMO-035,19/09/2008 05:57:00,0,0.07426666666666668,1,random_forest_unweighted
112,SECOM-0112,DEMO-004,05/08/2008 06:11:00,0,0.03546666666666667,0,random_forest_unweighted
530,SECOM-0530,DEMO-021,29/08/2008 12:22:00,0,0.06433333333333333,0,random_forest_unweighted
364,SECOM-0364,DEMO-014,21/08/2008 15:06:00,0,0.04986666666666667,0,random_forest_unweighted
754,SECOM-0754,DEMO-030,08/09/2008 03:32:00,0,0.05453333333333333,0,random_forest_unweighted
1032,SECOM-1032,DEMO-041,23/09/2008 12:29:00,0,0.05333333333333334,0,random_forest_unweighted
708,SECOM-0708,DEMO-028,03/09/2008 00:58:00,0,0.0376,0,random_forest_unweighted
1148,SECOM-1148,DEMO-045,28/09/2008 07:52:00,0,0.10080000000000001,1,random_forest_unweighted
189,SECOM-0189,DEMO-007,10/08/2008 22:26:00,1,0.20603333333333332,1,random_forest_unweighted
460,SECOM-0460,DEMO-018,28/08/2008 03:29:00,0,0.05,0,random_forest_unweighted
666,SECOM-0666,DEMO-026,02/09/2008 07:22:00,0,0.08326666666666668,1,random_forest_unweighted
1367,SECOM-1367,DEMO-054,06/10/2008 15:52:00,0,0.10401904761904762,1,random_forest_unweighted
531,SECOM-0531,DEMO-021,29/08/2008 12:37:00,0,0.06480000000000001,0,random_forest_unweighted
1027,SECOM-1027,DEMO-041,23/09/2008 08:11:00,0,0.025333333333333333,0,random_forest_unweighted
725,SECOM-0725,DEMO-029,04/09/2008 08:53:00,0,0.04466666666666667,0,random_forest_unweighted
627,SECOM-0627,DEMO-025,01/09/2008 08:18:00,0,0.025333333333333333,0,random_forest_unweighted
868,SECOM-0868,DEMO-034,16/09/2008 21:21:00,0,0.026333333333333334,0,random_forest_unweighted
1037,SECOM-1037,DEMO-041,23/09/2008 15:33:00,0,0.019666666666666666,0,random_forest_unweighted
21,SECOM-0021,DEMO-000,23/07/2008 05:15:00,0,0.051866666666666665,0,random_forest_unweighted
1209,SECOM-1209,DEMO-048,01/10/2008 01:11:00,0,0.169,1,random_forest_unweighted
1412,SECOM-1412,DEMO-056,08/10/2008 05:35:00,0,0.06426666666666665,0,random_forest_unweighted
707,SECOM-0707,DEMO-028,03/09/2008 00:45:00,0,0.04826666666666668,0,random_forest_unweighted
959,SECOM-0959,DEMO-038,20/09/2008 16:43:00,0,0.011333333333333332,0,random_forest_unweighted
1336,SECOM-1336,DEMO-053,06/10/2008 01:25:00,0,0.07865714285714286,1,random_forest_unweighted
154,SECOM-0154,DEMO-006,07/08/2008 11:40:00,1,0.07386666666666668,1,random_forest_unweighted
1353,SECOM-1353,DEMO-054,06/10/2008 07:38:00,0,0.059733333333333326,0,random_forest_unweighted
1116,SECOM-1116,DEMO-044,27/09/2008 00:16:00,0,0.0544,0,random_forest_unweighted
1231,SECOM-1231,DEMO-049,02/10/2008 04:24:00,0,0.016666666666666663,0,random_forest_unweighted
1142,SECOM-1142,DEMO-045,28/09/2008 01:22:00,0,0.058228571428571435,0,random_forest_unweighted
23,SECOM-0023,DEMO-000,25/07/2008 15:23:00,1,0.15662857142857145,1,random_forest_unweighted
751,SECOM-0751,DEMO-030,08/09/2008 00:32:00,0,0.07640000000000001,1,random_forest_unweighted
25,SECOM-0025,DEMO-001,27/07/2008 09:37:00,0,0.1340952380952381,1,random_forest_unweighted
1433,SECOM-1433,DEMO-057,08/10/2008 21:45:00,0,0.029,0,random_forest_unweighted
973,SECOM-0973,DEMO-038,21/09/2008 03:47:00,0,0.047714285714285716,0,random_forest_unweighted
383,SECOM-0383,DEMO-015,21/08/2008 22:25:00,0,0.12732380952380953,1,random_forest_unweighted
811,SECOM-0811,DEMO-032,12/09/2008 18:01:00,0,0.019,0,random_forest_unweighted
1137,SECOM-1137,DEMO-045,27/09/2008 18:14:00,0,0.034,0,random_forest_unweighted
571,SECOM-0571,DEMO-022,30/08/2008 08:29:00,0,0.04,0,random_forest_unweighted
698,SECOM-0698,DEMO-027,02/09/2008 17:18:00,0,0.12860000000000002,1,random_forest_unweighted
678,SECOM-0678,DEMO-027,02/09/2008 11:47:00,0,0.031,0,random_forest_unweighted
989,SECOM-0989,DEMO-039,21/09/2008 15:15:00,0,0.0162,0,random_forest_unweighted
1237,SECOM-1237,DEMO-049,02/10/2008 08:57:00,0,0.05106666666666666,0,random_forest_unweighted
1398,SECOM-1398,DEMO-055,07/10/2008 11:36:00,0,0.04419047619047619,0,random_forest_unweighted
174,SECOM-0174,DEMO-006,09/08/2008 22:15:00,0,0.19715238095238094,1,random_forest_unweighted
1522,SECOM-1522,DEMO-060,15/10/2008 05:13:00,0,0.028999999999999998,0,random_forest_unweighted
288,SECOM-0288,DEMO-011,19/08/2008 05:41:00,0,0.05113333333333332,0,random_forest_unweighted
1310,SECOM-1310,DEMO-052,05/10/2008 05:53:00,0,0.016,0,random_forest_unweighted
643,SECOM-0643,DEMO-025,01/09/2008 23:59:00,0,0.24353333333333332,1,random_forest_unweighted
1482,SECOM-1482,DEMO-059,13/10/2008 15:42:00,0,0.07173333333333333,0,random_forest_unweighted
847,SECOM-0847,DEMO-033,15/09/2008 10:03:00,0,0.036000000000000004,0,random_forest_unweighted
245,SECOM-0245,DEMO-009,18/08/2008 04:12:00,0,0.07366666666666666,1,random_forest_unweighted
219,SECOM-0219,DEMO-008,16/08/2008 13:51:00,0,0.14673333333333335,1,random_forest_unweighted
1080,SECOM-1080,DEMO-043,25/09/2008 13:42:00,0,0.07256190476190477,0,random_forest_unweighted
545,SECOM-0545,DEMO-021,29/08/2008 21:46:00,0,0.06864761904761904,0,random_forest_unweighted
313,SECOM-0313,DEMO-012,19/08/2008 18:30:00,0,0.07605714285714286,1,random_forest_unweighted
1219,SECOM-1219,DEMO-048,01/10/2008 16:43:00,0,0.04393333333333333,0,random_forest_unweighted
444,SECOM-0444,DEMO-017,24/08/2008 07:12:00,0,0.0512,0,random_forest_unweighted
956,SECOM-0956,DEMO-038,20/09/2008 15:19:00,0,0.08505714285714285,1,random_forest_unweighted
296,SECOM-0296,DEMO-011,19/08/2008 08:07:00,0,0.042666666666666665,0,random_forest_unweighted
344,SECOM-0344,DEMO-013,20/08/2008 23:43:00,1,0.10966666666666668,1,random_forest_unweighted
972,SECOM-0972,DEMO-038,21/09/2008 03:04:00,0,0.006,0,random_forest_unweighted
720,SECOM-0720,DEMO-028,03/09/2008 20:10:00,0,0.04633333333333334,0,random_forest_unweighted
1138,SECOM-1138,DEMO-045,27/09/2008 19:16:00,0,0.06656190476190477,0,random_forest_unweighted
563,SECOM-0563,DEMO-022,30/08/2008 04:55:00,0,0.05633333333333333,0,random_forest_unweighted
1541,SECOM-1541,DEMO-061,15/10/2008 22:45:00,0,0.05593333333333332,0,random_forest_unweighted
1098,SECOM-1098,DEMO-043,26/09/2008 04:14:00,0,0.021866666666666663,0,random_forest_unweighted
187,SECOM-0187,DEMO-007,10/08/2008 19:07:00,0,0.24226666666666666,1,random_forest_unweighted
786,SECOM-0786,DEMO-031,11/09/2008 12:47:00,0,0.103,1,random_forest_unweighted
228,SECOM-0228,DEMO-009,17/08/2008 03:46:00,0,0.24420000000000003,1,random_forest_unweighted
18,SECOM-0018,DEMO-000,22/07/2008 11:47:00,0,0.038,0,random_forest_unweighted
674,SECOM-0674,DEMO-026,02/09/2008 10:25:00,0,0.01933333333333333,0,random_forest_unweighted
905,SECOM-0905,DEMO-036,19/09/2008 08:52:00,0,0.012999999999999998,0,random_forest_unweighted
176,SECOM-0176,DEMO-007,09/08/2008 23:17:00,0,0.2496,1,random_forest_unweighted
352,SECOM-0352,DEMO-014,21/08/2008 11:22:00,0,0.0723904761904762,0,random_forest_unweighted
887,SECOM-0887,DEMO-035,18/09/2008 18:12:00,0,0.059723809523809526,0,random_forest_unweighted
173,SECOM-0173,DEMO-006,09/08/2008 21:07:00,0,0.1706666666666667,1,random_forest_unweighted
1407,SECOM-1407,DEMO-056,07/10/2008 19:24:00,0,0.024,0,random_forest_unweighted
1352,SECOM-1352,DEMO-054,06/10/2008 07:35:00,0,0.013666666666666666,0,random_forest_unweighted
520,SECOM-0520,DEMO-020,29/08/2008 07:18:00,0,0.06193333333333334,0,random_forest_unweighted
834,SECOM-0834,DEMO-033,14/09/2008 15:02:00,0,0.03993333333333333,0,random_forest_unweighted
464,SECOM-0464,DEMO-018,28/08/2008 04:20:00,0,0.053,0,random_forest_unweighted
476,SECOM-0476,DEMO-019,28/08/2008 10:28:00,0,0.06533333333333333,0,random_forest_unweighted
515,SECOM-0515,DEMO-020,29/08/2008 06:35:00,0,0.052333333333333336,0,random_forest_unweighted
953,SECOM-0953,DEMO-038,20/09/2008 14:50:00,0,0.08860000000000001,1,random_forest_unweighted
440,SECOM-0440,DEMO-017,23/08/2008 15:10:00,0,0.11126666666666668,1,random_forest_unweighted
872,SECOM-0872,DEMO-034,17/09/2008 07:14:00,0,0.024666666666666663,0,random_forest_unweighted
392,SECOM-0392,DEMO-015,22/08/2008 01:04:00,1,0.16610000000000003,1,random_forest_unweighted
512,SECOM-0512,DEMO-020,29/08/2008 05:54:00,0,0.03026666666666667,0,random_forest_unweighted
1456,SECOM-1456,DEMO-058,11/10/2008 06:56:00,0,0.10039047619047618,1,random_forest_unweighted
287,SECOM-0287,DEMO-011,19/08/2008 05:40:00,0,0.06806666666666666,0,random_forest_unweighted
121,SECOM-0121,DEMO-004,05/08/2008 15:45:00,0,0.22755238095238092,1,random_forest_unweighted
1094,SECOM-1094,DEMO-043,26/09/2008 01:21:00,0,0.07933333333333334,1,random_forest_unweighted
337,SECOM-0337,DEMO-013,20/08/2008 20:19:00,0,0.07533333333333335,1,random_forest_unweighted
1249,SECOM-1249,DEMO-049,02/10/2008 17:00:00,0,0.05773333333333333,0,random_forest_unweighted
629,SECOM-0629,DEMO-025,01/09/2008 09:19:00,0,0.008,0,random_forest_unweighted
1397,SECOM-1397,DEMO-055,07/10/2008 11:16:00,0,0.25026666666666664,1,random_forest_unweighted
748,SECOM-0748,DEMO-029,07/09/2008 20:12:00,0,0.0156,0,random_forest_unweighted
1274,SECOM-1274,DEMO-050,03/10/2008 19:23:00,0,0.09913333333333332,1,random_forest_unweighted
1106,SECOM-1106,DEMO-044,26/09/2008 15:36:00,0,0.0732,1,random_forest_unweighted
691,SECOM-0691,DEMO-027,02/09/2008 14:34:00,0,0.023857142857142858,0,random_forest_unweighted
1537,SECOM-1537,DEMO-061,15/10/2008 18:16:00,0,0.027,0,random_forest_unweighted
20,SECOM-0020,DEMO-000,22/07/2008 15:30:00,0,0.063,0,random_forest_unweighted
496,SECOM-0496,DEMO-019,28/08/2008 21:03:00,0,0.015333333333333332,0,random_forest_unweighted
325,SECOM-0325,DEMO-013,20/08/2008 07:12:00,0,0.13203809523809523,1,random_forest_unweighted
1099,SECOM-1099,DEMO-043,26/09/2008 05:32:00,0,0.011,0,random_forest_unweighted
502,SECOM-0502,DEMO-020,29/08/2008 01:06:00,0,0.026,0,random_forest_unweighted
611,SECOM-0611,DEMO-024,31/08/2008 20:24:00,0,0.02,0,random_forest_unweighted
79,SECOM-0079,DEMO-003,03/08/2008 17:58:00,0,0.11706666666666667,1,random_forest_unweighted
582,SECOM-0582,DEMO-023,30/08/2008 11:57:00,0,0.029333333333333336,0,random_forest_unweighted
1466,SECOM-1466,DEMO-058,12/10/2008 00:57:00,0,0.011666666666666665,0,random_forest_unweighted
776,SECOM-0776,DEMO-031,10/09/2008 21:56:00,0,0.0520952380952381,0,random_forest_unweighted
518,SECOM-0518,DEMO-020,29/08/2008 06:45:00,1,0.1012,1,random_forest_unweighted
818,SECOM-0818,DEMO-032,12/09/2008 23:28:00,0,0.029666666666666664,0,random_forest_unweighted
954,SECOM-0954,DEMO-038,20/09/2008 14:53:00,0,0.036866666666666666,0,random_forest_unweighted
947,SECOM-0947,DEMO-037,20/09/2008 12:27:00,0,0.05279999999999999,0,random_forest_unweighted
658,SECOM-0658,DEMO-026,02/09/2008 03:35:00,0,0.08066666666666665,1,random_forest_unweighted
939,SECOM-0939,DEMO-037,20/09/2008 05:34:00,0,0.026,0,random_forest_unweighted
855,SECOM-0855,DEMO-034,15/09/2008 22:45:00,0,0.052199999999999996,0,random_forest_unweighted
1360,SECOM-1360,DEMO-054,06/10/2008 12:39:00,0,0.02973333333333333,0,random_forest_unweighted
178,SECOM-0178,DEMO-007,10/08/2008 00:09:00,0,0.09966666666666665,1,random_forest_unweighted
1129,SECOM-1129,DEMO-045,27/09/2008 13:19:00,0,0.0706,0,random_forest_unweighted
1150,SECOM-1150,DEMO-046,28/09/2008 08:41:00,0,0.14206666666666667,1,random_forest_unweighted
1333,SECOM-1333,DEMO-053,05/10/2008 20:30:00,0,0.08456666666666666,1,random_forest_unweighted
457,SECOM-0457,DEMO-018,27/08/2008 22:58:00,0,0.32409523809523805,1,random_forest_unweighted
1375,SECOM-1375,DEMO-055,06/10/2008 19:42:00,0,0.02733333333333333,0,random_forest_unweighted
1070,SECOM-1070,DEMO-042,25/09/2008 02:03:00,0,0.03666666666666667,0,random_forest_unweighted
141,SECOM-0141,DEMO-005,06/08/2008 20:00:00,0,0.18750952380952385,1,random_forest_unweighted
1268,SECOM-1268,DEMO-050,03/10/2008 06:15:00,0,0.03,0,random_forest_unweighted
1344,SECOM-1344,DEMO-053,06/10/2008 04:26:00,0,0.024866666666666662,0,random_forest_unweighted
1396,SECOM-1396,DEMO-055,07/10/2008 11:15:00,0,0.0992,1,random_forest_unweighted
932,SECOM-0932,DEMO-037,20/09/2008 00:18:00,0,0.047923809523809514,0,random_forest_unweighted
1036,SECOM-1036,DEMO-041,23/09/2008 15:23:00,0,0.03726666666666666,0,random_forest_unweighted
1366,SECOM-1366,DEMO-054,06/10/2008 15:01:00,0,0.0620952380952381,0,random_forest_unweighted
865,SECOM-0865,DEMO-034,16/09/2008 18:23:00,0,0.08625714285714287,1,random_forest_unweighted
1479,SECOM-1479,DEMO-059,13/10/2008 14:30:00,0,0.025999999999999995,0,random_forest_unweighted
1271,SECOM-1271,DEMO-050,03/10/2008 11:40:00,0,0.06053333333333335,0,random_forest_unweighted
579,SECOM-0579,DEMO-023,30/08/2008 11:12:00,0,0.0268,0,random_forest_unweighted
524,SECOM-0524,DEMO-020,29/08/2008 07:33:00,0,0.02946666666666667,0,random_forest_unweighted
793,SECOM-0793,DEMO-031,11/09/2008 16:28:00,0,0.037866666666666667,0,random_forest_unweighted
862,SECOM-0862,DEMO-034,16/09/2008 09:37:00,0,0.07280000000000002,1,random_forest_unweighted
978,SECOM-0978,DEMO-039,21/09/2008 08:22:00,0,0.05492380952380953,0,random_forest_unweighted
635,SECOM-0635,DEMO-025,01/09/2008 20:51:00,0,0.01933333333333333,0,random_forest_unweighted
912,SECOM-0912,DEMO-036,19/09/2008 15:31:00,0,0.02873333333333333,0,random_forest_unweighted
750,SECOM-0750,DEMO-030,07/09/2008 23:33:00,0,0.14573333333333333,1,random_forest_unweighted
1441,SECOM-1441,DEMO-057,09/10/2008 14:15:00,0,0.022904761904761903,0,random_forest_unweighted
1309,SECOM-1309,DEMO-052,05/10/2008 05:31:00,0,0.07566666666666666,1,random_forest_unweighted
306,SECOM-0306,DEMO-012,19/08/2008 11:46:00,0,0.05533333333333334,0,random_forest_unweighted
1531,SECOM-1531,DEMO-061,15/10/2008 13:14:00,0,0.014666666666666668,0,random_forest_unweighted
769,SECOM-0769,DEMO-030,09/09/2008 00:25:00,0,0.10026666666666668,1,random_forest_unweighted
1305,SECOM-1305,DEMO-052,05/10/2008 01:35:00,0,0.08786666666666665,1,random_forest_unweighted
1283,SECOM-1283,DEMO-051,03/10/2008 22:53:00,0,0.1770952380952381,1,random_forest_unweighted
326,SECOM-0326,DEMO-013,20/08/2008 08:40:00,1,0.04833333333333333,0,random_forest_unweighted
458,SECOM-0458,DEMO-018,28/08/2008 03:03:00,0,0.027666666666666666,0,random_forest_unweighted
9,SECOM-0009,DEMO-000,19/07/2008 21:35:00,0,0.19593333333333332,1,random_forest_unweighted
615,SECOM-0615,DEMO-024,31/08/2008 22:32:00,0,0.028047619047619047,0,random_forest_unweighted
1208,SECOM-1208,DEMO-048,01/10/2008 00:20:00,0,0.048866666666666676,0,random_forest_unweighted
936,SECOM-0936,DEMO-037,20/09/2008 04:28:00,0,0.04152380952380952,0,random_forest_unweighted
1350,SECOM-1350,DEMO-054,06/10/2008 07:12:00,0,0.029666666666666664,0,random_forest_unweighted
1222,SECOM-1222,DEMO-048,01/10/2008 21:50:00,0,0.047009523809523814,0,random_forest_unweighted
1218,SECOM-1218,DEMO-048,01/10/2008 15:16:00,0,0.21533333333333332,1,random_forest_unweighted
1197,SECOM-1197,DEMO-047,30/09/2008 15:16:00,0,0.041666666666666664,0,random_forest_unweighted
5,SECOM-0005,DEMO-000,19/07/2008 17:53:00,0,0.08733333333333336,1,random_forest_unweighted
307,SECOM-0307,DEMO-012,19/08/2008 11:57:00,0,0.06933333333333333,0,random_forest_unweighted
336,SECOM-0336,DEMO-013,20/08/2008 19:20:00,1,0.19939047619047623,1,random_forest_unweighted
1052,SECOM-1052,DEMO-042,24/09/2008 06:13:00,0,0.06552380952380951,0,random_forest_unweighted
1357,SECOM-1357,DEMO-054,06/10/2008 09:57:00,0,0.08473333333333334,1,random_forest_unweighted
1364,SECOM-1364,DEMO-054,06/10/2008 13:55:00,1,0.05433333333333334,0,random_forest_unweighted
1382,SECOM-1382,DEMO-055,06/10/2008 23:03:00,0,0.023,0,random_forest_unweighted
1245,SECOM-1245,DEMO-049,02/10/2008 15:44:00,0,0.05733333333333333,0,random_forest_unweighted
640,SECOM-0640,DEMO-025,01/09/2008 23:28:00,0,0.02266666666666667,0,random_forest_unweighted
1390,SECOM-1390,DEMO-055,07/10/2008 09:11:00,0,0.030333333333333334,0,random_forest_unweighted
576,SECOM-0576,DEMO-023,30/08/2008 09:45:00,1,0.12755238095238097,1,random_forest_unweighted
1295,SECOM-1295,DEMO-051,04/10/2008 18:25:00,0,0.045000000000000005,0,random_forest_unweighted
550,SECOM-0550,DEMO-022,29/08/2008 22:56:00,0,0.10039999999999999,1,random_forest_unweighted
372,SECOM-0372,DEMO-014,21/08/2008 18:04:00,0,0.03833333333333333,0,random_forest_unweighted
1499,SECOM-1499,DEMO-059,14/10/2008 13:13:00,0,0.08533333333333332,1,random_forest_unweighted
231,SECOM-0231,DEMO-009,17/08/2008 12:16:00,1,0.07533333333333334,1,random_forest_unweighted
672,SECOM-0672,DEMO-026,02/09/2008 10:13:00,0,0.07893333333333334,1,random_forest_unweighted
1474,SECOM-1474,DEMO-058,13/10/2008 03:53:00,0,0.017,0,random_forest_unweighted
331,SECOM-0331,DEMO-013,20/08/2008 17:09:00,0,0.08961904761904761,1,random_forest_unweighted
1073,SECOM-1073,DEMO-042,25/09/2008 07:58:00,0,0.03266666666666667,0,random_forest_unweighted
1525,SECOM-1525,DEMO-061,15/10/2008 07:36:00,0,0.12000000000000001,1,random_forest_unweighted
753,SECOM-0753,DEMO-030,08/09/2008 01:24:00,0,0.033666666666666664,0,random_forest_unweighted
715,SECOM-0715,DEMO-028,03/09/2008 14:29:00,0,0.019466666666666667,0,random_forest_unweighted
1226,SECOM-1226,DEMO-049,02/10/2008 00:22:00,0,0.17206666666666667,1,random_forest_unweighted
930,SECOM-0930,DEMO-037,19/09/2008 23:26:00,0,0.0356,0,random_forest_unweighted
1058,SECOM-1058,DEMO-042,24/09/2008 11:47:00,0,0.024,0,random_forest_unweighted
238,SECOM-0238,DEMO-009,17/08/2008 23:04:00,1,0.21686666666666668,1,random_forest_unweighted
1272,SECOM-1272,DEMO-050,03/10/2008 12:31:00,0,0.28233333333333327,1,random_forest_unweighted
442,SECOM-0442,DEMO-017,24/08/2008 02:32:00,0,0.026999999999999996,0,random_forest_unweighted
424,SECOM-0424,DEMO-016,22/08/2008 19:14:00,1,0.0977,1,random_forest_unweighted
1493,SECOM-1493,DEMO-059,13/10/2008 22:48:00,0,0.028133333333333337,0,random_forest_unweighted
1282,SECOM-1282,DEMO-051,03/10/2008 22:08:00,0,0.1804666666666667,1,random_forest_unweighted
1377,SECOM-1377,DEMO-055,06/10/2008 20:36:00,0,2.3622747994141627e-06,0,logistic_balanced
1212,SECOM-1212,DEMO-048,01/10/2008 07:19:00,0,0.004985106968368511,0,logistic_balanced
907,SECOM-0907,DEMO-036,19/09/2008 09:47:00,0,5.917386463609448e-06,0,logistic_balanced
766,SECOM-0766,DEMO-030,08/09/2008 21:36:00,0,0.008853743696800937,0,logistic_balanced
600,SECOM-0600,DEMO-024,31/08/2008 02:57:00,0,2.6320837542175806e-05,0,logistic_balanced
297,SECOM-0297,DEMO-011,19/08/2008 08:33:00,0,2.0723093806994472e-07,0,logistic_balanced
820,SECOM-0820,DEMO-032,13/09/2008 00:25:00,0,0.35301853309953274,1,logistic_balanced
500,SECOM-0500,DEMO-020,28/08/2008 23:42:00,0,0.5018001519239836,1,logistic_balanced
1123,SECOM-1123,DEMO-044,27/09/2008 11:45:00,0,7.285961948385195e-05,0,logistic_balanced
1213,SECOM-1213,DEMO-048,01/10/2008 07:28:00,0,0.00013385667481975353,0,logistic_balanced
1543,SECOM-1543,DEMO-061,15/10/2008 23:00:00,0,0.006535477005915501,0,logistic_balanced
1157,SECOM-1157,DEMO-046,28/09/2008 18:43:00,0,5.088016454013505e-11,0,logistic_balanced
108,SECOM-0108,DEMO-004,05/08/2008 04:32:00,0,1.3186608872800853e-06,0,logistic_balanced
170,SECOM-0170,DEMO-006,09/08/2008 17:34:00,0,0.010566262009012499,0,logistic_balanced
570,SECOM-0570,DEMO-022,30/08/2008 08:10:00,0,0.0003040264596516762,0,logistic_balanced
1134,SECOM-1134,DEMO-045,27/09/2008 15:30:00,0,6.832425987619332e-08,0,logistic_balanced
1448,SECOM-1448,DEMO-057,10/10/2008 12:30:00,0,3.0741984275931765e-05,0,logistic_balanced
216,SECOM-0216,DEMO-008,16/08/2008 08:39:00,0,0.9994069401629944,1,logistic_balanced
850,SECOM-0850,DEMO-034,15/09/2008 16:10:00,0,9.690314585785181e-07,0,logistic_balanced
1049,SECOM-1049,DEMO-041,24/09/2008 03:40:00,0,0.007679522101517569,0,logistic_balanced
1477,SECOM-1477,DEMO-059,13/10/2008 14:06:00,0,2.023085356287922e-07,0,logistic_balanced
62,SECOM-0062,DEMO-002,31/07/2008 20:18:00,1,0.4959835372979284,1,logistic_balanced
42,SECOM-0042,DEMO-001,29/07/2008 04:08:00,0,0.006907031301013788,0,logistic_balanced
628,SECOM-0628,DEMO-025,01/09/2008 09:06:00,0,0.9951914193804984,1,logistic_balanced
1156,SECOM-1156,DEMO-046,28/09/2008 18:34:00,0,0.012725439507550595,0,logistic_balanced
140,SECOM-0140,DEMO-005,06/08/2008 19:24:00,0,4.0565698964500945e-05,0,logistic_balanced
866,SECOM-0866,DEMO-034,16/09/2008 19:34:00,0,6.9340131726798515e-06,0,logistic_balanced
369,SECOM-0369,DEMO-014,21/08/2008 16:36:00,0,3.812924140870387e-05,0,logistic_balanced
996,SECOM-0996,DEMO-039,21/09/2008 19:19:00,0,0.0373494177546926,0,logistic_balanced
258,SECOM-0258,DEMO-010,18/08/2008 11:04:00,0,4.4649194781287924e-11,0,logistic_balanced
1033,SECOM-1033,DEMO-041,23/09/2008 12:31:00,0,0.9926650190510111,1,logistic_balanced
355,SECOM-0355,DEMO-014,21/08/2008 12:33:00,0,3.68027779263654e-05,0,logistic_balanced
840,SECOM-0840,DEMO-033,14/09/2008 19:13:00,0,0.5831035196485665,1,logistic_balanced
1394,SECOM-1394,DEMO-055,07/10/2008 10:10:00,0,9.935374062431915e-05,0,logistic_balanced
1478,SECOM-1478,DEMO-059,13/10/2008 14:29:00,0,8.626935262738166e-08,0,logistic_balanced
1421,SECOM-1421,DEMO-056,08/10/2008 12:11:00,0,4.1355253044564814e-05,0,logistic_balanced
195,SECOM-0195,DEMO-007,12/08/2008 04:23:00,0,4.636279665976155e-08,0,logistic_balanced
455,SECOM-0455,DEMO-018,27/08/2008 17:14:00,0,1.2198609461671297e-09,0,logistic_balanced
587,SECOM-0587,DEMO-023,30/08/2008 15:16:00,0,0.9986942087489351,1,logistic_balanced
1092,SECOM-1092,DEMO-043,25/09/2008 23:48:00,0,7.08244396131839e-07,0,logistic_balanced
1090,SECOM-1090,DEMO-043,25/09/2008 22:05:00,0,0.056752490204439475,0,logistic_balanced
65,SECOM-0065,DEMO-002,01/08/2008 10:20:00,0,0.9171733689537891,1,logistic_balanced
1498,SECOM-1498,DEMO-059,14/10/2008 03:35:00,0,4.314697059100185e-06,0,logistic_balanced
220,SECOM-0220,DEMO-008,16/08/2008 14:30:00,0,0.0327073454163796,0,logistic_balanced
1307,SECOM-1307,DEMO-052,05/10/2008 04:20:00,0,0.0010247034619305226,0,logistic_balanced
537,SECOM-0537,DEMO-021,29/08/2008 14:18:00,0,0.0002296293195544369,0,logistic_balanced
1191,SECOM-1191,DEMO-047,30/09/2008 04:42:00,0,0.0002608247611457648,0,logistic_balanced
234,SECOM-0234,DEMO-009,17/08/2008 15:25:00,0,0.18070245139445681,1,logistic_balanced
51,SECOM-0051,DEMO-002,29/07/2008 21:07:00,0,1.0750828656320833e-05,0,logistic_balanced
233,SECOM-0233,DEMO-009,17/08/2008 14:21:00,0,0.007384477048625961,0,logistic_balanced
572,SECOM-0572,DEMO-022,30/08/2008 08:42:00,0,0.0026181701828550574,0,logistic_balanced
450,SECOM-0450,DEMO-018,27/08/2008 00:46:00,0,1.3602886289335544e-06,0,logistic_balanced
1048,SECOM-1048,DEMO-041,24/09/2008 03:32:00,0,1.0775948665970073e-07,0,logistic_balanced
68,SECOM-0068,DEMO-002,01/08/2008 12:29:00,0,0.8169529419112046,1,logistic_balanced
705,SECOM-0705,DEMO-028,02/09/2008 20:59:00,0,0.0002580074078174556,0,logistic_balanced
390,SECOM-0390,DEMO-015,22/08/2008 00:44:00,0,0.001073069918899126,0,logistic_balanced
1081,SECOM-1081,DEMO-043,25/09/2008 14:08:00,0,8.701197682377636e-06,0,logistic_balanced
621,SECOM-0621,DEMO-024,01/09/2008 00:53:00,0,3.743972103054118e-07,0,logistic_balanced
190,SECOM-0190,DEMO-007,11/08/2008 03:06:00,0,0.0006180902329884478,0,logistic_balanced
706,SECOM-0706,DEMO-028,03/09/2008 00:18:00,0,1.5148134132627886e-07,0,logistic_balanced
798,SECOM-0798,DEMO-031,12/09/2008 05:11:00,0,4.447372088039201e-09,0,logistic_balanced
1,SECOM-0001,DEMO-000,19/07/2008 12:32:00,0,3.867746183970082e-05,0,logistic_balanced
604,SECOM-0604,DEMO-024,31/08/2008 10:36:00,0,7.886676672505467e-10,0,logistic_balanced
1437,SECOM-1437,DEMO-057,09/10/2008 00:23:00,0,2.2942453561103726e-09,0,logistic_balanced
434,SECOM-0434,DEMO-017,23/08/2008 05:57:00,0,0.5635701355424831,1,logistic_balanced
714,SECOM-0714,DEMO-028,03/09/2008 14:24:00,0,0.0001756600455954351,0,logistic_balanced
914,SECOM-0914,DEMO-036,19/09/2008 16:58:00,1,1.7270282180969586e-05,0,logistic_balanced
24,SECOM-0024,DEMO-000,27/07/2008 04:18:00,0,1.8547089283687804e-05,0,logistic_balanced
1432,SECOM-1432,DEMO-057,08/10/2008 21:19:00,0,0.07647242220531991,0,logistic_balanced
1103,SECOM-1103,DEMO-044,26/09/2008 14:20:00,0,0.000520436123512882,0,logistic_balanced
837,SECOM-0837,DEMO-033,14/09/2008 17:40:00,0,6.609695285972408e-06,0,logistic_balanced
345,SECOM-0345,DEMO-013,21/08/2008 02:11:00,0,0.3508681942671174,1,logistic_balanced
1122,SECOM-1122,DEMO-044,27/09/2008 11:04:00,0,0.00602061386898931,0,logistic_balanced
1189,SECOM-1189,DEMO-047,30/09/2008 02:44:00,1,0.008768494777039882,0,logistic_balanced
903,SECOM-0903,DEMO-036,19/09/2008 07:18:00,0,4.506812499203644e-06,0,logistic_balanced
877,SECOM-0877,DEMO-035,18/09/2008 01:43:00,0,0.00019052706121858713,0,logistic_balanced
1529,SECOM-1529,DEMO-061,15/10/2008 10:00:00,0,2.439630887763155e-10,0,logistic_balanced
215,SECOM-0215,DEMO-008,16/08/2008 07:33:00,0,0.0002775404981151564,0,logistic_balanced
569,SECOM-0569,DEMO-022,30/08/2008 07:54:00,0,0.00026908446060283804,0,logistic_balanced
1446,SECOM-1446,DEMO-057,10/10/2008 10:46:00,0,0.8073336392964695,1,logistic_balanced
1057,SECOM-1057,DEMO-042,24/09/2008 10:59:00,0,3.392921680492293e-06,0,logistic_balanced
1162,SECOM-1162,DEMO-046,28/09/2008 21:08:00,0,0.05282166448920867,0,logistic_balanced
96,SECOM-0096,DEMO-003,04/08/2008 20:58:00,1,1.3119135773906786e-08,0,logistic_balanced
765,SECOM-0765,DEMO-030,08/09/2008 20:00:00,0,1.8673410840993422e-06,0,logistic_balanced
1038,SECOM-1038,DEMO-041,23/09/2008 15:58:00,0,0.0006522907362331998,0,logistic_balanced
533,SECOM-0533,DEMO-021,29/08/2008 13:14:00,0,8.67466434910389e-06,0,logistic_balanced
1563,SECOM-1563,DEMO-062,16/10/2008 20:49:00,0,0.17741240659176136,1,logistic_balanced
11,SECOM-0011,DEMO-000,19/07/2008 22:52:00,1,0.46067818646520375,1,logistic_balanced
1254,SECOM-1254,DEMO-050,02/10/2008 21:32:00,1,0.00038745390364287543,0,logistic_balanced
1334,SECOM-1334,DEMO-053,05/10/2008 22:13:00,0,0.003715003226010504,0,logistic_balanced
1453,SECOM-1453,DEMO-058,10/10/2008 21:07:00,0,0.07864544511381719,0,logistic_balanced
50,SECOM-0050,DEMO-002,29/07/2008 18:08:00,1,0.00014430241075249643,0,logistic_balanced
399,SECOM-0399,DEMO-015,22/08/2008 03:18:00,0,0.006258272636735858,0,logistic_balanced
1472,SECOM-1472,DEMO-058,12/10/2008 18:47:00,0,3.622897100166263e-06,0,logistic_balanced
693,SECOM-0693,DEMO-027,02/09/2008 16:10:00,0,0.0006024673395637068,0,logistic_balanced
320,SECOM-0320,DEMO-012,20/08/2008 02:13:00,0,2.973742469183704e-06,0,logistic_balanced
1385,SECOM-1385,DEMO-055,07/10/2008 03:39:00,0,0.7965591818909924,1,logistic_balanced
26,SECOM-0026,DEMO-001,27/07/2008 11:10:00,0,0.0004453477443846202,0,logistic_balanced
553,SECOM-0553,DEMO-022,30/08/2008 00:57:00,0,0.0005113115139391606,0,logistic_balanced
712,SECOM-0712,DEMO-028,03/09/2008 06:26:00,0,2.760861792467711e-06,0,logistic_balanced
153,SECOM-0153,DEMO-006,07/08/2008 11:10:00,0,0.8548470232996874,1,logistic_balanced
846,SECOM-0846,DEMO-033,15/09/2008 02:04:00,0,0.0028838026067166934,0,logistic_balanced
1495,SECOM-1495,DEMO-059,14/10/2008 00:35:00,0,0.7308838848340206,1,logistic_balanced
269,SECOM-0269,DEMO-010,18/08/2008 15:30:00,0,0.3296088340350823,1,logistic_balanced
909,SECOM-0909,DEMO-036,19/09/2008 11:13:00,0,2.851336831881582e-05,0,logistic_balanced
165,SECOM-0165,DEMO-006,09/08/2008 02:37:00,0,0.9996137820322353,1,logistic_balanced
255,SECOM-0255,DEMO-010,18/08/2008 08:18:00,0,2.9399339776689814e-05,0,logistic_balanced
689,SECOM-0689,DEMO-027,02/09/2008 14:09:00,0,0.9999999017252629,1,logistic_balanced
752,SECOM-0752,DEMO-030,08/09/2008 00:40:00,0,5.419130608807541e-06,0,logistic_balanced
209,SECOM-0209,DEMO-008,15/08/2008 20:00:00,0,0.35662263505484953,1,logistic_balanced
1540,SECOM-1540,DEMO-061,15/10/2008 21:44:00,0,6.658128166273206e-05,0,logistic_balanced
1328,SECOM-1328,DEMO-053,05/10/2008 16:49:00,1,0.0006982272552330802,0,logistic_balanced
242,SECOM-0242,DEMO-009,18/08/2008 00:20:00,0,0.004438273185041437,0,logistic_balanced
1486,SECOM-1486,DEMO-059,13/10/2008 19:40:00,0,3.7476044477730257e-07,0,logistic_balanced
149,SECOM-0149,DEMO-005,07/08/2008 08:21:00,0,0.043783750704211116,0,logistic_balanced
730,SECOM-0730,DEMO-029,04/09/2008 16:30:00,0,5.659619998343708e-10,0,logistic_balanced
1411,SECOM-1411,DEMO-056,08/10/2008 04:47:00,0,0.025635500656103233,0,logistic_balanced
1175,SECOM-1175,DEMO-047,29/09/2008 11:53:00,0,5.224109365671573e-07,0,logistic_balanced
1565,SECOM-1565,DEMO-062,17/10/2008 06:01:00,0,0.11906986445217782,0,logistic_balanced
1034,SECOM-1034,DEMO-041,23/09/2008 12:46:00,0,4.31939366802871e-05,0,logistic_balanced
246,SECOM-0246,DEMO-009,18/08/2008 04:35:00,0,2.7126566568386375e-11,0,logistic_balanced
816,SECOM-0816,DEMO-032,12/09/2008 22:25:00,0,3.867478845850889e-06,0,logistic_balanced
817,SECOM-0817,DEMO-032,12/09/2008 22:45:00,0,4.1224753318160574e-05,0,logistic_balanced
1351,SECOM-1351,DEMO-054,06/10/2008 07:17:00,0,6.179117644043607e-07,0,logistic_balanced
792,SECOM-0792,DEMO-031,11/09/2008 15:08:00,0,5.365336029395082e-05,0,logistic_balanced
1166,SECOM-1166,DEMO-046,29/09/2008 02:06:00,0,0.12613859521340717,0,logistic_balanced
893,SECOM-0893,DEMO-035,18/09/2008 23:44:00,0,0.0002485742549762719,0,logistic_balanced
876,SECOM-0876,DEMO-035,18/09/2008 01:40:00,0,0.002235209720204013,0,logistic_balanced
1003,SECOM-1003,DEMO-040,22/09/2008 01:43:00,0,2.1526432282867257e-08,0,logistic_balanced
283,SECOM-0283,DEMO-011,19/08/2008 04:58:00,0,0.0009417050469168061,0,logistic_balanced
146,SECOM-0146,DEMO-005,06/08/2008 23:45:00,0,1.2737772013810281e-05,0,logistic_balanced
1491,SECOM-1491,DEMO-059,13/10/2008 21:47:00,0,3.5690910895614385e-07,0,logistic_balanced
557,SECOM-0557,DEMO-022,30/08/2008 02:32:00,0,0.4403328751187431,1,logistic_balanced
232,SECOM-0232,DEMO-009,17/08/2008 13:34:00,0,0.0024725065513625335,0,logistic_balanced
1314,SECOM-1314,DEMO-052,05/10/2008 09:04:00,0,7.200309483240037e-09,0,logistic_balanced
58,SECOM-0058,DEMO-002,30/07/2008 21:16:00,1,2.142443750427659e-09,0,logistic_balanced
342,SECOM-0342,DEMO-013,20/08/2008 22:45:00,0,0.04680432575541543,0,logistic_balanced
549,SECOM-0549,DEMO-021,29/08/2008 22:49:00,0,0.009114527199753458,0,logistic_balanced
116,SECOM-0116,DEMO-004,05/08/2008 07:48:00,0,0.004433906491452975,0,logistic_balanced
175,SECOM-0175,DEMO-007,09/08/2008 22:37:00,0,1.580728640016258e-08,0,logistic_balanced
1361,SECOM-1361,DEMO-054,06/10/2008 12:42:00,0,0.1769730026489292,1,logistic_balanced
1152,SECOM-1152,DEMO-046,28/09/2008 17:05:00,0,1.07115243835212e-05,0,logistic_balanced
435,SECOM-0435,DEMO-017,23/08/2008 05:58:00,0,0.3705037912290308,1,logistic_balanced
183,SECOM-0183,DEMO-007,10/08/2008 11:16:00,0,2.3254806216523462e-10,0,logistic_balanced
795,SECOM-0795,DEMO-031,11/09/2008 22:07:00,1,3.073832486548615e-08,0,logistic_balanced
1225,SECOM-1225,DEMO-049,02/10/2008 00:21:00,0,0.9945761255268406,1,logistic_balanced
946,SECOM-0946,DEMO-037,20/09/2008 12:26:00,0,0.0002301488628855267,0,logistic_balanced
1442,SECOM-1442,DEMO-057,09/10/2008 15:04:00,0,0.005023786143327507,0,logistic_balanced
264,SECOM-0264,DEMO-010,18/08/2008 14:01:00,0,8.033911773916246e-05,0,logistic_balanced
1236,SECOM-1236,DEMO-049,02/10/2008 08:52:00,0,0.0011593423085351146,0,logistic_balanced
1229,SECOM-1229,DEMO-049,02/10/2008 04:11:00,0,0.06246556415183125,0,logistic_balanced
44,SECOM-0044,DEMO-001,29/07/2008 06:19:00,0,2.593913600183953e-07,0,logistic_balanced
449,SECOM-0449,DEMO-017,25/08/2008 09:29:00,0,0.0010988488466225112,0,logistic_balanced
1316,SECOM-1316,DEMO-052,05/10/2008 10:00:00,0,1.9821192436239785e-07,0,logistic_balanced
31,SECOM-0031,DEMO-001,27/07/2008 22:28:00,0,0.0010851004623333986,0,logistic_balanced
1315,SECOM-1315,DEMO-052,05/10/2008 09:47:00,0,0.4558245009968897,1,logistic_balanced
1005,SECOM-1005,DEMO-040,22/09/2008 06:05:00,0,1.660282860246062e-05,0,logistic_balanced
1424,SECOM-1424,DEMO-056,08/10/2008 14:48:00,0,0.0004422917740807674,0,logistic_balanced
465,SECOM-0465,DEMO-018,28/08/2008 04:54:00,0,0.0017439716983821646,0,logistic_balanced
41,SECOM-0041,DEMO-001,28/07/2008 23:57:00,0,5.3747914551187174e-05,0,logistic_balanced
1431,SECOM-1431,DEMO-057,08/10/2008 20:27:00,0,0.0008129864891895099,0,logistic_balanced
459,SECOM-0459,DEMO-018,28/08/2008 03:04:00,0,1.4408208166698958e-05,0,logistic_balanced
130,SECOM-0130,DEMO-005,06/08/2008 03:22:00,0,1.1572293412302892e-07,0,logistic_balanced
709,SECOM-0709,DEMO-028,03/09/2008 01:15:00,1,2.7629946635392464e-07,0,logistic_balanced
461,SECOM-0461,DEMO-018,28/08/2008 03:38:00,0,7.099857821219478e-09,0,logistic_balanced
104,SECOM-0104,DEMO-004,05/08/2008 02:45:00,0,2.0877537056267945e-06,0,logistic_balanced
1345,SECOM-1345,DEMO-053,06/10/2008 05:21:00,0,0.04121736075556293,0,logistic_balanced
1031,SECOM-1031,DEMO-041,23/09/2008 11:43:00,0,0.0009547180252809342,0,logistic_balanced
713,SECOM-0713,DEMO-028,03/09/2008 09:38:00,0,3.6565846504266266e-05,0,logistic_balanced
652,SECOM-0652,DEMO-026,02/09/2008 02:02:00,0,8.705173229437322e-05,0,logistic_balanced
1097,SECOM-1097,DEMO-043,26/09/2008 03:29:00,0,0.020652551817254564,0,logistic_balanced
1242,SECOM-1242,DEMO-049,02/10/2008 14:10:00,1,0.3245634891909203,1,logistic_balanced
1439,SECOM-1439,DEMO-057,09/10/2008 06:06:00,0,5.703806068156976e-06,0,logistic_balanced
1140,SECOM-1140,DEMO-045,27/09/2008 21:45:00,0,0.00011475880387405806,0,logistic_balanced
1004,SECOM-1004,DEMO-040,22/09/2008 03:51:00,0,1.7833469958670506e-08,0,logistic_balanced
1552,SECOM-1552,DEMO-062,16/10/2008 04:02:00,0,0.002426643486610754,0,logistic_balanced
928,SECOM-0928,DEMO-037,19/09/2008 21:14:00,0,1.163563149233363e-07,0,logistic_balanced
48,SECOM-0048,DEMO-001,29/07/2008 15:49:00,1,0.00017554532992492312,0,logistic_balanced
527,SECOM-0527,DEMO-021,29/08/2008 08:41:00,0,9.715717750307445e-08,0,logistic_balanced
967,SECOM-0967,DEMO-038,20/09/2008 19:21:00,0,4.558021485646657e-05,0,logistic_balanced
535,SECOM-0535,DEMO-021,29/08/2008 13:49:00,0,0.000333919692931448,0,logistic_balanced
828,SECOM-0828,DEMO-033,13/09/2008 14:07:00,0,0.03899808021905987,0,logistic_balanced
1354,SECOM-1354,DEMO-054,06/10/2008 08:24:00,0,4.471992194273727e-11,0,logistic_balanced
726,SECOM-0726,DEMO-029,04/09/2008 11:50:00,0,0.6626185162599373,1,logistic_balanced
1370,SECOM-1370,DEMO-054,06/10/2008 17:26:00,0,5.194976933618227e-09,0,logistic_balanced
1294,SECOM-1294,DEMO-051,04/10/2008 18:15:00,0,0.98575289299718,1,logistic_balanced
630,SECOM-0630,DEMO-025,01/09/2008 09:54:00,0,0.00010194020814579379,0,logistic_balanced
268,SECOM-0268,DEMO-010,18/08/2008 15:26:00,0,1.0497995145272442e-06,0,logistic_balanced
844,SECOM-0844,DEMO-033,14/09/2008 21:31:00,0,0.05848577006030078,0,logistic_balanced
1204,SECOM-1204,DEMO-048,30/09/2008 21:39:00,0,0.060506030444069096,0,logistic_balanced
1259,SECOM-1259,DEMO-050,02/10/2008 23:32:00,0,0.0015945373657379066,0,logistic_balanced
366,SECOM-0366,DEMO-014,21/08/2008 15:48:00,0,1.6519189367387043e-06,0,logistic_balanced
1184,SECOM-1184,DEMO-047,29/09/2008 21:26:00,0,0.005289852773661517,0,logistic_balanced
1095,SECOM-1095,DEMO-043,26/09/2008 02:26:00,0,0.0003348660057558108,0,logistic_balanced
1528,SECOM-1528,DEMO-061,15/10/2008 09:11:00,0,4.42544274325046e-08,0,logistic_balanced
1239,SECOM-1239,DEMO-049,02/10/2008 09:42:00,0,1.3192742379156422e-06,0,logistic_balanced
397,SECOM-0397,DEMO-015,22/08/2008 02:25:00,0,0.000538978385250178,0,logistic_balanced
17,SECOM-0017,DEMO-000,22/07/2008 08:41:00,0,0.9999999995334556,1,logistic_balanced
1205,SECOM-1205,DEMO-048,30/09/2008 21:42:00,0,0.04737273736156842,0,logistic_balanced
899,SECOM-0899,DEMO-035,19/09/2008 05:57:00,0,0.0322888040980775,0,logistic_balanced
112,SECOM-0112,DEMO-004,05/08/2008 06:11:00,0,0.00017704792505299463,0,logistic_balanced
530,SECOM-0530,DEMO-021,29/08/2008 12:22:00,0,0.061938120758857594,0,logistic_balanced
364,SECOM-0364,DEMO-014,21/08/2008 15:06:00,0,0.003742621698306685,0,logistic_balanced
754,SECOM-0754,DEMO-030,08/09/2008 03:32:00,0,0.00038072877414286265,0,logistic_balanced
1032,SECOM-1032,DEMO-041,23/09/2008 12:29:00,0,0.2253779699880713,1,logistic_balanced
708,SECOM-0708,DEMO-028,03/09/2008 00:58:00,0,0.0396807731506591,0,logistic_balanced
1148,SECOM-1148,DEMO-045,28/09/2008 07:52:00,0,2.8128644144935146e-07,0,logistic_balanced
189,SECOM-0189,DEMO-007,10/08/2008 22:26:00,1,0.9910323563082677,1,logistic_balanced
460,SECOM-0460,DEMO-018,28/08/2008 03:29:00,0,0.00033787315463452647,0,logistic_balanced
666,SECOM-0666,DEMO-026,02/09/2008 07:22:00,0,9.707603971922657e-08,0,logistic_balanced
1367,SECOM-1367,DEMO-054,06/10/2008 15:52:00,0,0.0006122305032135462,0,logistic_balanced
531,SECOM-0531,DEMO-021,29/08/2008 12:37:00,0,0.0006882604010618904,0,logistic_balanced
1027,SECOM-1027,DEMO-041,23/09/2008 08:11:00,0,0.17302349487432975,1,logistic_balanced
725,SECOM-0725,DEMO-029,04/09/2008 08:53:00,0,8.383227010767873e-06,0,logistic_balanced
627,SECOM-0627,DEMO-025,01/09/2008 08:18:00,0,4.573529400270738e-09,0,logistic_balanced
868,SECOM-0868,DEMO-034,16/09/2008 21:21:00,0,8.093878299196378e-06,0,logistic_balanced
1037,SECOM-1037,DEMO-041,23/09/2008 15:33:00,0,0.0001817007138927661,0,logistic_balanced
21,SECOM-0021,DEMO-000,23/07/2008 05:15:00,0,0.11615262005302351,0,logistic_balanced
1209,SECOM-1209,DEMO-048,01/10/2008 01:11:00,0,0.001052959757775111,0,logistic_balanced
1412,SECOM-1412,DEMO-056,08/10/2008 05:35:00,0,0.0002675696254837278,0,logistic_balanced
707,SECOM-0707,DEMO-028,03/09/2008 00:45:00,0,0.002889871506668019,0,logistic_balanced
959,SECOM-0959,DEMO-038,20/09/2008 16:43:00,0,2.706135232919572e-07,0,logistic_balanced
1336,SECOM-1336,DEMO-053,06/10/2008 01:25:00,0,0.0004912404529915457,0,logistic_balanced
154,SECOM-0154,DEMO-006,07/08/2008 11:40:00,1,8.758374328956932e-05,0,logistic_balanced
1353,SECOM-1353,DEMO-054,06/10/2008 07:38:00,0,3.4496016352190673e-09,0,logistic_balanced
1116,SECOM-1116,DEMO-044,27/09/2008 00:16:00,0,0.0024263927537932933,0,logistic_balanced
1231,SECOM-1231,DEMO-049,02/10/2008 04:24:00,0,5.8049927820119744e-05,0,logistic_balanced
1142,SECOM-1142,DEMO-045,28/09/2008 01:22:00,0,0.28700260023662866,1,logistic_balanced
23,SECOM-0023,DEMO-000,25/07/2008 15:23:00,1,9.626012128550465e-06,0,logistic_balanced
751,SECOM-0751,DEMO-030,08/09/2008 00:32:00,0,0.0006421010105468562,0,logistic_balanced
25,SECOM-0025,DEMO-001,27/07/2008 09:37:00,0,6.389715256618642e-11,0,logistic_balanced
1433,SECOM-1433,DEMO-057,08/10/2008 21:45:00,0,9.273877263057994e-07,0,logistic_balanced
973,SECOM-0973,DEMO-038,21/09/2008 03:47:00,0,0.00025416741240457763,0,logistic_balanced
383,SECOM-0383,DEMO-015,21/08/2008 22:25:00,0,6.07312316427496e-06,0,logistic_balanced
811,SECOM-0811,DEMO-032,12/09/2008 18:01:00,0,0.0007666726165948518,0,logistic_balanced
1137,SECOM-1137,DEMO-045,27/09/2008 18:14:00,0,0.8629223247597387,1,logistic_balanced
571,SECOM-0571,DEMO-022,30/08/2008 08:29:00,0,0.014654001764942267,0,logistic_balanced
698,SECOM-0698,DEMO-027,02/09/2008 17:18:00,0,2.850042031317168e-09,0,logistic_balanced
678,SECOM-0678,DEMO-027,02/09/2008 11:47:00,0,0.00010984232534147522,0,logistic_balanced
989,SECOM-0989,DEMO-039,21/09/2008 15:15:00,0,1.1151903665641071e-06,0,logistic_balanced
1237,SECOM-1237,DEMO-049,02/10/2008 08:57:00,0,2.1710979719216956e-09,0,logistic_balanced
1398,SECOM-1398,DEMO-055,07/10/2008 11:36:00,0,0.0001305474518971126,0,logistic_balanced
174,SECOM-0174,DEMO-006,09/08/2008 22:15:00,0,0.9461848779774562,1,logistic_balanced
1522,SECOM-1522,DEMO-060,15/10/2008 05:13:00,0,2.0391763116229426e-05,0,logistic_balanced
288,SECOM-0288,DEMO-011,19/08/2008 05:41:00,0,2.7118312743978528e-05,0,logistic_balanced
1310,SECOM-1310,DEMO-052,05/10/2008 05:53:00,0,4.50889766107205e-06,0,logistic_balanced
643,SECOM-0643,DEMO-025,01/09/2008 23:59:00,0,0.9760258950584119,1,logistic_balanced
1482,SECOM-1482,DEMO-059,13/10/2008 15:42:00,0,5.325477865627948e-06,0,logistic_balanced
847,SECOM-0847,DEMO-033,15/09/2008 10:03:00,0,0.020169565902270647,0,logistic_balanced
245,SECOM-0245,DEMO-009,18/08/2008 04:12:00,0,0.8659665315101798,1,logistic_balanced
219,SECOM-0219,DEMO-008,16/08/2008 13:51:00,0,0.0008934704320217694,0,logistic_balanced
1080,SECOM-1080,DEMO-043,25/09/2008 13:42:00,0,0.8953982425638292,1,logistic_balanced
545,SECOM-0545,DEMO-021,29/08/2008 21:46:00,0,1.3145265634854802e-07,0,logistic_balanced
313,SECOM-0313,DEMO-012,19/08/2008 18:30:00,0,2.5213998623637034e-05,0,logistic_balanced
1219,SECOM-1219,DEMO-048,01/10/2008 16:43:00,0,0.3158714603336314,1,logistic_balanced
444,SECOM-0444,DEMO-017,24/08/2008 07:12:00,0,2.1039227745754093e-05,0,logistic_balanced
956,SECOM-0956,DEMO-038,20/09/2008 15:19:00,0,2.057341920005579e-15,0,logistic_balanced
296,SECOM-0296,DEMO-011,19/08/2008 08:07:00,0,1.3397929548165665e-10,0,logistic_balanced
344,SECOM-0344,DEMO-013,20/08/2008 23:43:00,1,8.079227040410871e-07,0,logistic_balanced
972,SECOM-0972,DEMO-038,21/09/2008 03:04:00,0,4.792366959092057e-07,0,logistic_balanced
720,SECOM-0720,DEMO-028,03/09/2008 20:10:00,0,0.11490256029305511,0,logistic_balanced
1138,SECOM-1138,DEMO-045,27/09/2008 19:16:00,0,0.46307563925247663,1,logistic_balanced
563,SECOM-0563,DEMO-022,30/08/2008 04:55:00,0,0.0013623428137950356,0,logistic_balanced
1541,SECOM-1541,DEMO-061,15/10/2008 22:45:00,0,0.03202179083973882,0,logistic_balanced
1098,SECOM-1098,DEMO-043,26/09/2008 04:14:00,0,3.985886399638602e-06,0,logistic_balanced
187,SECOM-0187,DEMO-007,10/08/2008 19:07:00,0,0.47978270436565085,1,logistic_balanced
786,SECOM-0786,DEMO-031,11/09/2008 12:47:00,0,0.9995634563946448,1,logistic_balanced
228,SECOM-0228,DEMO-009,17/08/2008 03:46:00,0,0.3157227411063426,1,logistic_balanced
18,SECOM-0018,DEMO-000,22/07/2008 11:47:00,0,0.37049722703000887,1,logistic_balanced
674,SECOM-0674,DEMO-026,02/09/2008 10:25:00,0,9.571795757190528e-08,0,logistic_balanced
905,SECOM-0905,DEMO-036,19/09/2008 08:52:00,0,6.158037177332064e-06,0,logistic_balanced
176,SECOM-0176,DEMO-007,09/08/2008 23:17:00,0,0.9425908620627045,1,logistic_balanced
352,SECOM-0352,DEMO-014,21/08/2008 11:22:00,0,7.906717543968066e-09,0,logistic_balanced
887,SECOM-0887,DEMO-035,18/09/2008 18:12:00,0,0.0009794663428490495,0,logistic_balanced
173,SECOM-0173,DEMO-006,09/08/2008 21:07:00,0,5.532539209573703e-15,0,logistic_balanced
1407,SECOM-1407,DEMO-056,07/10/2008 19:24:00,0,4.510373368492846e-05,0,logistic_balanced
1352,SECOM-1352,DEMO-054,06/10/2008 07:35:00,0,1.993653232839534e-05,0,logistic_balanced
520,SECOM-0520,DEMO-020,29/08/2008 07:18:00,0,0.0021823798333191523,0,logistic_balanced
834,SECOM-0834,DEMO-033,14/09/2008 15:02:00,0,0.0004482419911629649,0,logistic_balanced
464,SECOM-0464,DEMO-018,28/08/2008 04:20:00,0,0.00010216412079857425,0,logistic_balanced
476,SECOM-0476,DEMO-019,28/08/2008 10:28:00,0,1.2265206930430657e-06,0,logistic_balanced
515,SECOM-0515,DEMO-020,29/08/2008 06:35:00,0,0.12749811387435706,0,logistic_balanced
953,SECOM-0953,DEMO-038,20/09/2008 14:50:00,0,0.00037983082564370987,0,logistic_balanced
440,SECOM-0440,DEMO-017,23/08/2008 15:10:00,0,0.0001386655660725115,0,logistic_balanced
872,SECOM-0872,DEMO-034,17/09/2008 07:14:00,0,0.845675589574219,1,logistic_balanced
392,SECOM-0392,DEMO-015,22/08/2008 01:04:00,1,0.001512782575657608,0,logistic_balanced
512,SECOM-0512,DEMO-020,29/08/2008 05:54:00,0,1.5644999679807665e-06,0,logistic_balanced
1456,SECOM-1456,DEMO-058,11/10/2008 06:56:00,0,1.3684469761723998e-12,0,logistic_balanced
287,SECOM-0287,DEMO-011,19/08/2008 05:40:00,0,0.0009538638542641778,0,logistic_balanced
121,SECOM-0121,DEMO-004,05/08/2008 15:45:00,0,0.999905226640616,1,logistic_balanced
1094,SECOM-1094,DEMO-043,26/09/2008 01:21:00,0,3.386617454565377e-05,0,logistic_balanced
337,SECOM-0337,DEMO-013,20/08/2008 20:19:00,0,2.7015526840445988e-11,0,logistic_balanced
1249,SECOM-1249,DEMO-049,02/10/2008 17:00:00,0,0.9516088792699727,1,logistic_balanced
629,SECOM-0629,DEMO-025,01/09/2008 09:19:00,0,0.00032326712056634165,0,logistic_balanced
1397,SECOM-1397,DEMO-055,07/10/2008 11:16:00,0,0.9999878635821071,1,logistic_balanced
748,SECOM-0748,DEMO-029,07/09/2008 20:12:00,0,0.08875050513357222,0,logistic_balanced
1274,SECOM-1274,DEMO-050,03/10/2008 19:23:00,0,2.900896399060419e-05,0,logistic_balanced
1106,SECOM-1106,DEMO-044,26/09/2008 15:36:00,0,0.0004172480028279517,0,logistic_balanced
691,SECOM-0691,DEMO-027,02/09/2008 14:34:00,0,0.3274071910608558,1,logistic_balanced
1537,SECOM-1537,DEMO-061,15/10/2008 18:16:00,0,7.304670563950521e-08,0,logistic_balanced
20,SECOM-0020,DEMO-000,22/07/2008 15:30:00,0,6.740991192988832e-07,0,logistic_balanced
496,SECOM-0496,DEMO-019,28/08/2008 21:03:00,0,3.287461361585313e-05,0,logistic_balanced
325,SECOM-0325,DEMO-013,20/08/2008 07:12:00,0,0.22227772273000154,1,logistic_balanced
1099,SECOM-1099,DEMO-043,26/09/2008 05:32:00,0,2.957817238954767e-06,0,logistic_balanced
502,SECOM-0502,DEMO-020,29/08/2008 01:06:00,0,0.0005024872677911242,0,logistic_balanced
611,SECOM-0611,DEMO-024,31/08/2008 20:24:00,0,3.437756848255138e-07,0,logistic_balanced
79,SECOM-0079,DEMO-003,03/08/2008 17:58:00,0,2.8869110927717443e-06,0,logistic_balanced
582,SECOM-0582,DEMO-023,30/08/2008 11:57:00,0,0.0015704334765244674,0,logistic_balanced
1466,SECOM-1466,DEMO-058,12/10/2008 00:57:00,0,5.626823200499397e-11,0,logistic_balanced
776,SECOM-0776,DEMO-031,10/09/2008 21:56:00,0,0.0001650548153331159,0,logistic_balanced
518,SECOM-0518,DEMO-020,29/08/2008 06:45:00,1,0.5866044205431176,1,logistic_balanced
818,SECOM-0818,DEMO-032,12/09/2008 23:28:00,0,3.423785019678713e-05,0,logistic_balanced
954,SECOM-0954,DEMO-038,20/09/2008 14:53:00,0,4.810696548300836e-07,0,logistic_balanced
947,SECOM-0947,DEMO-037,20/09/2008 12:27:00,0,4.276469311452718e-05,0,logistic_balanced
658,SECOM-0658,DEMO-026,02/09/2008 03:35:00,0,0.002140652821953589,0,logistic_balanced
939,SECOM-0939,DEMO-037,20/09/2008 05:34:00,0,1.698986705950149e-06,0,logistic_balanced
855,SECOM-0855,DEMO-034,15/09/2008 22:45:00,0,9.104891750142758e-05,0,logistic_balanced
1360,SECOM-1360,DEMO-054,06/10/2008 12:39:00,0,0.012951668014838113,0,logistic_balanced
178,SECOM-0178,DEMO-007,10/08/2008 00:09:00,0,0.41962249785757744,1,logistic_balanced
1129,SECOM-1129,DEMO-045,27/09/2008 13:19:00,0,0.03449000361378998,0,logistic_balanced
1150,SECOM-1150,DEMO-046,28/09/2008 08:41:00,0,0.1307241850181344,0,logistic_balanced
1333,SECOM-1333,DEMO-053,05/10/2008 20:30:00,0,0.0791852049676102,0,logistic_balanced
457,SECOM-0457,DEMO-018,27/08/2008 22:58:00,0,0.9999999993325741,1,logistic_balanced
1375,SECOM-1375,DEMO-055,06/10/2008 19:42:00,0,4.062772661546535e-05,0,logistic_balanced
1070,SECOM-1070,DEMO-042,25/09/2008 02:03:00,0,0.06322280490998769,0,logistic_balanced
141,SECOM-0141,DEMO-005,06/08/2008 20:00:00,0,1.4446920427020647e-05,0,logistic_balanced
1268,SECOM-1268,DEMO-050,03/10/2008 06:15:00,0,1.905858962723169e-06,0,logistic_balanced
1344,SECOM-1344,DEMO-053,06/10/2008 04:26:00,0,0.04507462514564632,0,logistic_balanced
1396,SECOM-1396,DEMO-055,07/10/2008 11:15:00,0,0.29682636471172263,1,logistic_balanced
932,SECOM-0932,DEMO-037,20/09/2008 00:18:00,0,4.4497024293718766e-07,0,logistic_balanced
1036,SECOM-1036,DEMO-041,23/09/2008 15:23:00,0,0.32856622736576363,1,logistic_balanced
1366,SECOM-1366,DEMO-054,06/10/2008 15:01:00,0,0.002061999543590502,0,logistic_balanced
865,SECOM-0865,DEMO-034,16/09/2008 18:23:00,0,0.00017326539851258773,0,logistic_balanced
1479,SECOM-1479,DEMO-059,13/10/2008 14:30:00,0,1.5412638935189821e-06,0,logistic_balanced
1271,SECOM-1271,DEMO-050,03/10/2008 11:40:00,0,0.0001919573073207232,0,logistic_balanced
579,SECOM-0579,DEMO-023,30/08/2008 11:12:00,0,0.019205165734980007,0,logistic_balanced
524,SECOM-0524,DEMO-020,29/08/2008 07:33:00,0,3.243495157037072e-05,0,logistic_balanced
793,SECOM-0793,DEMO-031,11/09/2008 16:28:00,0,0.011631634045446307,0,logistic_balanced
862,SECOM-0862,DEMO-034,16/09/2008 09:37:00,0,5.167641025213121e-07,0,logistic_balanced
978,SECOM-0978,DEMO-039,21/09/2008 08:22:00,0,0.00014736687679410153,0,logistic_balanced
635,SECOM-0635,DEMO-025,01/09/2008 20:51:00,0,0.00621477918409597,0,logistic_balanced
912,SECOM-0912,DEMO-036,19/09/2008 15:31:00,0,0.6150076245306755,1,logistic_balanced
750,SECOM-0750,DEMO-030,07/09/2008 23:33:00,0,0.009386631000590982,0,logistic_balanced
1441,SECOM-1441,DEMO-057,09/10/2008 14:15:00,0,1.113795444475466e-05,0,logistic_balanced
1309,SECOM-1309,DEMO-052,05/10/2008 05:31:00,0,0.011458723505119313,0,logistic_balanced
306,SECOM-0306,DEMO-012,19/08/2008 11:46:00,0,0.005187020099101736,0,logistic_balanced
1531,SECOM-1531,DEMO-061,15/10/2008 13:14:00,0,0.0023076723514288996,0,logistic_balanced
769,SECOM-0769,DEMO-030,09/09/2008 00:25:00,0,1.2771737536641235e-05,0,logistic_balanced
1305,SECOM-1305,DEMO-052,05/10/2008 01:35:00,0,0.0007816466079600366,0,logistic_balanced
1283,SECOM-1283,DEMO-051,03/10/2008 22:53:00,0,0.6800641215391423,1,logistic_balanced
326,SECOM-0326,DEMO-013,20/08/2008 08:40:00,1,0.0032964492141339006,0,logistic_balanced
458,SECOM-0458,DEMO-018,28/08/2008 03:03:00,0,1.1932855204451213e-05,0,logistic_balanced
9,SECOM-0009,DEMO-000,19/07/2008 21:35:00,0,0.003995630977209973,0,logistic_balanced
615,SECOM-0615,DEMO-024,31/08/2008 22:32:00,0,1.3847907729016158e-06,0,logistic_balanced
1208,SECOM-1208,DEMO-048,01/10/2008 00:20:00,0,0.9790968265528799,1,logistic_balanced
936,SECOM-0936,DEMO-037,20/09/2008 04:28:00,0,2.567025358857763e-09,0,logistic_balanced
1350,SECOM-1350,DEMO-054,06/10/2008 07:12:00,0,1.8130124123455748e-06,0,logistic_balanced
1222,SECOM-1222,DEMO-048,01/10/2008 21:50:00,0,1.575755104683413e-05,0,logistic_balanced
1218,SECOM-1218,DEMO-048,01/10/2008 15:16:00,0,0.8294947778857691,1,logistic_balanced
1197,SECOM-1197,DEMO-047,30/09/2008 15:16:00,0,2.1183020514464808e-08,0,logistic_balanced
5,SECOM-0005,DEMO-000,19/07/2008 17:53:00,0,0.9998920742294736,1,logistic_balanced
307,SECOM-0307,DEMO-012,19/08/2008 11:57:00,0,0.006548485829214689,0,logistic_balanced
336,SECOM-0336,DEMO-013,20/08/2008 19:20:00,1,0.0009216422008296836,0,logistic_balanced
1052,SECOM-1052,DEMO-042,24/09/2008 06:13:00,0,7.709348265262853e-05,0,logistic_balanced
1357,SECOM-1357,DEMO-054,06/10/2008 09:57:00,0,0.0007900406080419279,0,logistic_balanced
1364,SECOM-1364,DEMO-054,06/10/2008 13:55:00,1,0.10967597698495887,0,logistic_balanced
1382,SECOM-1382,DEMO-055,06/10/2008 23:03:00,0,1.8159359998330725e-06,0,logistic_balanced
1245,SECOM-1245,DEMO-049,02/10/2008 15:44:00,0,0.0024480512316934645,0,logistic_balanced
640,SECOM-0640,DEMO-025,01/09/2008 23:28:00,0,2.6382961072659235e-11,0,logistic_balanced
1390,SECOM-1390,DEMO-055,07/10/2008 09:11:00,0,0.006674607996891313,0,logistic_balanced
576,SECOM-0576,DEMO-023,30/08/2008 09:45:00,1,0.3037692954405344,1,logistic_balanced
1295,SECOM-1295,DEMO-051,04/10/2008 18:25:00,0,9.181888617912579e-05,0,logistic_balanced
550,SECOM-0550,DEMO-022,29/08/2008 22:56:00,0,0.02163904011968842,0,logistic_balanced
372,SECOM-0372,DEMO-014,21/08/2008 18:04:00,0,0.0014347958480171918,0,logistic_balanced
1499,SECOM-1499,DEMO-059,14/10/2008 13:13:00,0,0.003835890221701507,0,logistic_balanced
231,SECOM-0231,DEMO-009,17/08/2008 12:16:00,1,3.756649387860519e-05,0,logistic_balanced
672,SECOM-0672,DEMO-026,02/09/2008 10:13:00,0,2.4837221753361054e-12,0,logistic_balanced
1474,SECOM-1474,DEMO-058,13/10/2008 03:53:00,0,0.00029589771076373464,0,logistic_balanced
331,SECOM-0331,DEMO-013,20/08/2008 17:09:00,0,4.248271677364999e-06,0,logistic_balanced
1073,SECOM-1073,DEMO-042,25/09/2008 07:58:00,0,1.1772131882951805e-05,0,logistic_balanced
1525,SECOM-1525,DEMO-061,15/10/2008 07:36:00,0,0.0001822808618547092,0,logistic_balanced
753,SECOM-0753,DEMO-030,08/09/2008 01:24:00,0,1.3002076258580968e-06,0,logistic_balanced
715,SECOM-0715,DEMO-028,03/09/2008 14:29:00,0,8.286236192641159e-05,0,logistic_balanced
1226,SECOM-1226,DEMO-049,02/10/2008 00:22:00,0,0.0014594676449980934,0,logistic_balanced
930,SECOM-0930,DEMO-037,19/09/2008 23:26:00,0,0.00013299534345297004,0,logistic_balanced
1058,SECOM-1058,DEMO-042,24/09/2008 11:47:00,0,1.459026624080713e-10,0,logistic_balanced
238,SECOM-0238,DEMO-009,17/08/2008 23:04:00,1,0.0012252784063540602,0,logistic_balanced
1272,SECOM-1272,DEMO-050,03/10/2008 12:31:00,0,0.9974371129477166,1,logistic_balanced
442,SECOM-0442,DEMO-017,24/08/2008 02:32:00,0,1.1851614663454424e-05,0,logistic_balanced
424,SECOM-0424,DEMO-016,22/08/2008 19:14:00,1,0.17879585061835315,1,logistic_balanced
1493,SECOM-1493,DEMO-059,13/10/2008 22:48:00,0,0.035366915680267334,0,logistic_balanced
1282,SECOM-1282,DEMO-051,03/10/2008 22:08:00,0,0.013676230560519148,0,logistic_balanced
1377,SECOM-1377,DEMO-055,06/10/2008 20:36:00,0,0.027318238193378242,0,random_forest_balanced
1212,SECOM-1212,DEMO-048,01/10/2008 07:19:00,0,0.019364529173887923,0,random_forest_balanced
907,SECOM-0907,DEMO-036,19/09/2008 09:47:00,0,0.02302561890504343,0,random_forest_balanced
766,SECOM-0766,DEMO-030,08/09/2008 21:36:00,0,0.06191579207732876,1,random_forest_balanced
600,SECOM-0600,DEMO-024,31/08/2008 02:57:00,0,0.015583535108958838,0,random_forest_balanced
297,SECOM-0297,DEMO-011,19/08/2008 08:33:00,0,0.07111450608410678,1,random_forest_balanced
820,SECOM-0820,DEMO-032,13/09/2008 00:25:00,0,0.05562610327764592,1,random_forest_balanced
500,SECOM-0500,DEMO-020,28/08/2008 23:42:00,0,0.1141736858609448,1,random_forest_balanced
1123,SECOM-1123,DEMO-044,27/09/2008 11:45:00,0,0.057557429724907704,1,random_forest_balanced
1213,SECOM-1213,DEMO-048,01/10/2008 07:28:00,0,0.038153786539822626,0,random_forest_balanced
1543,SECOM-1543,DEMO-061,15/10/2008 23:00:00,0,0.05255541764141377,1,random_forest_balanced
1157,SECOM-1157,DEMO-046,28/09/2008 18:43:00,0,0.09613468479810586,1,random_forest_balanced
108,SECOM-0108,DEMO-004,05/08/2008 04:32:00,0,0.09608457173553647,1,random_forest_balanced
170,SECOM-0170,DEMO-006,09/08/2008 17:34:00,0,0.19559908619746136,1,random_forest_balanced
570,SECOM-0570,DEMO-022,30/08/2008 08:10:00,0,0.045820624034026695,0,random_forest_balanced
1134,SECOM-1134,DEMO-045,27/09/2008 15:30:00,0,0.0588214252517302,1,random_forest_balanced
1448,SECOM-1448,DEMO-057,10/10/2008 12:30:00,0,0.04550019377921484,0,random_forest_balanced
216,SECOM-0216,DEMO-008,16/08/2008 08:39:00,0,0.1951185639517807,1,random_forest_balanced
850,SECOM-0850,DEMO-034,15/09/2008 16:10:00,0,0.02746871008939974,0,random_forest_balanced
1049,SECOM-1049,DEMO-041,24/09/2008 03:40:00,0,0.03542273307790549,0,random_forest_balanced
1477,SECOM-1477,DEMO-059,13/10/2008 14:06:00,0,0.025888730942069123,0,random_forest_balanced
62,SECOM-0062,DEMO-002,31/07/2008 20:18:00,1,0.08323882503192849,1,random_forest_balanced
42,SECOM-0042,DEMO-001,29/07/2008 04:08:00,0,0.12477276624897467,1,random_forest_balanced
628,SECOM-0628,DEMO-025,01/09/2008 09:06:00,0,0.07619555316088389,1,random_forest_balanced
1156,SECOM-1156,DEMO-046,28/09/2008 18:34:00,0,0.08083482688855052,1,random_forest_balanced
140,SECOM-0140,DEMO-005,06/08/2008 19:24:00,0,0.1020925256302151,1,random_forest_balanced
866,SECOM-0866,DEMO-034,16/09/2008 19:34:00,0,0.07342308943799034,1,random_forest_balanced
369,SECOM-0369,DEMO-014,21/08/2008 16:36:00,0,0.027317630238695004,0,random_forest_balanced
996,SECOM-0996,DEMO-039,21/09/2008 19:19:00,0,0.046735646348113676,0,random_forest_balanced
258,SECOM-0258,DEMO-010,18/08/2008 11:04:00,0,0.08663620355788634,1,random_forest_balanced
1033,SECOM-1033,DEMO-041,23/09/2008 12:31:00,0,0.11735754432390942,1,random_forest_balanced
355,SECOM-0355,DEMO-014,21/08/2008 12:33:00,0,0.05756140100882372,1,random_forest_balanced
840,SECOM-0840,DEMO-033,14/09/2008 19:13:00,0,0.03464565333662509,0,random_forest_balanced
1394,SECOM-1394,DEMO-055,07/10/2008 10:10:00,0,0.05448566069009665,1,random_forest_balanced
1478,SECOM-1478,DEMO-059,13/10/2008 14:29:00,0,0.036568124970776446,0,random_forest_balanced
1421,SECOM-1421,DEMO-056,08/10/2008 12:11:00,0,0.026321902338346588,0,random_forest_balanced
195,SECOM-0195,DEMO-007,12/08/2008 04:23:00,0,0.09193257891174411,1,random_forest_balanced
455,SECOM-0455,DEMO-018,27/08/2008 17:14:00,0,0.04208414980904901,0,random_forest_balanced
587,SECOM-0587,DEMO-023,30/08/2008 15:16:00,0,0.07629003153723406,1,random_forest_balanced
1092,SECOM-1092,DEMO-043,25/09/2008 23:48:00,0,0.05893173165664316,1,random_forest_balanced
1090,SECOM-1090,DEMO-043,25/09/2008 22:05:00,0,0.11357718688238536,1,random_forest_balanced
65,SECOM-0065,DEMO-002,01/08/2008 10:20:00,0,0.1656892715062208,1,random_forest_balanced
1498,SECOM-1498,DEMO-059,14/10/2008 03:35:00,0,0.04669026030704476,0,random_forest_balanced
220,SECOM-0220,DEMO-008,16/08/2008 14:30:00,0,0.04716730523627076,0,random_forest_balanced
1307,SECOM-1307,DEMO-052,05/10/2008 04:20:00,0,0.09616234963843476,1,random_forest_balanced
537,SECOM-0537,DEMO-021,29/08/2008 14:18:00,0,0.04618574617156635,0,random_forest_balanced
1191,SECOM-1191,DEMO-047,30/09/2008 04:42:00,0,0.07709223290120183,1,random_forest_balanced
234,SECOM-0234,DEMO-009,17/08/2008 15:25:00,0,0.10168594362036859,1,random_forest_balanced
51,SECOM-0051,DEMO-002,29/07/2008 21:07:00,0,0.15004034099659763,1,random_forest_balanced
233,SECOM-0233,DEMO-009,17/08/2008 14:21:00,0,0.07412423702826766,1,random_forest_balanced
572,SECOM-0572,DEMO-022,30/08/2008 08:42:00,0,0.06216956666060906,1,random_forest_balanced
450,SECOM-0450,DEMO-018,27/08/2008 00:46:00,0,0.1308199233716475,1,random_forest_balanced
1048,SECOM-1048,DEMO-041,24/09/2008 03:32:00,0,0.02339590592837507,0,random_forest_balanced
68,SECOM-0068,DEMO-002,01/08/2008 12:29:00,0,0.14422909489811614,1,random_forest_balanced
705,SECOM-0705,DEMO-028,02/09/2008 20:59:00,0,0.0263344122728641,0,random_forest_balanced
390,SECOM-0390,DEMO-015,22/08/2008 00:44:00,0,0.05284348919715429,1,random_forest_balanced
1081,SECOM-1081,DEMO-043,25/09/2008 14:08:00,0,0.042540410128987835,0,random_forest_balanced
621,SECOM-0621,DEMO-024,01/09/2008 00:53:00,0,0.07863379184624042,1,random_forest_balanced
190,SECOM-0190,DEMO-007,11/08/2008 03:06:00,0,0.13320084234765828,1,random_forest_balanced
706,SECOM-0706,DEMO-028,03/09/2008 00:18:00,0,0.0740128952691621,1,random_forest_balanced
798,SECOM-0798,DEMO-031,12/09/2008 05:11:00,0,0.04720817369093231,0,random_forest_balanced
1,SECOM-0001,DEMO-000,19/07/2008 12:32:00,0,0.1240506697250486,1,random_forest_balanced
604,SECOM-0604,DEMO-024,31/08/2008 10:36:00,0,0.0386092076966179,0,random_forest_balanced
1437,SECOM-1437,DEMO-057,09/10/2008 00:23:00,0,0.018559734832108377,0,random_forest_balanced
434,SECOM-0434,DEMO-017,23/08/2008 05:57:00,0,0.06299226418536763,1,random_forest_balanced
714,SECOM-0714,DEMO-028,03/09/2008 14:24:00,0,0.05003352667940526,1,random_forest_balanced
914,SECOM-0914,DEMO-036,19/09/2008 16:58:00,1,0.09888490470341652,1,random_forest_balanced
24,SECOM-0024,DEMO-000,27/07/2008 04:18:00,0,0.09264153925478585,1,random_forest_balanced
1432,SECOM-1432,DEMO-057,08/10/2008 21:19:00,0,0.05582999164606513,1,random_forest_balanced
1103,SECOM-1103,DEMO-044,26/09/2008 14:20:00,0,0.05140229885057471,1,random_forest_balanced
837,SECOM-0837,DEMO-033,14/09/2008 17:40:00,0,0.03806387641497188,0,random_forest_balanced
345,SECOM-0345,DEMO-013,21/08/2008 02:11:00,0,0.1319567841100283,1,random_forest_balanced
1122,SECOM-1122,DEMO-044,27/09/2008 11:04:00,0,0.03178544061302682,0,random_forest_balanced
1189,SECOM-1189,DEMO-047,30/09/2008 02:44:00,1,0.05824186092717743,1,random_forest_balanced
903,SECOM-0903,DEMO-036,19/09/2008 07:18:00,0,0.04893292954785836,0,random_forest_balanced
877,SECOM-0877,DEMO-035,18/09/2008 01:43:00,0,0.06277610962577028,1,random_forest_balanced
1529,SECOM-1529,DEMO-061,15/10/2008 10:00:00,0,0.04778314124569993,0,random_forest_balanced
215,SECOM-0215,DEMO-008,16/08/2008 07:33:00,0,0.19012501776015997,1,random_forest_balanced
569,SECOM-0569,DEMO-022,30/08/2008 07:54:00,0,0.04769348659003831,0,random_forest_balanced
1446,SECOM-1446,DEMO-057,10/10/2008 10:46:00,0,0.06102804812244249,1,random_forest_balanced
1057,SECOM-1057,DEMO-042,24/09/2008 10:59:00,0,0.053807749609678025,1,random_forest_balanced
1162,SECOM-1162,DEMO-046,28/09/2008 21:08:00,0,0.051173125197089844,1,random_forest_balanced
96,SECOM-0096,DEMO-003,04/08/2008 20:58:00,1,0.15441262186740595,1,random_forest_balanced
765,SECOM-0765,DEMO-030,08/09/2008 20:00:00,0,0.035021016575957895,0,random_forest_balanced
1038,SECOM-1038,DEMO-041,23/09/2008 15:58:00,0,0.055238825031928486,1,random_forest_balanced
533,SECOM-0533,DEMO-021,29/08/2008 13:14:00,0,0.06553838283629174,1,random_forest_balanced
1563,SECOM-1563,DEMO-062,16/10/2008 20:49:00,0,0.03376107499896578,0,random_forest_balanced
11,SECOM-0011,DEMO-000,19/07/2008 22:52:00,1,0.11464111614926828,1,random_forest_balanced
1254,SECOM-1254,DEMO-050,02/10/2008 21:32:00,1,0.08278927203065135,1,random_forest_balanced
1334,SECOM-1334,DEMO-053,05/10/2008 22:13:00,0,0.0852448534685373,1,random_forest_balanced
1453,SECOM-1453,DEMO-058,10/10/2008 21:07:00,0,0.04694252873563218,0,random_forest_balanced
50,SECOM-0050,DEMO-002,29/07/2008 18:08:00,1,0.12976877709681306,1,random_forest_balanced
399,SECOM-0399,DEMO-015,22/08/2008 03:18:00,0,0.0842817822031042,1,random_forest_balanced
1472,SECOM-1472,DEMO-058,12/10/2008 18:47:00,0,0.03817281710022182,0,random_forest_balanced
693,SECOM-0693,DEMO-027,02/09/2008 16:10:00,0,0.030815391493408242,0,random_forest_balanced
320,SECOM-0320,DEMO-012,20/08/2008 02:13:00,0,0.15717522843844803,1,random_forest_balanced
1385,SECOM-1385,DEMO-055,07/10/2008 03:39:00,0,0.04705304673463645,0,random_forest_balanced
26,SECOM-0026,DEMO-001,27/07/2008 11:10:00,0,0.12612964404909538,1,random_forest_balanced
553,SECOM-0553,DEMO-022,30/08/2008 00:57:00,0,0.04364750957854406,0,random_forest_balanced
712,SECOM-0712,DEMO-028,03/09/2008 06:26:00,0,0.03501268169334136,0,random_forest_balanced
153,SECOM-0153,DEMO-006,07/08/2008 11:10:00,0,0.07945942055189632,1,random_forest_balanced
846,SECOM-0846,DEMO-033,15/09/2008 02:04:00,0,0.10157728608092889,1,random_forest_balanced
1495,SECOM-1495,DEMO-059,14/10/2008 00:35:00,0,0.02945117799941361,0,random_forest_balanced
269,SECOM-0269,DEMO-010,18/08/2008 15:30:00,0,0.09344831975059212,1,random_forest_balanced
909,SECOM-0909,DEMO-036,19/09/2008 11:13:00,0,0.043565217391304346,0,random_forest_balanced
165,SECOM-0165,DEMO-006,09/08/2008 02:37:00,0,0.12079462920224808,1,random_forest_balanced
255,SECOM-0255,DEMO-010,18/08/2008 08:18:00,0,0.08530687698170315,1,random_forest_balanced
689,SECOM-0689,DEMO-027,02/09/2008 14:09:00,0,0.23470551532341297,1,random_forest_balanced
752,SECOM-0752,DEMO-030,08/09/2008 00:40:00,0,0.07453384418901661,1,random_forest_balanced
209,SECOM-0209,DEMO-008,15/08/2008 20:00:00,0,0.18840782103743647,1,random_forest_balanced
1540,SECOM-1540,DEMO-061,15/10/2008 21:44:00,0,0.04558966222209747,0,random_forest_balanced
1328,SECOM-1328,DEMO-053,05/10/2008 16:49:00,1,0.15260192547934862,1,random_forest_balanced
242,SECOM-0242,DEMO-009,18/08/2008 00:20:00,0,0.2362180793000009,1,random_forest_balanced
1486,SECOM-1486,DEMO-059,13/10/2008 19:40:00,0,0.022546414697957068,0,random_forest_balanced
149,SECOM-0149,DEMO-005,07/08/2008 08:21:00,0,0.14566284244311795,1,random_forest_balanced
730,SECOM-0730,DEMO-029,04/09/2008 16:30:00,0,0.018163494641568103,0,random_forest_balanced
1411,SECOM-1411,DEMO-056,08/10/2008 04:47:00,0,0.011545338441890166,0,random_forest_balanced
1175,SECOM-1175,DEMO-047,29/09/2008 11:53:00,0,0.03911409228684284,0,random_forest_balanced
1565,SECOM-1565,DEMO-062,17/10/2008 06:01:00,0,0.023254150702426563,0,random_forest_balanced
1034,SECOM-1034,DEMO-041,23/09/2008 12:46:00,0,0.06255051743231374,1,random_forest_balanced
246,SECOM-0246,DEMO-009,18/08/2008 04:35:00,0,0.09673537814571631,1,random_forest_balanced
816,SECOM-0816,DEMO-032,12/09/2008 22:25:00,0,0.01907727120779655,0,random_forest_balanced
817,SECOM-0817,DEMO-032,12/09/2008 22:45:00,0,0.027683269476372924,0,random_forest_balanced
1351,SECOM-1351,DEMO-054,06/10/2008 07:17:00,0,0.06883838697606072,1,random_forest_balanced
792,SECOM-0792,DEMO-031,11/09/2008 15:08:00,0,0.04286846185563387,0,random_forest_balanced
1166,SECOM-1166,DEMO-046,29/09/2008 02:06:00,0,0.06943981418924253,1,random_forest_balanced
893,SECOM-0893,DEMO-035,18/09/2008 23:44:00,0,0.06669688559389159,1,random_forest_balanced
876,SECOM-0876,DEMO-035,18/09/2008 01:40:00,0,0.058727700189673084,1,random_forest_balanced
1003,SECOM-1003,DEMO-040,22/09/2008 01:43:00,0,0.039172413793103454,0,random_forest_balanced
283,SECOM-0283,DEMO-011,19/08/2008 04:58:00,0,0.10063177231531502,1,random_forest_balanced
146,SECOM-0146,DEMO-005,06/08/2008 23:45:00,0,0.06670254643007485,1,random_forest_balanced
1491,SECOM-1491,DEMO-059,13/10/2008 21:47:00,0,0.02989669566415176,0,random_forest_balanced
557,SECOM-0557,DEMO-022,30/08/2008 02:32:00,0,0.07265275577799736,1,random_forest_balanced
232,SECOM-0232,DEMO-009,17/08/2008 13:34:00,0,0.12230093547536383,1,random_forest_balanced
1314,SECOM-1314,DEMO-052,05/10/2008 09:04:00,0,0.03912808629152626,0,random_forest_balanced
58,SECOM-0058,DEMO-002,30/07/2008 21:16:00,1,0.10514231368762589,1,random_forest_balanced
342,SECOM-0342,DEMO-013,20/08/2008 22:45:00,0,0.07944827586206897,1,random_forest_balanced
549,SECOM-0549,DEMO-021,29/08/2008 22:49:00,0,0.05824657163810372,1,random_forest_balanced
116,SECOM-0116,DEMO-004,05/08/2008 07:48:00,0,0.06970237761092955,1,random_forest_balanced
175,SECOM-0175,DEMO-007,09/08/2008 22:37:00,0,0.11395380810922745,1,random_forest_balanced
1361,SECOM-1361,DEMO-054,06/10/2008 12:42:00,0,0.06576458410112661,1,random_forest_balanced
1152,SECOM-1152,DEMO-046,28/09/2008 17:05:00,0,0.0729550320422771,1,random_forest_balanced
435,SECOM-0435,DEMO-017,23/08/2008 05:58:00,0,0.1346882225818939,1,random_forest_balanced
183,SECOM-0183,DEMO-007,10/08/2008 11:16:00,0,0.1288586434756162,1,random_forest_balanced
795,SECOM-0795,DEMO-031,11/09/2008 22:07:00,1,0.026721869574285365,0,random_forest_balanced
1225,SECOM-1225,DEMO-049,02/10/2008 00:21:00,0,0.1016624367245575,1,random_forest_balanced
946,SECOM-0946,DEMO-037,20/09/2008 12:26:00,0,0.036,0,random_forest_balanced
1442,SECOM-1442,DEMO-057,09/10/2008 15:04:00,0,0.04744827586206897,0,random_forest_balanced
264,SECOM-0264,DEMO-010,18/08/2008 14:01:00,0,0.12929360852246358,1,random_forest_balanced
1236,SECOM-1236,DEMO-049,02/10/2008 08:52:00,0,0.07004984711436785,1,random_forest_balanced
1229,SECOM-1229,DEMO-049,02/10/2008 04:11:00,0,0.053303592960099365,1,random_forest_balanced
44,SECOM-0044,DEMO-001,29/07/2008 06:19:00,0,0.23559902055326107,1,random_forest_balanced
449,SECOM-0449,DEMO-017,25/08/2008 09:29:00,0,0.09368017218548257,1,random_forest_balanced
1316,SECOM-1316,DEMO-052,05/10/2008 10:00:00,0,0.04345444517366376,0,random_forest_balanced
31,SECOM-0031,DEMO-001,27/07/2008 22:28:00,0,0.10155792910672547,1,random_forest_balanced
1315,SECOM-1315,DEMO-052,05/10/2008 09:47:00,0,0.050284896084552076,1,random_forest_balanced
1005,SECOM-1005,DEMO-040,22/09/2008 06:05:00,0,0.05881950204737265,1,random_forest_balanced
1424,SECOM-1424,DEMO-056,08/10/2008 14:48:00,0,0.05575989782886334,1,random_forest_balanced
465,SECOM-0465,DEMO-018,28/08/2008 04:54:00,0,0.05498564111937083,1,random_forest_balanced
41,SECOM-0041,DEMO-001,28/07/2008 23:57:00,0,0.1173196451829091,1,random_forest_balanced
1431,SECOM-1431,DEMO-057,08/10/2008 20:27:00,0,0.045122140471930146,0,random_forest_balanced
459,SECOM-0459,DEMO-018,28/08/2008 03:04:00,0,0.0628900483395011,1,random_forest_balanced
130,SECOM-0130,DEMO-005,06/08/2008 03:22:00,0,0.08683770985870644,1,random_forest_balanced
709,SECOM-0709,DEMO-028,03/09/2008 01:15:00,1,0.10133949890500851,1,random_forest_balanced
461,SECOM-0461,DEMO-018,28/08/2008 03:38:00,0,0.061864199661773825,1,random_forest_balanced
104,SECOM-0104,DEMO-004,05/08/2008 02:45:00,0,0.046033205619412515,0,random_forest_balanced
1345,SECOM-1345,DEMO-053,06/10/2008 05:21:00,0,0.0452550819542553,0,random_forest_balanced
1031,SECOM-1031,DEMO-041,23/09/2008 11:43:00,0,0.06158546692884417,1,random_forest_balanced
713,SECOM-0713,DEMO-028,03/09/2008 09:38:00,0,0.0700913534271066,1,random_forest_balanced
652,SECOM-0652,DEMO-026,02/09/2008 02:02:00,0,0.09855552544353435,1,random_forest_balanced
1097,SECOM-1097,DEMO-043,26/09/2008 03:29:00,0,0.04573672859586977,0,random_forest_balanced
1242,SECOM-1242,DEMO-049,02/10/2008 14:10:00,1,0.1163522533494545,1,random_forest_balanced
1439,SECOM-1439,DEMO-057,09/10/2008 06:06:00,0,0.02755044699872286,0,random_forest_balanced
1140,SECOM-1140,DEMO-045,27/09/2008 21:45:00,0,0.03758439427540152,0,random_forest_balanced
1004,SECOM-1004,DEMO-040,22/09/2008 03:51:00,0,0.016,0,random_forest_balanced
1552,SECOM-1552,DEMO-062,16/10/2008 04:02:00,0,0.056551646630433154,1,random_forest_balanced
928,SECOM-0928,DEMO-037,19/09/2008 21:14:00,0,0.046612663532254454,0,random_forest_balanced
48,SECOM-0048,DEMO-001,29/07/2008 15:49:00,1,0.06250749790859116,1,random_forest_balanced
527,SECOM-0527,DEMO-021,29/08/2008 08:41:00,0,0.051182630906768826,1,random_forest_balanced
967,SECOM-0967,DEMO-038,20/09/2008 19:21:00,0,0.023615886163980537,0,random_forest_balanced
535,SECOM-0535,DEMO-021,29/08/2008 13:49:00,0,0.02746871008939974,0,random_forest_balanced
828,SECOM-0828,DEMO-033,13/09/2008 14:07:00,0,0.05067145227223953,1,random_forest_balanced
1354,SECOM-1354,DEMO-054,06/10/2008 08:24:00,0,0.011149300465645868,0,random_forest_balanced
726,SECOM-0726,DEMO-029,04/09/2008 11:50:00,0,0.06595076045790192,1,random_forest_balanced
1370,SECOM-1370,DEMO-054,06/10/2008 17:26:00,0,0.04984508694151978,1,random_forest_balanced
1294,SECOM-1294,DEMO-051,04/10/2008 18:15:00,0,0.0577585574123901,1,random_forest_balanced
630,SECOM-0630,DEMO-025,01/09/2008 09:54:00,0,0.05057328273662212,1,random_forest_balanced
268,SECOM-0268,DEMO-010,18/08/2008 15:26:00,0,0.07455822035563414,1,random_forest_balanced
844,SECOM-0844,DEMO-033,14/09/2008 21:31:00,0,0.07027573724725505,1,random_forest_balanced
1204,SECOM-1204,DEMO-048,30/09/2008 21:39:00,0,0.12419589384080254,1,random_forest_balanced
1259,SECOM-1259,DEMO-050,02/10/2008 23:32:00,0,0.061941527284534226,1,random_forest_balanced
366,SECOM-0366,DEMO-014,21/08/2008 15:48:00,0,0.035626495385889655,0,random_forest_balanced
1184,SECOM-1184,DEMO-047,29/09/2008 21:26:00,0,0.08526546616893356,1,random_forest_balanced
1095,SECOM-1095,DEMO-043,26/09/2008 02:26:00,0,0.047146871008939974,0,random_forest_balanced
1528,SECOM-1528,DEMO-061,15/10/2008 09:11:00,0,0.011172413793103448,0,random_forest_balanced
1239,SECOM-1239,DEMO-049,02/10/2008 09:42:00,0,0.049854463362730916,1,random_forest_balanced
397,SECOM-0397,DEMO-015,22/08/2008 02:25:00,0,0.06184808579645141,1,random_forest_balanced
17,SECOM-0017,DEMO-000,22/07/2008 08:41:00,0,0.13355049798116925,1,random_forest_balanced
1205,SECOM-1205,DEMO-048,30/09/2008 21:42:00,0,0.045972830295217273,0,random_forest_balanced
899,SECOM-0899,DEMO-035,19/09/2008 05:57:00,0,0.12448576629350376,1,random_forest_balanced
112,SECOM-0112,DEMO-004,05/08/2008 06:11:00,0,0.18009432324563956,1,random_forest_balanced
530,SECOM-0530,DEMO-021,29/08/2008 12:22:00,0,0.031918475852902084,0,random_forest_balanced
364,SECOM-0364,DEMO-014,21/08/2008 15:06:00,0,0.08346360153256706,1,random_forest_balanced
754,SECOM-0754,DEMO-030,08/09/2008 03:32:00,0,0.0745491698595147,1,random_forest_balanced
1032,SECOM-1032,DEMO-041,23/09/2008 12:29:00,0,0.09367948514142274,1,random_forest_balanced
708,SECOM-0708,DEMO-028,03/09/2008 00:58:00,0,0.04608804962598066,0,random_forest_balanced
1148,SECOM-1148,DEMO-045,28/09/2008 07:52:00,0,0.030547493143104426,0,random_forest_balanced
189,SECOM-0189,DEMO-007,10/08/2008 22:26:00,1,0.14291222205014714,1,random_forest_balanced
460,SECOM-0460,DEMO-018,28/08/2008 03:29:00,0,0.11669838317412595,1,random_forest_balanced
666,SECOM-0666,DEMO-026,02/09/2008 07:22:00,0,0.06975086815566575,1,random_forest_balanced
1367,SECOM-1367,DEMO-054,06/10/2008 15:52:00,0,0.06598674682367305,1,random_forest_balanced
531,SECOM-0531,DEMO-021,29/08/2008 12:37:00,0,0.053516135067639574,1,random_forest_balanced
1027,SECOM-1027,DEMO-041,23/09/2008 08:11:00,0,0.07504527152634961,1,random_forest_balanced
725,SECOM-0725,DEMO-029,04/09/2008 08:53:00,0,0.03801750720254567,0,random_forest_balanced
627,SECOM-0627,DEMO-025,01/09/2008 08:18:00,0,0.07161586094956064,1,random_forest_balanced
868,SECOM-0868,DEMO-034,16/09/2008 21:21:00,0,0.026662235147486498,0,random_forest_balanced
1037,SECOM-1037,DEMO-041,23/09/2008 15:33:00,0,0.06475883144032744,1,random_forest_balanced
21,SECOM-0021,DEMO-000,23/07/2008 05:15:00,0,0.08689655172413792,1,random_forest_balanced
1209,SECOM-1209,DEMO-048,01/10/2008 01:11:00,0,0.061813482011680375,1,random_forest_balanced
1412,SECOM-1412,DEMO-056,08/10/2008 05:35:00,0,0.04916446824161179,0,random_forest_balanced
707,SECOM-0707,DEMO-028,03/09/2008 00:45:00,0,0.07401528326779326,1,random_forest_balanced
959,SECOM-0959,DEMO-038,20/09/2008 16:43:00,0,0.03422484035759898,0,random_forest_balanced
1336,SECOM-1336,DEMO-053,06/10/2008 01:25:00,0,0.05919284802043422,1,random_forest_balanced
154,SECOM-0154,DEMO-006,07/08/2008 11:40:00,1,0.07818147363313997,1,random_forest_balanced
1353,SECOM-1353,DEMO-054,06/10/2008 07:38:00,0,0.07647379453378947,1,random_forest_balanced
1116,SECOM-1116,DEMO-044,27/09/2008 00:16:00,0,0.050998975481734106,1,random_forest_balanced
1231,SECOM-1231,DEMO-049,02/10/2008 04:24:00,0,0.021705399326217446,0,random_forest_balanced
1142,SECOM-1142,DEMO-045,28/09/2008 01:22:00,0,0.061193066628169,1,random_forest_balanced
23,SECOM-0023,DEMO-000,25/07/2008 15:23:00,1,0.12316496397650806,1,random_forest_balanced
751,SECOM-0751,DEMO-030,08/09/2008 00:32:00,0,0.04650687149779709,0,random_forest_balanced
25,SECOM-0025,DEMO-001,27/07/2008 09:37:00,0,0.09189114955004671,1,random_forest_balanced
1433,SECOM-1433,DEMO-057,08/10/2008 21:45:00,0,0.019528846153846154,0,random_forest_balanced
973,SECOM-0973,DEMO-038,21/09/2008 03:47:00,0,0.0391832642967817,0,random_forest_balanced
383,SECOM-0383,DEMO-015,21/08/2008 22:25:00,0,0.1341693795348968,1,random_forest_balanced
811,SECOM-0811,DEMO-032,12/09/2008 18:01:00,0,0.008,0,random_forest_balanced
1137,SECOM-1137,DEMO-045,27/09/2008 18:14:00,0,0.08661653491960258,1,random_forest_balanced
571,SECOM-0571,DEMO-022,30/08/2008 08:29:00,0,0.05301925493627668,1,random_forest_balanced
698,SECOM-0698,DEMO-027,02/09/2008 17:18:00,0,0.045839347670151055,0,random_forest_balanced
678,SECOM-0678,DEMO-027,02/09/2008 11:47:00,0,0.08955527562405124,1,random_forest_balanced
989,SECOM-0989,DEMO-039,21/09/2008 15:15:00,0,0.039017532480568794,0,random_forest_balanced
1237,SECOM-1237,DEMO-049,02/10/2008 08:57:00,0,0.0394248243248009,0,random_forest_balanced
1398,SECOM-1398,DEMO-055,07/10/2008 11:36:00,0,0.049486061664797534,1,random_forest_balanced
174,SECOM-0174,DEMO-006,09/08/2008 22:15:00,0,0.07625749051933986,1,random_forest_balanced
1522,SECOM-1522,DEMO-060,15/10/2008 05:13:00,0,0.035181142454481396,0,random_forest_balanced
288,SECOM-0288,DEMO-011,19/08/2008 05:41:00,0,0.06645698740583111,1,random_forest_balanced
1310,SECOM-1310,DEMO-052,05/10/2008 05:53:00,0,0.03949936143039591,0,random_forest_balanced
643,SECOM-0643,DEMO-025,01/09/2008 23:59:00,0,0.10959544023558883,1,random_forest_balanced
1482,SECOM-1482,DEMO-059,13/10/2008 15:42:00,0,0.045803977785627205,0,random_forest_balanced
847,SECOM-0847,DEMO-033,15/09/2008 10:03:00,0,0.09039666860925123,1,random_forest_balanced
245,SECOM-0245,DEMO-009,18/08/2008 04:12:00,0,0.106551909175476,1,random_forest_balanced
219,SECOM-0219,DEMO-008,16/08/2008 13:51:00,0,0.062042544029141805,1,random_forest_balanced
1080,SECOM-1080,DEMO-043,25/09/2008 13:42:00,0,0.06299154228712205,1,random_forest_balanced
545,SECOM-0545,DEMO-021,29/08/2008 21:46:00,0,0.03057211611907619,0,random_forest_balanced
313,SECOM-0313,DEMO-012,19/08/2008 18:30:00,0,0.07739173544014627,1,random_forest_balanced
1219,SECOM-1219,DEMO-048,01/10/2008 16:43:00,0,0.05140229885057471,1,random_forest_balanced
444,SECOM-0444,DEMO-017,24/08/2008 07:12:00,0,0.06432059946949453,1,random_forest_balanced
956,SECOM-0956,DEMO-038,20/09/2008 15:19:00,0,0.026296581918483428,0,random_forest_balanced
296,SECOM-0296,DEMO-011,19/08/2008 08:07:00,0,0.05819521203471562,1,random_forest_balanced
344,SECOM-0344,DEMO-013,20/08/2008 23:43:00,1,0.09401954684504552,1,random_forest_balanced
972,SECOM-0972,DEMO-038,21/09/2008 03:04:00,0,0.06314239584212014,1,random_forest_balanced
720,SECOM-0720,DEMO-028,03/09/2008 20:10:00,0,0.042519095197111945,0,random_forest_balanced
1138,SECOM-1138,DEMO-045,27/09/2008 19:16:00,0,0.0619327186390988,1,random_forest_balanced
563,SECOM-0563,DEMO-022,30/08/2008 04:55:00,0,0.04210084110259493,0,random_forest_balanced
1541,SECOM-1541,DEMO-061,15/10/2008 22:45:00,0,0.047705700635026674,0,random_forest_balanced
1098,SECOM-1098,DEMO-043,26/09/2008 04:14:00,0,0.023364529173887923,0,random_forest_balanced
187,SECOM-0187,DEMO-007,10/08/2008 19:07:00,0,0.13381353767560664,1,random_forest_balanced
786,SECOM-0786,DEMO-031,11/09/2008 12:47:00,0,0.12112444155959495,1,random_forest_balanced
228,SECOM-0228,DEMO-009,17/08/2008 03:46:00,0,0.13265958294362737,1,random_forest_balanced
18,SECOM-0018,DEMO-000,22/07/2008 11:47:00,0,0.10562941254541876,1,random_forest_balanced
674,SECOM-0674,DEMO-026,02/09/2008 10:25:00,0,0.06971063886679335,1,random_forest_balanced
905,SECOM-0905,DEMO-036,19/09/2008 08:52:00,0,0.05881895129808015,1,random_forest_balanced
176,SECOM-0176,DEMO-007,09/08/2008 23:17:00,0,0.17231923465276527,1,random_forest_balanced
352,SECOM-0352,DEMO-014,21/08/2008 11:22:00,0,0.023300139979363393,0,random_forest_balanced
887,SECOM-0887,DEMO-035,18/09/2008 18:12:00,0,0.042845265623895006,0,random_forest_balanced
173,SECOM-0173,DEMO-006,09/08/2008 21:07:00,0,0.09210738520877142,1,random_forest_balanced
1407,SECOM-1407,DEMO-056,07/10/2008 19:24:00,0,0.027432950191570882,0,random_forest_balanced
1352,SECOM-1352,DEMO-054,06/10/2008 07:35:00,0,0.02775478927203065,0,random_forest_balanced
520,SECOM-0520,DEMO-020,29/08/2008 07:18:00,0,0.05097019958345233,1,random_forest_balanced
834,SECOM-0834,DEMO-033,14/09/2008 15:02:00,0,0.06233827834634886,1,random_forest_balanced
464,SECOM-0464,DEMO-018,28/08/2008 04:20:00,0,0.04588226548000852,0,random_forest_balanced
476,SECOM-0476,DEMO-019,28/08/2008 10:28:00,0,0.06730646797813215,1,random_forest_balanced
515,SECOM-0515,DEMO-020,29/08/2008 06:35:00,0,0.18801665857386707,1,random_forest_balanced
953,SECOM-0953,DEMO-038,20/09/2008 14:50:00,0,0.03089655172413793,0,random_forest_balanced
440,SECOM-0440,DEMO-017,23/08/2008 15:10:00,0,0.05445492110044269,1,random_forest_balanced
872,SECOM-0872,DEMO-034,17/09/2008 07:14:00,0,0.06242337012870465,1,random_forest_balanced
392,SECOM-0392,DEMO-015,22/08/2008 01:04:00,1,0.09248740311275569,1,random_forest_balanced
512,SECOM-0512,DEMO-020,29/08/2008 05:54:00,0,0.022439950352096068,0,random_forest_balanced
1456,SECOM-1456,DEMO-058,11/10/2008 06:56:00,0,0.057696129514863304,1,random_forest_balanced
287,SECOM-0287,DEMO-011,19/08/2008 05:40:00,0,0.10849817411756157,1,random_forest_balanced
121,SECOM-0121,DEMO-004,05/08/2008 15:45:00,0,0.2716875457749362,1,random_forest_balanced
1094,SECOM-1094,DEMO-043,26/09/2008 01:21:00,0,0.09371789555588333,1,random_forest_balanced
337,SECOM-0337,DEMO-013,20/08/2008 20:19:00,0,0.050678115487710694,1,random_forest_balanced
1249,SECOM-1249,DEMO-049,02/10/2008 17:00:00,0,0.06164471059547243,1,random_forest_balanced
629,SECOM-0629,DEMO-025,01/09/2008 09:19:00,0,0.045996078883635105,0,random_forest_balanced
1397,SECOM-1397,DEMO-055,07/10/2008 11:16:00,0,0.06917710688351461,1,random_forest_balanced
748,SECOM-0748,DEMO-029,07/09/2008 20:12:00,0,0.06262682707758008,1,random_forest_balanced
1274,SECOM-1274,DEMO-050,03/10/2008 19:23:00,0,0.04607537273328906,0,random_forest_balanced
1106,SECOM-1106,DEMO-044,26/09/2008 15:36:00,0,0.04939428996343952,0,random_forest_balanced
691,SECOM-0691,DEMO-027,02/09/2008 14:34:00,0,0.03125369001092863,0,random_forest_balanced
1537,SECOM-1537,DEMO-061,15/10/2008 18:16:00,0,0.01156321331943779,0,random_forest_balanced
20,SECOM-0020,DEMO-000,22/07/2008 15:30:00,0,0.07694056410471696,1,random_forest_balanced
496,SECOM-0496,DEMO-019,28/08/2008 21:03:00,0,0.036,0,random_forest_balanced
325,SECOM-0325,DEMO-013,20/08/2008 07:12:00,0,0.1225001069844729,1,random_forest_balanced
1099,SECOM-1099,DEMO-043,26/09/2008 05:32:00,0,0.05524393358876118,1,random_forest_balanced
502,SECOM-0502,DEMO-020,29/08/2008 01:06:00,0,0.096865809079324,1,random_forest_balanced
611,SECOM-0611,DEMO-024,31/08/2008 20:24:00,0,0.023537906137184116,0,random_forest_balanced
79,SECOM-0079,DEMO-003,03/08/2008 17:58:00,0,0.11637286920412049,1,random_forest_balanced
582,SECOM-0582,DEMO-023,30/08/2008 11:57:00,0,0.06377522349936143,1,random_forest_balanced
1466,SECOM-1466,DEMO-058,12/10/2008 00:57:00,0,0.011821200510855683,0,random_forest_balanced
776,SECOM-0776,DEMO-031,10/09/2008 21:56:00,0,0.043509578544061296,0,random_forest_balanced
518,SECOM-0518,DEMO-020,29/08/2008 06:45:00,1,0.07056885798983988,1,random_forest_balanced
818,SECOM-0818,DEMO-032,12/09/2008 23:28:00,0,0.04692321619619784,0,random_forest_balanced
954,SECOM-0954,DEMO-038,20/09/2008 14:53:00,0,0.045902026101522,0,random_forest_balanced
947,SECOM-0947,DEMO-037,20/09/2008 12:27:00,0,0.0194461506968056,0,random_forest_balanced
658,SECOM-0658,DEMO-026,02/09/2008 03:35:00,0,0.06537711383179202,1,random_forest_balanced
939,SECOM-0939,DEMO-037,20/09/2008 05:34:00,0,0.06949265072780884,1,random_forest_balanced
855,SECOM-0855,DEMO-034,15/09/2008 22:45:00,0,0.041769339870151176,0,random_forest_balanced
1360,SECOM-1360,DEMO-054,06/10/2008 12:39:00,0,0.07476457131629546,1,random_forest_balanced
178,SECOM-0178,DEMO-007,10/08/2008 00:09:00,0,0.10684922459405218,1,random_forest_balanced
1129,SECOM-1129,DEMO-045,27/09/2008 13:19:00,0,0.0423483885778446,0,random_forest_balanced
1150,SECOM-1150,DEMO-046,28/09/2008 08:41:00,0,0.06165781508405329,1,random_forest_balanced
1333,SECOM-1333,DEMO-053,05/10/2008 20:30:00,0,0.09120953636767633,1,random_forest_balanced
457,SECOM-0457,DEMO-018,27/08/2008 22:58:00,0,0.0906534316085781,1,random_forest_balanced
1375,SECOM-1375,DEMO-055,06/10/2008 19:42:00,0,0.05129114230763406,1,random_forest_balanced
1070,SECOM-1070,DEMO-042,25/09/2008 02:03:00,0,0.03966794380587484,0,random_forest_balanced
141,SECOM-0141,DEMO-005,06/08/2008 20:00:00,0,0.12413855972907643,1,random_forest_balanced
1268,SECOM-1268,DEMO-050,03/10/2008 06:15:00,0,0.038853967720258085,0,random_forest_balanced
1344,SECOM-1344,DEMO-053,06/10/2008 04:26:00,0,0.04237353568214962,0,random_forest_balanced
1396,SECOM-1396,DEMO-055,07/10/2008 11:15:00,0,0.029880769850908095,0,random_forest_balanced
932,SECOM-0932,DEMO-037,20/09/2008 00:18:00,0,0.030653675506910193,0,random_forest_balanced
1036,SECOM-1036,DEMO-041,23/09/2008 15:23:00,0,0.04220812164001189,0,random_forest_balanced
1366,SECOM-1366,DEMO-054,06/10/2008 15:01:00,0,0.0658556827861603,1,random_forest_balanced
865,SECOM-0865,DEMO-034,16/09/2008 18:23:00,0,0.02372924648786718,0,random_forest_balanced
1479,SECOM-1479,DEMO-059,13/10/2008 14:30:00,0,0.019514687100893997,0,random_forest_balanced
1271,SECOM-1271,DEMO-050,03/10/2008 11:40:00,0,0.061139902318179035,1,random_forest_balanced
579,SECOM-0579,DEMO-023,30/08/2008 11:12:00,0,0.03866196558887931,0,random_forest_balanced
524,SECOM-0524,DEMO-020,29/08/2008 07:33:00,0,0.06724393358876117,1,random_forest_balanced
793,SECOM-0793,DEMO-031,11/09/2008 16:28:00,0,0.0416663431412186,0,random_forest_balanced
862,SECOM-0862,DEMO-034,16/09/2008 09:37:00,0,0.02675164188150746,0,random_forest_balanced
978,SECOM-0978,DEMO-039,21/09/2008 08:22:00,0,0.038394854956959885,0,random_forest_balanced
635,SECOM-0635,DEMO-025,01/09/2008 20:51:00,0,0.06208310679824922,1,random_forest_balanced
912,SECOM-0912,DEMO-036,19/09/2008 15:31:00,0,0.04255592792626445,0,random_forest_balanced
750,SECOM-0750,DEMO-030,07/09/2008 23:33:00,0,0.06400441252637572,1,random_forest_balanced
1441,SECOM-1441,DEMO-057,09/10/2008 14:15:00,0,0.038254786419994996,0,random_forest_balanced
1309,SECOM-1309,DEMO-052,05/10/2008 05:31:00,0,0.11250138290366213,1,random_forest_balanced
306,SECOM-0306,DEMO-012,19/08/2008 11:46:00,0,0.08682046999397702,1,random_forest_balanced
1531,SECOM-1531,DEMO-061,15/10/2008 13:14:00,0,0.03137109223166195,0,random_forest_balanced
769,SECOM-0769,DEMO-030,09/09/2008 00:25:00,0,0.09257547516814188,1,random_forest_balanced
1305,SECOM-1305,DEMO-052,05/10/2008 01:35:00,0,0.06470504799208074,1,random_forest_balanced
1283,SECOM-1283,DEMO-051,03/10/2008 22:53:00,0,0.08390170478431087,1,random_forest_balanced
326,SECOM-0326,DEMO-013,20/08/2008 08:40:00,1,0.17688861754142324,1,random_forest_balanced
458,SECOM-0458,DEMO-018,28/08/2008 03:03:00,0,0.06996776757279048,1,random_forest_balanced
9,SECOM-0009,DEMO-000,19/07/2008 21:35:00,0,0.06998826832609077,1,random_forest_balanced
615,SECOM-0615,DEMO-024,31/08/2008 22:32:00,0,0.027474940334128877,0,random_forest_balanced
1208,SECOM-1208,DEMO-048,01/10/2008 00:20:00,0,0.10590599429063761,1,random_forest_balanced
936,SECOM-0936,DEMO-037,20/09/2008 04:28:00,0,0.07282997804648689,1,random_forest_balanced
1350,SECOM-1350,DEMO-054,06/10/2008 07:12:00,0,0.04994402921044375,1,random_forest_balanced
1222,SECOM-1222,DEMO-048,01/10/2008 21:50:00,0,0.0631034624400677,1,random_forest_balanced
1218,SECOM-1218,DEMO-048,01/10/2008 15:16:00,0,0.10392951647977094,1,random_forest_balanced
1197,SECOM-1197,DEMO-047,30/09/2008 15:16:00,0,0.05958712460137197,1,random_forest_balanced
5,SECOM-0005,DEMO-000,19/07/2008 17:53:00,0,0.18523182243654998,1,random_forest_balanced
307,SECOM-0307,DEMO-012,19/08/2008 11:57:00,0,0.07400532547622986,1,random_forest_balanced
336,SECOM-0336,DEMO-013,20/08/2008 19:20:00,1,0.13662050840100676,1,random_forest_balanced
1052,SECOM-1052,DEMO-042,24/09/2008 06:13:00,0,0.11017870504397152,1,random_forest_balanced
1357,SECOM-1357,DEMO-054,06/10/2008 09:57:00,0,0.0749292039632049,1,random_forest_balanced
1364,SECOM-1364,DEMO-054,06/10/2008 13:55:00,1,0.10668690742637485,1,random_forest_balanced
1382,SECOM-1382,DEMO-055,06/10/2008 23:03:00,0,0.050259714045416314,1,random_forest_balanced
1245,SECOM-1245,DEMO-049,02/10/2008 15:44:00,0,0.09981688527115354,1,random_forest_balanced
640,SECOM-0640,DEMO-025,01/09/2008 23:28:00,0,0.03143805874840357,0,random_forest_balanced
1390,SECOM-1390,DEMO-055,07/10/2008 09:11:00,0,0.054399333266512515,1,random_forest_balanced
576,SECOM-0576,DEMO-023,30/08/2008 09:45:00,1,0.04213316860652389,0,random_forest_balanced
1295,SECOM-1295,DEMO-051,04/10/2008 18:25:00,0,0.035729246487867176,0,random_forest_balanced
550,SECOM-0550,DEMO-022,29/08/2008 22:56:00,0,0.05648754456695808,1,random_forest_balanced
372,SECOM-0372,DEMO-014,21/08/2008 18:04:00,0,0.08185027929715735,1,random_forest_balanced
1499,SECOM-1499,DEMO-059,14/10/2008 13:13:00,0,0.031037721064138366,0,random_forest_balanced
231,SECOM-0231,DEMO-009,17/08/2008 12:16:00,1,0.07436663299387519,1,random_forest_balanced
672,SECOM-0672,DEMO-026,02/09/2008 10:13:00,0,0.05428382849177634,1,random_forest_balanced
1474,SECOM-1474,DEMO-058,13/10/2008 03:53:00,0,0.043292459807304964,0,random_forest_balanced
331,SECOM-0331,DEMO-013,20/08/2008 17:09:00,0,0.03921067679527243,0,random_forest_balanced
1073,SECOM-1073,DEMO-042,25/09/2008 07:58:00,0,0.03452730572512787,0,random_forest_balanced
1525,SECOM-1525,DEMO-061,15/10/2008 07:36:00,0,0.06502514976231291,1,random_forest_balanced
753,SECOM-0753,DEMO-030,08/09/2008 01:24:00,0,0.06669887074006857,1,random_forest_balanced
715,SECOM-0715,DEMO-028,03/09/2008 14:29:00,0,0.049736272957368044,1,random_forest_balanced
1226,SECOM-1226,DEMO-049,02/10/2008 00:22:00,0,0.06960536770572559,1,random_forest_balanced
930,SECOM-0930,DEMO-037,19/09/2008 23:26:00,0,0.02268199233716475,0,random_forest_balanced
1058,SECOM-1058,DEMO-042,24/09/2008 11:47:00,0,0.04310600255427842,0,random_forest_balanced
238,SECOM-0238,DEMO-009,17/08/2008 23:04:00,1,0.21941494779171314,1,random_forest_balanced
1272,SECOM-1272,DEMO-050,03/10/2008 12:31:00,0,0.10436905242995471,1,random_forest_balanced
442,SECOM-0442,DEMO-017,24/08/2008 02:32:00,0,0.07739639413211168,1,random_forest_balanced
424,SECOM-0424,DEMO-016,22/08/2008 19:14:00,1,0.055310880948749586,1,random_forest_balanced
1493,SECOM-1493,DEMO-059,13/10/2008 22:48:00,0,0.03967305236270754,0,random_forest_balanced
1282,SECOM-1282,DEMO-051,03/10/2008 22:08:00,0,0.06459903819340349,1,random_forest_balanced
1377,SECOM-1377,DEMO-055,06/10/2008 20:36:00,0,0.027014726772904396,0,xgboost_unweighted
1212,SECOM-1212,DEMO-048,01/10/2008 07:19:00,0,0.004064503591507673,0,xgboost_unweighted
907,SECOM-0907,DEMO-036,19/09/2008 09:47:00,0,0.006815189495682716,0,xgboost_unweighted
766,SECOM-0766,DEMO-030,08/09/2008 21:36:00,0,0.01641654781997204,0,xgboost_unweighted
600,SECOM-0600,DEMO-024,31/08/2008 02:57:00,0,0.00952084455639124,0,xgboost_unweighted
297,SECOM-0297,DEMO-011,19/08/2008 08:33:00,0,0.014418590813875198,0,xgboost_unweighted
820,SECOM-0820,DEMO-032,13/09/2008 00:25:00,0,0.016632789745926857,0,xgboost_unweighted
500,SECOM-0500,DEMO-020,28/08/2008 23:42:00,0,0.020829809829592705,0,xgboost_unweighted
1123,SECOM-1123,DEMO-044,27/09/2008 11:45:00,0,0.0040300944820046425,0,xgboost_unweighted
1213,SECOM-1213,DEMO-048,01/10/2008 07:28:00,0,0.014764633029699326,0,xgboost_unweighted
1543,SECOM-1543,DEMO-061,15/10/2008 23:00:00,0,0.01966426707804203,0,xgboost_unweighted
1157,SECOM-1157,DEMO-046,28/09/2008 18:43:00,0,0.0064615365117788315,0,xgboost_unweighted
108,SECOM-0108,DEMO-004,05/08/2008 04:32:00,0,0.007462907582521439,0,xgboost_unweighted
170,SECOM-0170,DEMO-006,09/08/2008 17:34:00,0,0.09257179498672485,1,xgboost_unweighted
570,SECOM-0570,DEMO-022,30/08/2008 08:10:00,0,0.017878739163279533,0,xgboost_unweighted
1134,SECOM-1134,DEMO-045,27/09/2008 15:30:00,0,0.0359727218747139,1,xgboost_unweighted
1448,SECOM-1448,DEMO-057,10/10/2008 12:30:00,0,0.003984750248491764,0,xgboost_unweighted
216,SECOM-0216,DEMO-008,16/08/2008 08:39:00,0,0.13693998754024506,1,xgboost_unweighted
850,SECOM-0850,DEMO-034,15/09/2008 16:10:00,0,0.012954956851899624,0,xgboost_unweighted
1049,SECOM-1049,DEMO-041,24/09/2008 03:40:00,0,0.011998799629509449,0,xgboost_unweighted
1477,SECOM-1477,DEMO-059,13/10/2008 14:06:00,0,0.004238317720592022,0,xgboost_unweighted
62,SECOM-0062,DEMO-002,31/07/2008 20:18:00,1,0.015033171512186527,0,xgboost_unweighted
42,SECOM-0042,DEMO-001,29/07/2008 04:08:00,0,0.031524207442998886,0,xgboost_unweighted
628,SECOM-0628,DEMO-025,01/09/2008 09:06:00,0,0.012371094897389412,0,xgboost_unweighted
1156,SECOM-1156,DEMO-046,28/09/2008 18:34:00,0,0.017468033358454704,0,xgboost_unweighted
140,SECOM-0140,DEMO-005,06/08/2008 19:24:00,0,0.013311299495398998,0,xgboost_unweighted
866,SECOM-0866,DEMO-034,16/09/2008 19:34:00,0,0.021148672327399254,0,xgboost_unweighted
369,SECOM-0369,DEMO-014,21/08/2008 16:36:00,0,0.013906046748161316,0,xgboost_unweighted
996,SECOM-0996,DEMO-039,21/09/2008 19:19:00,0,0.020530644804239273,0,xgboost_unweighted
258,SECOM-0258,DEMO-010,18/08/2008 11:04:00,0,0.009992108680307865,0,xgboost_unweighted
1033,SECOM-1033,DEMO-041,23/09/2008 12:31:00,0,0.07970340549945831,1,xgboost_unweighted
355,SECOM-0355,DEMO-014,21/08/2008 12:33:00,0,0.00810237880796194,0,xgboost_unweighted
840,SECOM-0840,DEMO-033,14/09/2008 19:13:00,0,0.020634271204471588,0,xgboost_unweighted
1394,SECOM-1394,DEMO-055,07/10/2008 10:10:00,0,0.005953910294920206,0,xgboost_unweighted
1478,SECOM-1478,DEMO-059,13/10/2008 14:29:00,0,0.0031668024603277445,0,xgboost_unweighted
1421,SECOM-1421,DEMO-056,08/10/2008 12:11:00,0,0.0012275155168026686,0,xgboost_unweighted
195,SECOM-0195,DEMO-007,12/08/2008 04:23:00,0,0.030838141217827797,0,xgboost_unweighted
455,SECOM-0455,DEMO-018,27/08/2008 17:14:00,0,0.004814573097974062,0,xgboost_unweighted
587,SECOM-0587,DEMO-023,30/08/2008 15:16:00,0,0.009641398675739765,0,xgboost_unweighted
1092,SECOM-1092,DEMO-043,25/09/2008 23:48:00,0,0.02144765667617321,0,xgboost_unweighted
1090,SECOM-1090,DEMO-043,25/09/2008 22:05:00,0,0.01350647583603859,0,xgboost_unweighted
65,SECOM-0065,DEMO-002,01/08/2008 10:20:00,0,0.05365651473402977,1,xgboost_unweighted
1498,SECOM-1498,DEMO-059,14/10/2008 03:35:00,0,0.005568630527704954,0,xgboost_unweighted
220,SECOM-0220,DEMO-008,16/08/2008 14:30:00,0,0.021182706579566002,0,xgboost_unweighted
1307,SECOM-1307,DEMO-052,05/10/2008 04:20:00,0,0.057541266083717346,1,xgboost_unweighted
537,SECOM-0537,DEMO-021,29/08/2008 14:18:00,0,0.01310645416378975,0,xgboost_unweighted
1191,SECOM-1191,DEMO-047,30/09/2008 04:42:00,0,0.031618162989616394,0,xgboost_unweighted
234,SECOM-0234,DEMO-009,17/08/2008 15:25:00,0,0.010453280061483383,0,xgboost_unweighted
51,SECOM-0051,DEMO-002,29/07/2008 21:07:00,0,0.08797953277826309,1,xgboost_unweighted
233,SECOM-0233,DEMO-009,17/08/2008 14:21:00,0,0.03929615765810013,1,xgboost_unweighted
572,SECOM-0572,DEMO-022,30/08/2008 08:42:00,0,0.024756047874689102,0,xgboost_unweighted
450,SECOM-0450,DEMO-018,27/08/2008 00:46:00,0,0.02191920578479767,0,xgboost_unweighted
1048,SECOM-1048,DEMO-041,24/09/2008 03:32:00,0,0.0036155753768980503,0,xgboost_unweighted
68,SECOM-0068,DEMO-002,01/08/2008 12:29:00,0,0.02043384499847889,0,xgboost_unweighted
705,SECOM-0705,DEMO-028,02/09/2008 20:59:00,0,0.005113826133310795,0,xgboost_unweighted
390,SECOM-0390,DEMO-015,22/08/2008 00:44:00,0,0.013412470929324627,0,xgboost_unweighted
1081,SECOM-1081,DEMO-043,25/09/2008 14:08:00,0,0.0051770941354334354,0,xgboost_unweighted
621,SECOM-0621,DEMO-024,01/09/2008 00:53:00,0,0.02069089375436306,0,xgboost_unweighted
190,SECOM-0190,DEMO-007,11/08/2008 03:06:00,0,0.056992415338754654,1,xgboost_unweighted
706,SECOM-0706,DEMO-028,03/09/2008 00:18:00,0,0.009425042197108269,0,xgboost_unweighted
798,SECOM-0798,DEMO-031,12/09/2008 05:11:00,0,0.006175979971885681,0,xgboost_unweighted
1,SECOM-0001,DEMO-000,19/07/2008 12:32:00,0,0.04878350347280502,1,xgboost_unweighted
604,SECOM-0604,DEMO-024,31/08/2008 10:36:00,0,0.007536016870290041,0,xgboost_unweighted
1437,SECOM-1437,DEMO-057,09/10/2008 00:23:00,0,0.0018894289387390018,0,xgboost_unweighted
434,SECOM-0434,DEMO-017,23/08/2008 05:57:00,0,0.028079316020011902,0,xgboost_unweighted
714,SECOM-0714,DEMO-028,03/09/2008 14:24:00,0,0.007604948244988918,0,xgboost_unweighted
914,SECOM-0914,DEMO-036,19/09/2008 16:58:00,1,0.02941291220486164,0,xgboost_unweighted
24,SECOM-0024,DEMO-000,27/07/2008 04:18:00,0,0.055857643485069275,1,xgboost_unweighted
1432,SECOM-1432,DEMO-057,08/10/2008 21:19:00,0,0.007056253496557474,0,xgboost_unweighted
1103,SECOM-1103,DEMO-044,26/09/2008 14:20:00,0,0.012599438428878784,0,xgboost_unweighted
837,SECOM-0837,DEMO-033,14/09/2008 17:40:00,0,0.003920042887330055,0,xgboost_unweighted
345,SECOM-0345,DEMO-013,21/08/2008 02:11:00,0,0.12008444964885712,1,xgboost_unweighted
1122,SECOM-1122,DEMO-044,27/09/2008 11:04:00,0,0.012304223142564297,0,xgboost_unweighted
1189,SECOM-1189,DEMO-047,30/09/2008 02:44:00,1,0.020011290907859802,0,xgboost_unweighted
903,SECOM-0903,DEMO-036,19/09/2008 07:18:00,0,0.005542682018131018,0,xgboost_unweighted
877,SECOM-0877,DEMO-035,18/09/2008 01:43:00,0,0.009286481887102127,0,xgboost_unweighted
1529,SECOM-1529,DEMO-061,15/10/2008 10:00:00,0,0.0022047562524676323,0,xgboost_unweighted
215,SECOM-0215,DEMO-008,16/08/2008 07:33:00,0,0.14870674908161163,1,xgboost_unweighted
569,SECOM-0569,DEMO-022,30/08/2008 07:54:00,0,0.006044547539204359,0,xgboost_unweighted
1446,SECOM-1446,DEMO-057,10/10/2008 10:46:00,0,0.011462138965725899,0,xgboost_unweighted
1057,SECOM-1057,DEMO-042,24/09/2008 10:59:00,0,0.00943329930305481,0,xgboost_unweighted
1162,SECOM-1162,DEMO-046,28/09/2008 21:08:00,0,0.007128080353140831,0,xgboost_unweighted
96,SECOM-0096,DEMO-003,04/08/2008 20:58:00,1,0.05572718754410744,1,xgboost_unweighted
765,SECOM-0765,DEMO-030,08/09/2008 20:00:00,0,0.0067359390668570995,0,xgboost_unweighted
1038,SECOM-1038,DEMO-041,23/09/2008 15:58:00,0,0.023128317669034004,0,xgboost_unweighted
533,SECOM-0533,DEMO-021,29/08/2008 13:14:00,0,0.010943648405373096,0,xgboost_unweighted
1563,SECOM-1563,DEMO-062,16/10/2008 20:49:00,0,0.004929148592054844,0,xgboost_unweighted
11,SECOM-0011,DEMO-000,19/07/2008 22:52:00,1,0.06738070398569107,1,xgboost_unweighted
1254,SECOM-1254,DEMO-050,02/10/2008 21:32:00,1,0.020135419443249702,0,xgboost_unweighted
1334,SECOM-1334,DEMO-053,05/10/2008 22:13:00,0,0.02175970934331417,0,xgboost_unweighted
1453,SECOM-1453,DEMO-058,10/10/2008 21:07:00,0,0.005024497862905264,0,xgboost_unweighted
50,SECOM-0050,DEMO-002,29/07/2008 18:08:00,1,0.019712170585989952,0,xgboost_unweighted
399,SECOM-0399,DEMO-015,22/08/2008 03:18:00,0,0.047757457941770554,1,xgboost_unweighted
1472,SECOM-1472,DEMO-058,12/10/2008 18:47:00,0,0.009631959721446037,0,xgboost_unweighted
693,SECOM-0693,DEMO-027,02/09/2008 16:10:00,0,0.007655956782400608,0,xgboost_unweighted
320,SECOM-0320,DEMO-012,20/08/2008 02:13:00,0,0.03447951003909111,1,xgboost_unweighted
1385,SECOM-1385,DEMO-055,07/10/2008 03:39:00,0,0.014884295873343945,0,xgboost_unweighted
26,SECOM-0026,DEMO-001,27/07/2008 11:10:00,0,0.04591881483793259,1,xgboost_unweighted
553,SECOM-0553,DEMO-022,30/08/2008 00:57:00,0,0.007050059735774994,0,xgboost_unweighted
712,SECOM-0712,DEMO-028,03/09/2008 06:26:00,0,0.008623664267361164,0,xgboost_unweighted
153,SECOM-0153,DEMO-006,07/08/2008 11:10:00,0,0.021160922944545746,0,xgboost_unweighted
846,SECOM-0846,DEMO-033,15/09/2008 02:04:00,0,0.013202772475779057,0,xgboost_unweighted
1495,SECOM-1495,DEMO-059,14/10/2008 00:35:00,0,0.0046598538756370544,0,xgboost_unweighted
269,SECOM-0269,DEMO-010,18/08/2008 15:30:00,0,0.01033270638436079,0,xgboost_unweighted
909,SECOM-0909,DEMO-036,19/09/2008 11:13:00,0,0.012906743213534355,0,xgboost_unweighted
165,SECOM-0165,DEMO-006,09/08/2008 02:37:00,0,0.06314191967248917,1,xgboost_unweighted
255,SECOM-0255,DEMO-010,18/08/2008 08:18:00,0,0.011013996787369251,0,xgboost_unweighted
689,SECOM-0689,DEMO-027,02/09/2008 14:09:00,0,0.10202241688966751,1,xgboost_unweighted
752,SECOM-0752,DEMO-030,08/09/2008 00:40:00,0,0.020314600318670273,0,xgboost_unweighted
209,SECOM-0209,DEMO-008,15/08/2008 20:00:00,0,0.1104169487953186,1,xgboost_unweighted
1540,SECOM-1540,DEMO-061,15/10/2008 21:44:00,0,0.010402604006230831,0,xgboost_unweighted
1328,SECOM-1328,DEMO-053,05/10/2008 16:49:00,1,0.05646515637636185,1,xgboost_unweighted
242,SECOM-0242,DEMO-009,18/08/2008 00:20:00,0,0.24434258043766022,1,xgboost_unweighted
1486,SECOM-1486,DEMO-059,13/10/2008 19:40:00,0,0.0025885109789669514,0,xgboost_unweighted
149,SECOM-0149,DEMO-005,07/08/2008 08:21:00,0,0.056495461612939835,1,xgboost_unweighted
730,SECOM-0730,DEMO-029,04/09/2008 16:30:00,0,0.0011202461319044232,0,xgboost_unweighted
1411,SECOM-1411,DEMO-056,08/10/2008 04:47:00,0,0.002802083268761635,0,xgboost_unweighted
1175,SECOM-1175,DEMO-047,29/09/2008 11:53:00,0,0.005240581464022398,0,xgboost_unweighted
1565,SECOM-1565,DEMO-062,17/10/2008 06:01:00,0,0.005899315234273672,0,xgboost_unweighted
1034,SECOM-1034,DEMO-041,23/09/2008 12:46:00,0,0.03015630878508091,0,xgboost_unweighted
246,SECOM-0246,DEMO-009,18/08/2008 04:35:00,0,0.021589228883385658,0,xgboost_unweighted
816,SECOM-0816,DEMO-032,12/09/2008 22:25:00,0,0.00899217464029789,0,xgboost_unweighted
817,SECOM-0817,DEMO-032,12/09/2008 22:45:00,0,0.00880731176584959,0,xgboost_unweighted
1351,SECOM-1351,DEMO-054,06/10/2008 07:17:00,0,0.009477329440414906,0,xgboost_unweighted
792,SECOM-0792,DEMO-031,11/09/2008 15:08:00,0,0.006698169279843569,0,xgboost_unweighted
1166,SECOM-1166,DEMO-046,29/09/2008 02:06:00,0,0.012302014976739883,0,xgboost_unweighted
893,SECOM-0893,DEMO-035,18/09/2008 23:44:00,0,0.03154852241277695,0,xgboost_unweighted
876,SECOM-0876,DEMO-035,18/09/2008 01:40:00,0,0.01658870466053486,0,xgboost_unweighted
1003,SECOM-1003,DEMO-040,22/09/2008 01:43:00,0,0.0038968282751739025,0,xgboost_unweighted
283,SECOM-0283,DEMO-011,19/08/2008 04:58:00,0,0.009190106764435768,0,xgboost_unweighted
146,SECOM-0146,DEMO-005,06/08/2008 23:45:00,0,0.015156643465161324,0,xgboost_unweighted
1491,SECOM-1491,DEMO-059,13/10/2008 21:47:00,0,0.0019428799860179424,0,xgboost_unweighted
557,SECOM-0557,DEMO-022,30/08/2008 02:32:00,0,0.009072519838809967,0,xgboost_unweighted
232,SECOM-0232,DEMO-009,17/08/2008 13:34:00,0,0.06447992473840714,1,xgboost_unweighted
1314,SECOM-1314,DEMO-052,05/10/2008 09:04:00,0,0.00879577174782753,0,xgboost_unweighted
58,SECOM-0058,DEMO-002,30/07/2008 21:16:00,1,0.02436756156384945,0,xgboost_unweighted
342,SECOM-0342,DEMO-013,20/08/2008 22:45:00,0,0.07256846129894257,1,xgboost_unweighted
549,SECOM-0549,DEMO-021,29/08/2008 22:49:00,0,0.003614929271861911,0,xgboost_unweighted
116,SECOM-0116,DEMO-004,05/08/2008 07:48:00,0,0.011014708317816257,0,xgboost_unweighted
175,SECOM-0175,DEMO-007,09/08/2008 22:37:00,0,0.05394628643989563,1,xgboost_unweighted
1361,SECOM-1361,DEMO-054,06/10/2008 12:42:00,0,0.018879665061831474,0,xgboost_unweighted
1152,SECOM-1152,DEMO-046,28/09/2008 17:05:00,0,0.021097049117088318,0,xgboost_unweighted
435,SECOM-0435,DEMO-017,23/08/2008 05:58:00,0,0.022323906421661377,0,xgboost_unweighted
183,SECOM-0183,DEMO-007,10/08/2008 11:16:00,0,0.04441772773861885,1,xgboost_unweighted
795,SECOM-0795,DEMO-031,11/09/2008 22:07:00,1,0.003960170783102512,0,xgboost_unweighted
1225,SECOM-1225,DEMO-049,02/10/2008 00:21:00,0,0.01965647004544735,0,xgboost_unweighted
946,SECOM-0946,DEMO-037,20/09/2008 12:26:00,0,0.012350901030004025,0,xgboost_unweighted
1442,SECOM-1442,DEMO-057,09/10/2008 15:04:00,0,0.009511922486126423,0,xgboost_unweighted
264,SECOM-0264,DEMO-010,18/08/2008 14:01:00,0,0.007662378251552582,0,xgboost_unweighted
1236,SECOM-1236,DEMO-049,02/10/2008 08:52:00,0,0.010996557772159576,0,xgboost_unweighted
1229,SECOM-1229,DEMO-049,02/10/2008 04:11:00,0,0.027697859331965446,0,xgboost_unweighted
44,SECOM-0044,DEMO-001,29/07/2008 06:19:00,0,0.1336268186569214,1,xgboost_unweighted
449,SECOM-0449,DEMO-017,25/08/2008 09:29:00,0,0.025968674570322037,0,xgboost_unweighted
1316,SECOM-1316,DEMO-052,05/10/2008 10:00:00,0,0.010147582739591599,0,xgboost_unweighted
31,SECOM-0031,DEMO-001,27/07/2008 22:28:00,0,0.022342991083860397,0,xgboost_unweighted
1315,SECOM-1315,DEMO-052,05/10/2008 09:47:00,0,0.023320388048887253,0,xgboost_unweighted
1005,SECOM-1005,DEMO-040,22/09/2008 06:05:00,0,0.014114024117588997,0,xgboost_unweighted
1424,SECOM-1424,DEMO-056,08/10/2008 14:48:00,0,0.012088751420378685,0,xgboost_unweighted
465,SECOM-0465,DEMO-018,28/08/2008 04:54:00,0,0.0215902216732502,0,xgboost_unweighted
41,SECOM-0041,DEMO-001,28/07/2008 23:57:00,0,0.029047878459095955,0,xgboost_unweighted
1431,SECOM-1431,DEMO-057,08/10/2008 20:27:00,0,0.019745243713259697,0,xgboost_unweighted
459,SECOM-0459,DEMO-018,28/08/2008 03:04:00,0,0.013492537662386894,0,xgboost_unweighted
130,SECOM-0130,DEMO-005,06/08/2008 03:22:00,0,0.032232560217380524,1,xgboost_unweighted
709,SECOM-0709,DEMO-028,03/09/2008 01:15:00,1,0.027051938697695732,0,xgboost_unweighted
461,SECOM-0461,DEMO-018,28/08/2008 03:38:00,0,0.01360006257891655,0,xgboost_unweighted
104,SECOM-0104,DEMO-004,05/08/2008 02:45:00,0,0.006597114726901054,0,xgboost_unweighted
1345,SECOM-1345,DEMO-053,06/10/2008 05:21:00,0,0.041648562997579575,1,xgboost_unweighted
1031,SECOM-1031,DEMO-041,23/09/2008 11:43:00,0,0.011346160434186459,0,xgboost_unweighted
713,SECOM-0713,DEMO-028,03/09/2008 09:38:00,0,0.016888022422790527,0,xgboost_unweighted
652,SECOM-0652,DEMO-026,02/09/2008 02:02:00,0,0.05610428750514984,1,xgboost_unweighted
1097,SECOM-1097,DEMO-043,26/09/2008 03:29:00,0,0.00965396873652935,0,xgboost_unweighted
1242,SECOM-1242,DEMO-049,02/10/2008 14:10:00,1,0.023020001128315926,0,xgboost_unweighted
1439,SECOM-1439,DEMO-057,09/10/2008 06:06:00,0,0.002025390276685357,0,xgboost_unweighted
1140,SECOM-1140,DEMO-045,27/09/2008 21:45:00,0,0.006401412654668093,0,xgboost_unweighted
1004,SECOM-1004,DEMO-040,22/09/2008 03:51:00,0,0.007469447795301676,0,xgboost_unweighted
1552,SECOM-1552,DEMO-062,16/10/2008 04:02:00,0,0.030267970636487007,0,xgboost_unweighted
928,SECOM-0928,DEMO-037,19/09/2008 21:14:00,0,0.009206811897456646,0,xgboost_unweighted
48,SECOM-0048,DEMO-001,29/07/2008 15:49:00,1,0.02887113392353058,0,xgboost_unweighted
527,SECOM-0527,DEMO-021,29/08/2008 08:41:00,0,0.008534645661711693,0,xgboost_unweighted
967,SECOM-0967,DEMO-038,20/09/2008 19:21:00,0,0.025913435965776443,0,xgboost_unweighted
535,SECOM-0535,DEMO-021,29/08/2008 13:49:00,0,0.004270299803465605,0,xgboost_unweighted
828,SECOM-0828,DEMO-033,13/09/2008 14:07:00,0,0.0036992724053561687,0,xgboost_unweighted
1354,SECOM-1354,DEMO-054,06/10/2008 08:24:00,0,0.0028439033776521683,0,xgboost_unweighted
726,SECOM-0726,DEMO-029,04/09/2008 11:50:00,0,0.012096060439944267,0,xgboost_unweighted
1370,SECOM-1370,DEMO-054,06/10/2008 17:26:00,0,0.006430097855627537,0,xgboost_unweighted
1294,SECOM-1294,DEMO-051,04/10/2008 18:15:00,0,0.030101770535111427,0,xgboost_unweighted
630,SECOM-0630,DEMO-025,01/09/2008 09:54:00,0,0.04284336790442467,1,xgboost_unweighted
268,SECOM-0268,DEMO-010,18/08/2008 15:26:00,0,0.007821370847523212,0,xgboost_unweighted
844,SECOM-0844,DEMO-033,14/09/2008 21:31:00,0,0.020986149087548256,0,xgboost_unweighted
1204,SECOM-1204,DEMO-048,30/09/2008 21:39:00,0,0.05607809126377106,1,xgboost_unweighted
1259,SECOM-1259,DEMO-050,02/10/2008 23:32:00,0,0.007295878138393164,0,xgboost_unweighted
366,SECOM-0366,DEMO-014,21/08/2008 15:48:00,0,0.004397321026772261,0,xgboost_unweighted
1184,SECOM-1184,DEMO-047,29/09/2008 21:26:00,0,0.01472555659711361,0,xgboost_unweighted
1095,SECOM-1095,DEMO-043,26/09/2008 02:26:00,0,0.009459834545850754,0,xgboost_unweighted
1528,SECOM-1528,DEMO-061,15/10/2008 09:11:00,0,0.0033911913633346558,0,xgboost_unweighted
1239,SECOM-1239,DEMO-049,02/10/2008 09:42:00,0,0.02469603531062603,0,xgboost_unweighted
397,SECOM-0397,DEMO-015,22/08/2008 02:25:00,0,0.013856030069291592,0,xgboost_unweighted
17,SECOM-0017,DEMO-000,22/07/2008 08:41:00,0,0.014637613669037819,0,xgboost_unweighted
1205,SECOM-1205,DEMO-048,30/09/2008 21:42:00,0,0.014424535445868969,0,xgboost_unweighted
899,SECOM-0899,DEMO-035,19/09/2008 05:57:00,0,0.05310384929180145,1,xgboost_unweighted
112,SECOM-0112,DEMO-004,05/08/2008 06:11:00,0,0.022197771817445755,0,xgboost_unweighted
530,SECOM-0530,DEMO-021,29/08/2008 12:22:00,0,0.01062211487442255,0,xgboost_unweighted
364,SECOM-0364,DEMO-014,21/08/2008 15:06:00,0,0.021562399342656136,0,xgboost_unweighted
754,SECOM-0754,DEMO-030,08/09/2008 03:32:00,0,0.009688234888017178,0,xgboost_unweighted
1032,SECOM-1032,DEMO-041,23/09/2008 12:29:00,0,0.07269811630249023,1,xgboost_unweighted
708,SECOM-0708,DEMO-028,03/09/2008 00:58:00,0,0.006067187525331974,0,xgboost_unweighted
1148,SECOM-1148,DEMO-045,28/09/2008 07:52:00,0,0.012471797876060009,0,xgboost_unweighted
189,SECOM-0189,DEMO-007,10/08/2008 22:26:00,1,0.0830312967300415,1,xgboost_unweighted
460,SECOM-0460,DEMO-018,28/08/2008 03:29:00,0,0.09299778193235397,1,xgboost_unweighted
666,SECOM-0666,DEMO-026,02/09/2008 07:22:00,0,0.023619772866368294,0,xgboost_unweighted
1367,SECOM-1367,DEMO-054,06/10/2008 15:52:00,0,0.01744643971323967,0,xgboost_unweighted
531,SECOM-0531,DEMO-021,29/08/2008 12:37:00,0,0.009833941236138344,0,xgboost_unweighted
1027,SECOM-1027,DEMO-041,23/09/2008 08:11:00,0,0.018845830112695694,0,xgboost_unweighted
725,SECOM-0725,DEMO-029,04/09/2008 08:53:00,0,0.004315046593546867,0,xgboost_unweighted
627,SECOM-0627,DEMO-025,01/09/2008 08:18:00,0,0.020442422479391098,0,xgboost_unweighted
868,SECOM-0868,DEMO-034,16/09/2008 21:21:00,0,0.005564267747104168,0,xgboost_unweighted
1037,SECOM-1037,DEMO-041,23/09/2008 15:33:00,0,0.007602350320667028,0,xgboost_unweighted
21,SECOM-0021,DEMO-000,23/07/2008 05:15:00,0,0.01884012296795845,0,xgboost_unweighted
1209,SECOM-1209,DEMO-048,01/10/2008 01:11:00,0,0.023387329652905464,0,xgboost_unweighted
1412,SECOM-1412,DEMO-056,08/10/2008 05:35:00,0,0.009967845864593983,0,xgboost_unweighted
707,SECOM-0707,DEMO-028,03/09/2008 00:45:00,0,0.01297880057245493,0,xgboost_unweighted
959,SECOM-0959,DEMO-038,20/09/2008 16:43:00,0,0.016063116490840912,0,xgboost_unweighted
1336,SECOM-1336,DEMO-053,06/10/2008 01:25:00,0,0.01603967323899269,0,xgboost_unweighted
154,SECOM-0154,DEMO-006,07/08/2008 11:40:00,1,0.050732214003801346,1,xgboost_unweighted
1353,SECOM-1353,DEMO-054,06/10/2008 07:38:00,0,0.008184734731912613,0,xgboost_unweighted
1116,SECOM-1116,DEMO-044,27/09/2008 00:16:00,0,0.012842850759625435,0,xgboost_unweighted
1231,SECOM-1231,DEMO-049,02/10/2008 04:24:00,0,0.006903933361172676,0,xgboost_unweighted
1142,SECOM-1142,DEMO-045,28/09/2008 01:22:00,0,0.004996778909116983,0,xgboost_unweighted
23,SECOM-0023,DEMO-000,25/07/2008 15:23:00,1,0.07291559875011444,1,xgboost_unweighted
751,SECOM-0751,DEMO-030,08/09/2008 00:32:00,0,0.01518459152430296,0,xgboost_unweighted
25,SECOM-0025,DEMO-001,27/07/2008 09:37:00,0,0.022110428661108017,0,xgboost_unweighted
1433,SECOM-1433,DEMO-057,08/10/2008 21:45:00,0,0.0029530958272516727,0,xgboost_unweighted
973,SECOM-0973,DEMO-038,21/09/2008 03:47:00,0,0.01852603629231453,0,xgboost_unweighted
383,SECOM-0383,DEMO-015,21/08/2008 22:25:00,0,0.017063351348042488,0,xgboost_unweighted
811,SECOM-0811,DEMO-032,12/09/2008 18:01:00,0,0.006127719301730394,0,xgboost_unweighted
1137,SECOM-1137,DEMO-045,27/09/2008 18:14:00,0,0.14251385629177094,1,xgboost_unweighted
571,SECOM-0571,DEMO-022,30/08/2008 08:29:00,0,0.012146723456680775,0,xgboost_unweighted
698,SECOM-0698,DEMO-027,02/09/2008 17:18:00,0,0.008725235238671303,0,xgboost_unweighted
678,SECOM-0678,DEMO-027,02/09/2008 11:47:00,0,0.013766000978648663,0,xgboost_unweighted
989,SECOM-0989,DEMO-039,21/09/2008 15:15:00,0,0.0068598720245063305,0,xgboost_unweighted
1237,SECOM-1237,DEMO-049,02/10/2008 08:57:00,0,0.0058653526939451694,0,xgboost_unweighted
1398,SECOM-1398,DEMO-055,07/10/2008 11:36:00,0,0.011835440061986446,0,xgboost_unweighted
174,SECOM-0174,DEMO-006,09/08/2008 22:15:00,0,0.06168484687805176,1,xgboost_unweighted
1522,SECOM-1522,DEMO-060,15/10/2008 05:13:00,0,0.01090084109455347,0,xgboost_unweighted
288,SECOM-0288,DEMO-011,19/08/2008 05:41:00,0,0.017760347574949265,0,xgboost_unweighted
1310,SECOM-1310,DEMO-052,05/10/2008 05:53:00,0,0.014324077405035496,0,xgboost_unweighted
643,SECOM-0643,DEMO-025,01/09/2008 23:59:00,0,0.015622889623045921,0,xgboost_unweighted
1482,SECOM-1482,DEMO-059,13/10/2008 15:42:00,0,0.007302646525204182,0,xgboost_unweighted
847,SECOM-0847,DEMO-033,15/09/2008 10:03:00,0,0.0388680063188076,1,xgboost_unweighted
245,SECOM-0245,DEMO-009,18/08/2008 04:12:00,0,0.0735093355178833,1,xgboost_unweighted
219,SECOM-0219,DEMO-008,16/08/2008 13:51:00,0,0.062026288360357285,1,xgboost_unweighted
1080,SECOM-1080,DEMO-043,25/09/2008 13:42:00,0,0.012921981513500214,0,xgboost_unweighted
545,SECOM-0545,DEMO-021,29/08/2008 21:46:00,0,0.005061625968664885,0,xgboost_unweighted
313,SECOM-0313,DEMO-012,19/08/2008 18:30:00,0,0.018885955214500427,0,xgboost_unweighted
1219,SECOM-1219,DEMO-048,01/10/2008 16:43:00,0,0.0429549515247345,1,xgboost_unweighted
444,SECOM-0444,DEMO-017,24/08/2008 07:12:00,0,0.007597279269248247,0,xgboost_unweighted
956,SECOM-0956,DEMO-038,20/09/2008 15:19:00,0,0.0037204886320978403,0,xgboost_unweighted
296,SECOM-0296,DEMO-011,19/08/2008 08:07:00,0,0.00953972153365612,0,xgboost_unweighted
344,SECOM-0344,DEMO-013,20/08/2008 23:43:00,1,0.010994484648108482,0,xgboost_unweighted
972,SECOM-0972,DEMO-038,21/09/2008 03:04:00,0,0.012860188260674477,0,xgboost_unweighted
720,SECOM-0720,DEMO-028,03/09/2008 20:10:00,0,0.006876843981444836,0,xgboost_unweighted
1138,SECOM-1138,DEMO-045,27/09/2008 19:16:00,0,0.014634738676249981,0,xgboost_unweighted
563,SECOM-0563,DEMO-022,30/08/2008 04:55:00,0,0.010957302525639534,0,xgboost_unweighted
1541,SECOM-1541,DEMO-061,15/10/2008 22:45:00,0,0.026439759880304337,0,xgboost_unweighted
1098,SECOM-1098,DEMO-043,26/09/2008 04:14:00,0,0.0037738231476396322,0,xgboost_unweighted
187,SECOM-0187,DEMO-007,10/08/2008 19:07:00,0,0.10364950448274612,1,xgboost_unweighted
786,SECOM-0786,DEMO-031,11/09/2008 12:47:00,0,0.089166060090065,1,xgboost_unweighted
228,SECOM-0228,DEMO-009,17/08/2008 03:46:00,0,0.1031653881072998,1,xgboost_unweighted
18,SECOM-0018,DEMO-000,22/07/2008 11:47:00,0,0.03478842228651047,1,xgboost_unweighted
674,SECOM-0674,DEMO-026,02/09/2008 10:25:00,0,0.014642788097262383,0,xgboost_unweighted
905,SECOM-0905,DEMO-036,19/09/2008 08:52:00,0,0.027144622057676315,0,xgboost_unweighted
176,SECOM-0176,DEMO-007,09/08/2008 23:17:00,0,0.1900242269039154,1,xgboost_unweighted
352,SECOM-0352,DEMO-014,21/08/2008 11:22:00,0,0.005252888426184654,0,xgboost_unweighted
887,SECOM-0887,DEMO-035,18/09/2008 18:12:00,0,0.013463404029607773,0,xgboost_unweighted
173,SECOM-0173,DEMO-006,09/08/2008 21:07:00,0,0.03805789351463318,1,xgboost_unweighted
1407,SECOM-1407,DEMO-056,07/10/2008 19:24:00,0,0.005387068726122379,0,xgboost_unweighted
1352,SECOM-1352,DEMO-054,06/10/2008 07:35:00,0,0.005029172636568546,0,xgboost_unweighted
520,SECOM-0520,DEMO-020,29/08/2008 07:18:00,0,0.044718608260154724,1,xgboost_unweighted
834,SECOM-0834,DEMO-033,14/09/2008 15:02:00,0,0.01702682487666607,0,xgboost_unweighted
464,SECOM-0464,DEMO-018,28/08/2008 04:20:00,0,0.010641169734299183,0,xgboost_unweighted
476,SECOM-0476,DEMO-019,28/08/2008 10:28:00,0,0.011879650875926018,0,xgboost_unweighted
515,SECOM-0515,DEMO-020,29/08/2008 06:35:00,0,0.04929538443684578,1,xgboost_unweighted
953,SECOM-0953,DEMO-038,20/09/2008 14:50:00,0,0.012378880754113197,0,xgboost_unweighted
440,SECOM-0440,DEMO-017,23/08/2008 15:10:00,0,0.005177450366318226,0,xgboost_unweighted
872,SECOM-0872,DEMO-034,17/09/2008 07:14:00,0,0.02023930475115776,0,xgboost_unweighted
392,SECOM-0392,DEMO-015,22/08/2008 01:04:00,1,0.02440216951072216,0,xgboost_unweighted
512,SECOM-0512,DEMO-020,29/08/2008 05:54:00,0,0.002930254442617297,0,xgboost_unweighted
1456,SECOM-1456,DEMO-058,11/10/2008 06:56:00,0,0.0324874073266983,1,xgboost_unweighted
287,SECOM-0287,DEMO-011,19/08/2008 05:40:00,0,0.016221238300204277,0,xgboost_unweighted
121,SECOM-0121,DEMO-004,05/08/2008 15:45:00,0,0.3282811641693115,1,xgboost_unweighted
1094,SECOM-1094,DEMO-043,26/09/2008 01:21:00,0,0.03098464012145996,0,xgboost_unweighted
337,SECOM-0337,DEMO-013,20/08/2008 20:19:00,0,0.009864181280136108,0,xgboost_unweighted
1249,SECOM-1249,DEMO-049,02/10/2008 17:00:00,0,0.024053243920207024,0,xgboost_unweighted
629,SECOM-0629,DEMO-025,01/09/2008 09:19:00,0,0.004442030098289251,0,xgboost_unweighted
1397,SECOM-1397,DEMO-055,07/10/2008 11:16:00,0,0.015530155971646309,0,xgboost_unweighted
748,SECOM-0748,DEMO-029,07/09/2008 20:12:00,0,0.009853619150817394,0,xgboost_unweighted
1274,SECOM-1274,DEMO-050,03/10/2008 19:23:00,0,0.012921871617436409,0,xgboost_unweighted
1106,SECOM-1106,DEMO-044,26/09/2008 15:36:00,0,0.008028462529182434,0,xgboost_unweighted
691,SECOM-0691,DEMO-027,02/09/2008 14:34:00,0,0.018261179327964783,0,xgboost_unweighted
1537,SECOM-1537,DEMO-061,15/10/2008 18:16:00,0,0.001955881016328931,0,xgboost_unweighted
20,SECOM-0020,DEMO-000,22/07/2008 15:30:00,0,0.021088408306241035,0,xgboost_unweighted
496,SECOM-0496,DEMO-019,28/08/2008 21:03:00,0,0.014337071217596531,0,xgboost_unweighted
325,SECOM-0325,DEMO-013,20/08/2008 07:12:00,0,0.018399640917778015,0,xgboost_unweighted
1099,SECOM-1099,DEMO-043,26/09/2008 05:32:00,0,0.009205246344208717,0,xgboost_unweighted
502,SECOM-0502,DEMO-020,29/08/2008 01:06:00,0,0.01646551862359047,0,xgboost_unweighted
611,SECOM-0611,DEMO-024,31/08/2008 20:24:00,0,0.009358166716992855,0,xgboost_unweighted
79,SECOM-0079,DEMO-003,03/08/2008 17:58:00,0,0.039676740765571594,1,xgboost_unweighted
582,SECOM-0582,DEMO-023,30/08/2008 11:57:00,0,0.011653867550194263,0,xgboost_unweighted
1466,SECOM-1466,DEMO-058,12/10/2008 00:57:00,0,0.0019243090646341443,0,xgboost_unweighted
776,SECOM-0776,DEMO-031,10/09/2008 21:56:00,0,0.009178929030895233,0,xgboost_unweighted
518,SECOM-0518,DEMO-020,29/08/2008 06:45:00,1,0.029839495196938515,0,xgboost_unweighted
818,SECOM-0818,DEMO-032,12/09/2008 23:28:00,0,0.022063739597797394,0,xgboost_unweighted
954,SECOM-0954,DEMO-038,20/09/2008 14:53:00,0,0.01052295695990324,0,xgboost_unweighted
947,SECOM-0947,DEMO-037,20/09/2008 12:27:00,0,0.009034202434122562,0,xgboost_unweighted
658,SECOM-0658,DEMO-026,02/09/2008 03:35:00,0,0.010027454234659672,0,xgboost_unweighted
939,SECOM-0939,DEMO-037,20/09/2008 05:34:00,0,0.015383748337626457,0,xgboost_unweighted
855,SECOM-0855,DEMO-034,15/09/2008 22:45:00,0,0.008590438403189182,0,xgboost_unweighted
1360,SECOM-1360,DEMO-054,06/10/2008 12:39:00,0,0.013290860690176487,0,xgboost_unweighted
178,SECOM-0178,DEMO-007,10/08/2008 00:09:00,0,0.11187607795000076,1,xgboost_unweighted
1129,SECOM-1129,DEMO-045,27/09/2008 13:19:00,0,0.004755125381052494,0,xgboost_unweighted
1150,SECOM-1150,DEMO-046,28/09/2008 08:41:00,0,0.009765728376805782,0,xgboost_unweighted
1333,SECOM-1333,DEMO-053,05/10/2008 20:30:00,0,0.0656733587384224,1,xgboost_unweighted
457,SECOM-0457,DEMO-018,27/08/2008 22:58:00,0,0.08137424290180206,1,xgboost_unweighted
1375,SECOM-1375,DEMO-055,06/10/2008 19:42:00,0,0.02995607629418373,0,xgboost_unweighted
1070,SECOM-1070,DEMO-042,25/09/2008 02:03:00,0,0.0062227132730185986,0,xgboost_unweighted
141,SECOM-0141,DEMO-005,06/08/2008 20:00:00,0,0.01990421675145626,0,xgboost_unweighted
1268,SECOM-1268,DEMO-050,03/10/2008 06:15:00,0,0.006023821886628866,0,xgboost_unweighted
1344,SECOM-1344,DEMO-053,06/10/2008 04:26:00,0,0.023352090269327164,0,xgboost_unweighted
1396,SECOM-1396,DEMO-055,07/10/2008 11:15:00,0,0.004592210985720158,0,xgboost_unweighted
932,SECOM-0932,DEMO-037,20/09/2008 00:18:00,0,0.011066146194934845,0,xgboost_unweighted
1036,SECOM-1036,DEMO-041,23/09/2008 15:23:00,0,0.017322354018688202,0,xgboost_unweighted
1366,SECOM-1366,DEMO-054,06/10/2008 15:01:00,0,0.011758711189031601,0,xgboost_unweighted
865,SECOM-0865,DEMO-034,16/09/2008 18:23:00,0,0.009207495488226414,0,xgboost_unweighted
1479,SECOM-1479,DEMO-059,13/10/2008 14:30:00,0,0.022774582728743553,0,xgboost_unweighted
1271,SECOM-1271,DEMO-050,03/10/2008 11:40:00,0,0.017052149400115013,0,xgboost_unweighted
579,SECOM-0579,DEMO-023,30/08/2008 11:12:00,0,0.004294722341001034,0,xgboost_unweighted
524,SECOM-0524,DEMO-020,29/08/2008 07:33:00,0,0.0211772583425045,0,xgboost_unweighted
793,SECOM-0793,DEMO-031,11/09/2008 16:28:00,0,0.024656545370817184,0,xgboost_unweighted
862,SECOM-0862,DEMO-034,16/09/2008 09:37:00,0,0.009561106562614441,0,xgboost_unweighted
978,SECOM-0978,DEMO-039,21/09/2008 08:22:00,0,0.007120882160961628,0,xgboost_unweighted
635,SECOM-0635,DEMO-025,01/09/2008 20:51:00,0,0.0058770752511918545,0,xgboost_unweighted
912,SECOM-0912,DEMO-036,19/09/2008 15:31:00,0,0.006213864777237177,0,xgboost_unweighted
750,SECOM-0750,DEMO-030,07/09/2008 23:33:00,0,0.009683395735919476,0,xgboost_unweighted
1441,SECOM-1441,DEMO-057,09/10/2008 14:15:00,0,0.00814261194318533,0,xgboost_unweighted
1309,SECOM-1309,DEMO-052,05/10/2008 05:31:00,0,0.024547526612877846,0,xgboost_unweighted
306,SECOM-0306,DEMO-012,19/08/2008 11:46:00,0,0.02779291570186615,0,xgboost_unweighted
1531,SECOM-1531,DEMO-061,15/10/2008 13:14:00,0,0.006950535345822573,0,xgboost_unweighted
769,SECOM-0769,DEMO-030,09/09/2008 00:25:00,0,0.028962843120098114,0,xgboost_unweighted
1305,SECOM-1305,DEMO-052,05/10/2008 01:35:00,0,0.025218911468982697,0,xgboost_unweighted
1283,SECOM-1283,DEMO-051,03/10/2008 22:53:00,0,0.030310746282339096,0,xgboost_unweighted
326,SECOM-0326,DEMO-013,20/08/2008 08:40:00,1,0.08144297450780869,1,xgboost_unweighted
458,SECOM-0458,DEMO-018,28/08/2008 03:03:00,0,0.02618984878063202,0,xgboost_unweighted
9,SECOM-0009,DEMO-000,19/07/2008 21:35:00,0,0.10161251574754715,1,xgboost_unweighted
615,SECOM-0615,DEMO-024,31/08/2008 22:32:00,0,0.0038014790043234825,0,xgboost_unweighted
1208,SECOM-1208,DEMO-048,01/10/2008 00:20:00,0,0.05095478147268295,1,xgboost_unweighted
936,SECOM-0936,DEMO-037,20/09/2008 04:28:00,0,0.05365370213985443,1,xgboost_unweighted
1350,SECOM-1350,DEMO-054,06/10/2008 07:12:00,0,0.0041777403093874454,0,xgboost_unweighted
1222,SECOM-1222,DEMO-048,01/10/2008 21:50:00,0,0.04304312542080879,1,xgboost_unweighted
1218,SECOM-1218,DEMO-048,01/10/2008 15:16:00,0,0.08134140074253082,1,xgboost_unweighted
1197,SECOM-1197,DEMO-047,30/09/2008 15:16:00,0,0.004204918630421162,0,xgboost_unweighted
5,SECOM-0005,DEMO-000,19/07/2008 17:53:00,0,0.07454276829957962,1,xgboost_unweighted
307,SECOM-0307,DEMO-012,19/08/2008 11:57:00,0,0.00550958001986146,0,xgboost_unweighted
336,SECOM-0336,DEMO-013,20/08/2008 19:20:00,1,0.0928228497505188,1,xgboost_unweighted
1052,SECOM-1052,DEMO-042,24/09/2008 06:13:00,0,0.012648027390241623,0,xgboost_unweighted
1357,SECOM-1357,DEMO-054,06/10/2008 09:57:00,0,0.01989409327507019,0,xgboost_unweighted
1364,SECOM-1364,DEMO-054,06/10/2008 13:55:00,1,0.045030057430267334,1,xgboost_unweighted
1382,SECOM-1382,DEMO-055,06/10/2008 23:03:00,0,0.010547732003033161,0,xgboost_unweighted
1245,SECOM-1245,DEMO-049,02/10/2008 15:44:00,0,0.018546586856245995,0,xgboost_unweighted
640,SECOM-0640,DEMO-025,01/09/2008 23:28:00,0,0.007349687162786722,0,xgboost_unweighted
1390,SECOM-1390,DEMO-055,07/10/2008 09:11:00,0,0.004183115903288126,0,xgboost_unweighted
576,SECOM-0576,DEMO-023,30/08/2008 09:45:00,1,0.010290903970599174,0,xgboost_unweighted
1295,SECOM-1295,DEMO-051,04/10/2008 18:25:00,0,0.005361014977097511,0,xgboost_unweighted
550,SECOM-0550,DEMO-022,29/08/2008 22:56:00,0,0.011358404532074928,0,xgboost_unweighted
372,SECOM-0372,DEMO-014,21/08/2008 18:04:00,0,0.021334562450647354,0,xgboost_unweighted
1499,SECOM-1499,DEMO-059,14/10/2008 13:13:00,0,0.013847900554537773,0,xgboost_unweighted
231,SECOM-0231,DEMO-009,17/08/2008 12:16:00,1,0.014671518467366695,0,xgboost_unweighted
672,SECOM-0672,DEMO-026,02/09/2008 10:13:00,0,0.009312959387898445,0,xgboost_unweighted
1474,SECOM-1474,DEMO-058,13/10/2008 03:53:00,0,0.004487741272896528,0,xgboost_unweighted
331,SECOM-0331,DEMO-013,20/08/2008 17:09:00,0,0.008401286788284779,0,xgboost_unweighted
1073,SECOM-1073,DEMO-042,25/09/2008 07:58:00,0,0.005065368954092264,0,xgboost_unweighted
1525,SECOM-1525,DEMO-061,15/10/2008 07:36:00,0,0.0501161552965641,1,xgboost_unweighted
753,SECOM-0753,DEMO-030,08/09/2008 01:24:00,0,0.013747246004641056,0,xgboost_unweighted
715,SECOM-0715,DEMO-028,03/09/2008 14:29:00,0,0.04352366179227829,1,xgboost_unweighted
1226,SECOM-1226,DEMO-049,02/10/2008 00:22:00,0,0.013062582351267338,0,xgboost_unweighted
930,SECOM-0930,DEMO-037,19/09/2008 23:26:00,0,0.03251500055193901,1,xgboost_unweighted
1058,SECOM-1058,DEMO-042,24/09/2008 11:47:00,0,0.006311935372650623,0,xgboost_unweighted
238,SECOM-0238,DEMO-009,17/08/2008 23:04:00,1,0.14394831657409668,1,xgboost_unweighted
1272,SECOM-1272,DEMO-050,03/10/2008 12:31:00,0,0.32464590668678284,1,xgboost_unweighted
442,SECOM-0442,DEMO-017,24/08/2008 02:32:00,0,0.002856107661500573,0,xgboost_unweighted
424,SECOM-0424,DEMO-016,22/08/2008 19:14:00,1,0.02974684350192547,0,xgboost_unweighted
1493,SECOM-1493,DEMO-059,13/10/2008 22:48:00,0,0.016383741050958633,0,xgboost_unweighted
1282,SECOM-1282,DEMO-051,03/10/2008 22:08:00,0,0.030390622094273567,0,xgboost_unweighted
1377,SECOM-1377,DEMO-055,06/10/2008 20:36:00,0,0.0717308446764946,1,xgboost_balanced
1212,SECOM-1212,DEMO-048,01/10/2008 07:19:00,0,0.012724360451102257,0,xgboost_balanced
907,SECOM-0907,DEMO-036,19/09/2008 09:47:00,0,0.018900388851761818,0,xgboost_balanced
766,SECOM-0766,DEMO-030,08/09/2008 21:36:00,0,0.15273377299308777,1,xgboost_balanced
600,SECOM-0600,DEMO-024,31/08/2008 02:57:00,0,0.01594323106110096,0,xgboost_balanced
297,SECOM-0297,DEMO-011,19/08/2008 08:33:00,0,0.05132187902927399,1,xgboost_balanced
820,SECOM-0820,DEMO-032,13/09/2008 00:25:00,0,0.06562227755784988,1,xgboost_balanced
500,SECOM-0500,DEMO-020,28/08/2008 23:42:00,0,0.2524704933166504,1,xgboost_balanced
1123,SECOM-1123,DEMO-044,27/09/2008 11:45:00,0,0.017014874145388603,0,xgboost_balanced
1213,SECOM-1213,DEMO-048,01/10/2008 07:28:00,0,0.03031092882156372,0,xgboost_balanced
1543,SECOM-1543,DEMO-061,15/10/2008 23:00:00,0,0.07589513808488846,1,xgboost_balanced
1157,SECOM-1157,DEMO-046,28/09/2008 18:43:00,0,0.03484141826629639,0,xgboost_balanced
108,SECOM-0108,DEMO-004,05/08/2008 04:32:00,0,0.024786515161395073,0,xgboost_balanced
170,SECOM-0170,DEMO-006,09/08/2008 17:34:00,0,0.23609218001365662,1,xgboost_balanced
570,SECOM-0570,DEMO-022,30/08/2008 08:10:00,0,0.047245390713214874,1,xgboost_balanced
1134,SECOM-1134,DEMO-045,27/09/2008 15:30:00,0,0.20273950695991516,1,xgboost_balanced
1448,SECOM-1448,DEMO-057,10/10/2008 12:30:00,0,0.015750683844089508,0,xgboost_balanced
216,SECOM-0216,DEMO-008,16/08/2008 08:39:00,0,0.4101077616214752,1,xgboost_balanced
850,SECOM-0850,DEMO-034,15/09/2008 16:10:00,0,0.016210831701755524,0,xgboost_balanced
1049,SECOM-1049,DEMO-041,24/09/2008 03:40:00,0,0.0315118283033371,0,xgboost_balanced
1477,SECOM-1477,DEMO-059,13/10/2008 14:06:00,0,0.0056156255304813385,0,xgboost_balanced
62,SECOM-0062,DEMO-002,31/07/2008 20:18:00,1,0.05595726519823074,1,xgboost_balanced
42,SECOM-0042,DEMO-001,29/07/2008 04:08:00,0,0.2339705228805542,1,xgboost_balanced
628,SECOM-0628,DEMO-025,01/09/2008 09:06:00,0,0.03741106763482094,0,xgboost_balanced
1156,SECOM-1156,DEMO-046,28/09/2008 18:34:00,0,0.06539144366979599,1,xgboost_balanced
140,SECOM-0140,DEMO-005,06/08/2008 19:24:00,0,0.027216149494051933,0,xgboost_balanced
866,SECOM-0866,DEMO-034,16/09/2008 19:34:00,0,0.20400963723659515,1,xgboost_balanced
369,SECOM-0369,DEMO-014,21/08/2008 16:36:00,0,0.02931603603065014,0,xgboost_balanced
996,SECOM-0996,DEMO-039,21/09/2008 19:19:00,0,0.04086335375905037,0,xgboost_balanced
258,SECOM-0258,DEMO-010,18/08/2008 11:04:00,0,0.03393295779824257,0,xgboost_balanced
1033,SECOM-1033,DEMO-041,23/09/2008 12:31:00,0,0.4727083146572113,1,xgboost_balanced
355,SECOM-0355,DEMO-014,21/08/2008 12:33:00,0,0.035917673259973526,0,xgboost_balanced
840,SECOM-0840,DEMO-033,14/09/2008 19:13:00,0,0.06724527478218079,1,xgboost_balanced
1394,SECOM-1394,DEMO-055,07/10/2008 10:10:00,0,0.03394918143749237,0,xgboost_balanced
1478,SECOM-1478,DEMO-059,13/10/2008 14:29:00,0,0.009889496490359306,0,xgboost_balanced
1421,SECOM-1421,DEMO-056,08/10/2008 12:11:00,0,0.0030576291028410196,0,xgboost_balanced
195,SECOM-0195,DEMO-007,12/08/2008 04:23:00,0,0.17508724331855774,1,xgboost_balanced
455,SECOM-0455,DEMO-018,27/08/2008 17:14:00,0,0.015873173251748085,0,xgboost_balanced
587,SECOM-0587,DEMO-023,30/08/2008 15:16:00,0,0.08337852358818054,1,xgboost_balanced
1092,SECOM-1092,DEMO-043,25/09/2008 23:48:00,0,0.0654510036110878,1,xgboost_balanced
1090,SECOM-1090,DEMO-043,25/09/2008 22:05:00,0,0.06062138080596924,1,xgboost_balanced
65,SECOM-0065,DEMO-002,01/08/2008 10:20:00,0,0.4307064712047577,1,xgboost_balanced
1498,SECOM-1498,DEMO-059,14/10/2008 03:35:00,0,0.034389249980449677,0,xgboost_balanced
220,SECOM-0220,DEMO-008,16/08/2008 14:30:00,0,0.04383908957242966,1,xgboost_balanced
1307,SECOM-1307,DEMO-052,05/10/2008 04:20:00,0,0.18156951665878296,1,xgboost_balanced
537,SECOM-0537,DEMO-021,29/08/2008 14:18:00,0,0.03995724022388458,0,xgboost_balanced
1191,SECOM-1191,DEMO-047,30/09/2008 04:42:00,0,0.15323157608509064,1,xgboost_balanced
234,SECOM-0234,DEMO-009,17/08/2008 15:25:00,0,0.10217974334955215,1,xgboost_balanced
51,SECOM-0051,DEMO-002,29/07/2008 21:07:00,0,0.1517357975244522,1,xgboost_balanced
233,SECOM-0233,DEMO-009,17/08/2008 14:21:00,0,0.09084081649780273,1,xgboost_balanced
572,SECOM-0572,DEMO-022,30/08/2008 08:42:00,0,0.12284195423126221,1,xgboost_balanced
450,SECOM-0450,DEMO-018,27/08/2008 00:46:00,0,0.0314730666577816,0,xgboost_balanced
1048,SECOM-1048,DEMO-041,24/09/2008 03:32:00,0,0.01549694687128067,0,xgboost_balanced
68,SECOM-0068,DEMO-002,01/08/2008 12:29:00,0,0.22829219698905945,1,xgboost_balanced
705,SECOM-0705,DEMO-028,02/09/2008 20:59:00,0,0.027764229103922844,0,xgboost_balanced
390,SECOM-0390,DEMO-015,22/08/2008 00:44:00,0,0.03680012375116348,0,xgboost_balanced
1081,SECOM-1081,DEMO-043,25/09/2008 14:08:00,0,0.00814055185765028,0,xgboost_balanced
621,SECOM-0621,DEMO-024,01/09/2008 00:53:00,0,0.1874217689037323,1,xgboost_balanced
190,SECOM-0190,DEMO-007,11/08/2008 03:06:00,0,0.27047786116600037,1,xgboost_balanced
706,SECOM-0706,DEMO-028,03/09/2008 00:18:00,0,0.03850714489817619,0,xgboost_balanced
798,SECOM-0798,DEMO-031,12/09/2008 05:11:00,0,0.007813544943928719,0,xgboost_balanced
1,SECOM-0001,DEMO-000,19/07/2008 12:32:00,0,0.20345453917980194,1,xgboost_balanced
604,SECOM-0604,DEMO-024,31/08/2008 10:36:00,0,0.044449929147958755,1,xgboost_balanced
1437,SECOM-1437,DEMO-057,09/10/2008 00:23:00,0,0.003145118011161685,0,xgboost_balanced
434,SECOM-0434,DEMO-017,23/08/2008 05:57:00,0,0.09679921716451645,1,xgboost_balanced
714,SECOM-0714,DEMO-028,03/09/2008 14:24:00,0,0.020141400396823883,0,xgboost_balanced
914,SECOM-0914,DEMO-036,19/09/2008 16:58:00,1,0.09922177344560623,1,xgboost_balanced
24,SECOM-0024,DEMO-000,27/07/2008 04:18:00,0,0.2124721258878708,1,xgboost_balanced
1432,SECOM-1432,DEMO-057,08/10/2008 21:19:00,0,0.016577856615185738,0,xgboost_balanced
1103,SECOM-1103,DEMO-044,26/09/2008 14:20:00,0,0.130446195602417,1,xgboost_balanced
837,SECOM-0837,DEMO-033,14/09/2008 17:40:00,0,0.024253129959106445,0,xgboost_balanced
345,SECOM-0345,DEMO-013,21/08/2008 02:11:00,0,0.22684533894062042,1,xgboost_balanced
1122,SECOM-1122,DEMO-044,27/09/2008 11:04:00,0,0.02387848123908043,0,xgboost_balanced
1189,SECOM-1189,DEMO-047,30/09/2008 02:44:00,1,0.05030842497944832,1,xgboost_balanced
903,SECOM-0903,DEMO-036,19/09/2008 07:18:00,0,0.011091050691902637,0,xgboost_balanced
877,SECOM-0877,DEMO-035,18/09/2008 01:43:00,0,0.12299379706382751,1,xgboost_balanced
1529,SECOM-1529,DEMO-061,15/10/2008 10:00:00,0,0.0028061154298484325,0,xgboost_balanced
215,SECOM-0215,DEMO-008,16/08/2008 07:33:00,0,0.4595787525177002,1,xgboost_balanced
569,SECOM-0569,DEMO-022,30/08/2008 07:54:00,0,0.037633590400218964,0,xgboost_balanced
1446,SECOM-1446,DEMO-057,10/10/2008 10:46:00,0,0.019761115312576294,0,xgboost_balanced
1057,SECOM-1057,DEMO-042,24/09/2008 10:59:00,0,0.039894115179777145,0,xgboost_balanced
1162,SECOM-1162,DEMO-046,28/09/2008 21:08:00,0,0.021625937893986702,0,xgboost_balanced
96,SECOM-0096,DEMO-003,04/08/2008 20:58:00,1,0.24022942781448364,1,xgboost_balanced
765,SECOM-0765,DEMO-030,08/09/2008 20:00:00,0,0.019818991422653198,0,xgboost_balanced
1038,SECOM-1038,DEMO-041,23/09/2008 15:58:00,0,0.053514234721660614,1,xgboost_balanced
533,SECOM-0533,DEMO-021,29/08/2008 13:14:00,0,0.028543218970298767,0,xgboost_balanced
1563,SECOM-1563,DEMO-062,16/10/2008 20:49:00,0,0.011828700080513954,0,xgboost_balanced
11,SECOM-0011,DEMO-000,19/07/2008 22:52:00,1,0.22075563669204712,1,xgboost_balanced
1254,SECOM-1254,DEMO-050,02/10/2008 21:32:00,1,0.10012761503458023,1,xgboost_balanced
1334,SECOM-1334,DEMO-053,05/10/2008 22:13:00,0,0.09145080298185349,1,xgboost_balanced
1453,SECOM-1453,DEMO-058,10/10/2008 21:07:00,0,0.019030539318919182,0,xgboost_balanced
50,SECOM-0050,DEMO-002,29/07/2008 18:08:00,1,0.06415608525276184,1,xgboost_balanced
399,SECOM-0399,DEMO-015,22/08/2008 03:18:00,0,0.15096209943294525,1,xgboost_balanced
1472,SECOM-1472,DEMO-058,12/10/2008 18:47:00,0,0.015187757089734077,0,xgboost_balanced
693,SECOM-0693,DEMO-027,02/09/2008 16:10:00,0,0.020204074680805206,0,xgboost_balanced
320,SECOM-0320,DEMO-012,20/08/2008 02:13:00,0,0.38742557168006897,1,xgboost_balanced
1385,SECOM-1385,DEMO-055,07/10/2008 03:39:00,0,0.058172062039375305,1,xgboost_balanced
26,SECOM-0026,DEMO-001,27/07/2008 11:10:00,0,0.11276844143867493,1,xgboost_balanced
553,SECOM-0553,DEMO-022,30/08/2008 00:57:00,0,0.052966006100177765,1,xgboost_balanced
712,SECOM-0712,DEMO-028,03/09/2008 06:26:00,0,0.02290734276175499,0,xgboost_balanced
153,SECOM-0153,DEMO-006,07/08/2008 11:10:00,0,0.0609741285443306,1,xgboost_balanced
846,SECOM-0846,DEMO-033,15/09/2008 02:04:00,0,0.09006866812705994,1,xgboost_balanced
1495,SECOM-1495,DEMO-059,14/10/2008 00:35:00,0,0.007854465395212173,0,xgboost_balanced
269,SECOM-0269,DEMO-010,18/08/2008 15:30:00,0,0.04276256263256073,1,xgboost_balanced
909,SECOM-0909,DEMO-036,19/09/2008 11:13:00,0,0.02042420394718647,0,xgboost_balanced
165,SECOM-0165,DEMO-006,09/08/2008 02:37:00,0,0.3103146553039551,1,xgboost_balanced
255,SECOM-0255,DEMO-010,18/08/2008 08:18:00,0,0.03666388988494873,0,xgboost_balanced
689,SECOM-0689,DEMO-027,02/09/2008 14:09:00,0,0.4962216317653656,1,xgboost_balanced
752,SECOM-0752,DEMO-030,08/09/2008 00:40:00,0,0.08434109389781952,1,xgboost_balanced
209,SECOM-0209,DEMO-008,15/08/2008 20:00:00,0,0.2588716745376587,1,xgboost_balanced
1540,SECOM-1540,DEMO-061,15/10/2008 21:44:00,0,0.02366945706307888,0,xgboost_balanced
1328,SECOM-1328,DEMO-053,05/10/2008 16:49:00,1,0.3226168751716614,1,xgboost_balanced
242,SECOM-0242,DEMO-009,18/08/2008 00:20:00,0,0.6626557111740112,1,xgboost_balanced
1486,SECOM-1486,DEMO-059,13/10/2008 19:40:00,0,0.01604883372783661,0,xgboost_balanced
149,SECOM-0149,DEMO-005,07/08/2008 08:21:00,0,0.24485696852207184,1,xgboost_balanced
730,SECOM-0730,DEMO-029,04/09/2008 16:30:00,0,0.0020515937358140945,0,xgboost_balanced
1411,SECOM-1411,DEMO-056,08/10/2008 04:47:00,0,0.015254536643624306,0,xgboost_balanced
1175,SECOM-1175,DEMO-047,29/09/2008 11:53:00,0,0.01045508123934269,0,xgboost_balanced
1565,SECOM-1565,DEMO-062,17/10/2008 06:01:00,0,0.01745198294520378,0,xgboost_balanced
1034,SECOM-1034,DEMO-041,23/09/2008 12:46:00,0,0.11250346153974533,1,xgboost_balanced
246,SECOM-0246,DEMO-009,18/08/2008 04:35:00,0,0.025860391557216644,0,xgboost_balanced
816,SECOM-0816,DEMO-032,12/09/2008 22:25:00,0,0.017123926430940628,0,xgboost_balanced
817,SECOM-0817,DEMO-032,12/09/2008 22:45:00,0,0.024636464193463326,0,xgboost_balanced
1351,SECOM-1351,DEMO-054,06/10/2008 07:17:00,0,0.025552822276949883,0,xgboost_balanced
792,SECOM-0792,DEMO-031,11/09/2008 15:08:00,0,0.01872299797832966,0,xgboost_balanced
1166,SECOM-1166,DEMO-046,29/09/2008 02:06:00,0,0.05110685154795647,1,xgboost_balanced
893,SECOM-0893,DEMO-035,18/09/2008 23:44:00,0,0.056440748274326324,1,xgboost_balanced
876,SECOM-0876,DEMO-035,18/09/2008 01:40:00,0,0.08543317019939423,1,xgboost_balanced
1003,SECOM-1003,DEMO-040,22/09/2008 01:43:00,0,0.00542269553989172,0,xgboost_balanced
283,SECOM-0283,DEMO-011,19/08/2008 04:58:00,0,0.08653275668621063,1,xgboost_balanced
146,SECOM-0146,DEMO-005,06/08/2008 23:45:00,0,0.03370281681418419,0,xgboost_balanced
1491,SECOM-1491,DEMO-059,13/10/2008 21:47:00,0,0.0070924311876297,0,xgboost_balanced
557,SECOM-0557,DEMO-022,30/08/2008 02:32:00,0,0.018335755914449692,0,xgboost_balanced
232,SECOM-0232,DEMO-009,17/08/2008 13:34:00,0,0.11447936296463013,1,xgboost_balanced
1314,SECOM-1314,DEMO-052,05/10/2008 09:04:00,0,0.04730863869190216,1,xgboost_balanced
58,SECOM-0058,DEMO-002,30/07/2008 21:16:00,1,0.11102288961410522,1,xgboost_balanced
342,SECOM-0342,DEMO-013,20/08/2008 22:45:00,0,0.1474572718143463,1,xgboost_balanced
549,SECOM-0549,DEMO-021,29/08/2008 22:49:00,0,0.010847102850675583,0,xgboost_balanced
116,SECOM-0116,DEMO-004,05/08/2008 07:48:00,0,0.07468046247959137,1,xgboost_balanced
175,SECOM-0175,DEMO-007,09/08/2008 22:37:00,0,0.3453584611415863,1,xgboost_balanced
1361,SECOM-1361,DEMO-054,06/10/2008 12:42:00,0,0.07765897363424301,1,xgboost_balanced
1152,SECOM-1152,DEMO-046,28/09/2008 17:05:00,0,0.03831199184060097,0,xgboost_balanced
435,SECOM-0435,DEMO-017,23/08/2008 05:58:00,0,0.09849502146244049,1,xgboost_balanced
183,SECOM-0183,DEMO-007,10/08/2008 11:16:00,0,0.3101347088813782,1,xgboost_balanced
795,SECOM-0795,DEMO-031,11/09/2008 22:07:00,1,0.014111337251961231,0,xgboost_balanced
1225,SECOM-1225,DEMO-049,02/10/2008 00:21:00,0,0.15630316734313965,1,xgboost_balanced
946,SECOM-0946,DEMO-037,20/09/2008 12:26:00,0,0.030405821278691292,0,xgboost_balanced
1442,SECOM-1442,DEMO-057,09/10/2008 15:04:00,0,0.017801905050873756,0,xgboost_balanced
264,SECOM-0264,DEMO-010,18/08/2008 14:01:00,0,0.125200554728508,1,xgboost_balanced
1236,SECOM-1236,DEMO-049,02/10/2008 08:52:00,0,0.040555886924266815,0,xgboost_balanced
1229,SECOM-1229,DEMO-049,02/10/2008 04:11:00,0,0.13534940779209137,1,xgboost_balanced
44,SECOM-0044,DEMO-001,29/07/2008 06:19:00,0,0.3206421732902527,1,xgboost_balanced
449,SECOM-0449,DEMO-017,25/08/2008 09:29:00,0,0.1945362389087677,1,xgboost_balanced
1316,SECOM-1316,DEMO-052,05/10/2008 10:00:00,0,0.02215109020471573,0,xgboost_balanced
31,SECOM-0031,DEMO-001,27/07/2008 22:28:00,0,0.10167105495929718,1,xgboost_balanced
1315,SECOM-1315,DEMO-052,05/10/2008 09:47:00,0,0.06716655194759369,1,xgboost_balanced
1005,SECOM-1005,DEMO-040,22/09/2008 06:05:00,0,0.1947602927684784,1,xgboost_balanced
1424,SECOM-1424,DEMO-056,08/10/2008 14:48:00,0,0.0443408228456974,1,xgboost_balanced
465,SECOM-0465,DEMO-018,28/08/2008 04:54:00,0,0.07385265082120895,1,xgboost_balanced
41,SECOM-0041,DEMO-001,28/07/2008 23:57:00,0,0.251675009727478,1,xgboost_balanced
1431,SECOM-1431,DEMO-057,08/10/2008 20:27:00,0,0.06500405073165894,1,xgboost_balanced
459,SECOM-0459,DEMO-018,28/08/2008 03:04:00,0,0.03516346961259842,0,xgboost_balanced
130,SECOM-0130,DEMO-005,06/08/2008 03:22:00,0,0.12448234111070633,1,xgboost_balanced
709,SECOM-0709,DEMO-028,03/09/2008 01:15:00,1,0.1373419314622879,1,xgboost_balanced
461,SECOM-0461,DEMO-018,28/08/2008 03:38:00,0,0.05961056053638458,1,xgboost_balanced
104,SECOM-0104,DEMO-004,05/08/2008 02:45:00,0,0.027512142434716225,0,xgboost_balanced
1345,SECOM-1345,DEMO-053,06/10/2008 05:21:00,0,0.0501856803894043,1,xgboost_balanced
1031,SECOM-1031,DEMO-041,23/09/2008 11:43:00,0,0.050856247544288635,1,xgboost_balanced
713,SECOM-0713,DEMO-028,03/09/2008 09:38:00,0,0.04057350382208824,0,xgboost_balanced
652,SECOM-0652,DEMO-026,02/09/2008 02:02:00,0,0.3258693814277649,1,xgboost_balanced
1097,SECOM-1097,DEMO-043,26/09/2008 03:29:00,0,0.04919835180044174,1,xgboost_balanced
1242,SECOM-1242,DEMO-049,02/10/2008 14:10:00,1,0.07660140097141266,1,xgboost_balanced
1439,SECOM-1439,DEMO-057,09/10/2008 06:06:00,0,0.004768200218677521,0,xgboost_balanced
1140,SECOM-1140,DEMO-045,27/09/2008 21:45:00,0,0.024012578651309013,0,xgboost_balanced
1004,SECOM-1004,DEMO-040,22/09/2008 03:51:00,0,0.017913468182086945,0,xgboost_balanced
1552,SECOM-1552,DEMO-062,16/10/2008 04:02:00,0,0.0466013103723526,1,xgboost_balanced
928,SECOM-0928,DEMO-037,19/09/2008 21:14:00,0,0.023565126582980156,0,xgboost_balanced
48,SECOM-0048,DEMO-001,29/07/2008 15:49:00,1,0.058998774737119675,1,xgboost_balanced
527,SECOM-0527,DEMO-021,29/08/2008 08:41:00,0,0.038727615028619766,0,xgboost_balanced
967,SECOM-0967,DEMO-038,20/09/2008 19:21:00,0,0.08729235082864761,1,xgboost_balanced
535,SECOM-0535,DEMO-021,29/08/2008 13:49:00,0,0.02304426208138466,0,xgboost_balanced
828,SECOM-0828,DEMO-033,13/09/2008 14:07:00,0,0.010370192117989063,0,xgboost_balanced
1354,SECOM-1354,DEMO-054,06/10/2008 08:24:00,0,0.0065490142442286015,0,xgboost_balanced
726,SECOM-0726,DEMO-029,04/09/2008 11:50:00,0,0.026349131017923355,0,xgboost_balanced
1370,SECOM-1370,DEMO-054,06/10/2008 17:26:00,0,0.01637035235762596,0,xgboost_balanced
1294,SECOM-1294,DEMO-051,04/10/2008 18:15:00,0,0.060988910496234894,1,xgboost_balanced
630,SECOM-0630,DEMO-025,01/09/2008 09:54:00,0,0.17994698882102966,1,xgboost_balanced
268,SECOM-0268,DEMO-010,18/08/2008 15:26:00,0,0.03643108531832695,0,xgboost_balanced
844,SECOM-0844,DEMO-033,14/09/2008 21:31:00,0,0.15267658233642578,1,xgboost_balanced
1204,SECOM-1204,DEMO-048,30/09/2008 21:39:00,0,0.2094765156507492,1,xgboost_balanced
1259,SECOM-1259,DEMO-050,02/10/2008 23:32:00,0,0.028889209032058716,0,xgboost_balanced
366,SECOM-0366,DEMO-014,21/08/2008 15:48:00,0,0.019176723435521126,0,xgboost_balanced
1184,SECOM-1184,DEMO-047,29/09/2008 21:26:00,0,0.042801931500434875,1,xgboost_balanced
1095,SECOM-1095,DEMO-043,26/09/2008 02:26:00,0,0.01532556302845478,0,xgboost_balanced
1528,SECOM-1528,DEMO-061,15/10/2008 09:11:00,0,0.009473374113440514,0,xgboost_balanced
1239,SECOM-1239,DEMO-049,02/10/2008 09:42:00,0,0.07751230150461197,1,xgboost_balanced
397,SECOM-0397,DEMO-015,22/08/2008 02:25:00,0,0.09649248421192169,1,xgboost_balanced
17,SECOM-0017,DEMO-000,22/07/2008 08:41:00,0,0.0676313266158104,1,xgboost_balanced
1205,SECOM-1205,DEMO-048,30/09/2008 21:42:00,0,0.08652350306510925,1,xgboost_balanced
899,SECOM-0899,DEMO-035,19/09/2008 05:57:00,0,0.2680845558643341,1,xgboost_balanced
112,SECOM-0112,DEMO-004,05/08/2008 06:11:00,0,0.14377278089523315,1,xgboost_balanced
530,SECOM-0530,DEMO-021,29/08/2008 12:22:00,0,0.0319947749376297,0,xgboost_balanced
364,SECOM-0364,DEMO-014,21/08/2008 15:06:00,0,0.07103779911994934,1,xgboost_balanced
754,SECOM-0754,DEMO-030,08/09/2008 03:32:00,0,0.03213442116975784,0,xgboost_balanced
1032,SECOM-1032,DEMO-041,23/09/2008 12:29:00,0,0.14319300651550293,1,xgboost_balanced
708,SECOM-0708,DEMO-028,03/09/2008 00:58:00,0,0.02177215740084648,0,xgboost_balanced
1148,SECOM-1148,DEMO-045,28/09/2008 07:52:00,0,0.021065298467874527,0,xgboost_balanced
189,SECOM-0189,DEMO-007,10/08/2008 22:26:00,1,0.22551099956035614,1,xgboost_balanced
460,SECOM-0460,DEMO-018,28/08/2008 03:29:00,0,0.38913679122924805,1,xgboost_balanced
666,SECOM-0666,DEMO-026,02/09/2008 07:22:00,0,0.12181009352207184,1,xgboost_balanced
1367,SECOM-1367,DEMO-054,06/10/2008 15:52:00,0,0.0959593802690506,1,xgboost_balanced
531,SECOM-0531,DEMO-021,29/08/2008 12:37:00,0,0.05942772701382637,1,xgboost_balanced
1027,SECOM-1027,DEMO-041,23/09/2008 08:11:00,0,0.0755399614572525,1,xgboost_balanced
725,SECOM-0725,DEMO-029,04/09/2008 08:53:00,0,0.0065904585644602776,0,xgboost_balanced
627,SECOM-0627,DEMO-025,01/09/2008 08:18:00,0,0.0780821293592453,1,xgboost_balanced
868,SECOM-0868,DEMO-034,16/09/2008 21:21:00,0,0.012912314385175705,0,xgboost_balanced
1037,SECOM-1037,DEMO-041,23/09/2008 15:33:00,0,0.02555793896317482,0,xgboost_balanced
21,SECOM-0021,DEMO-000,23/07/2008 05:15:00,0,0.06519193202257156,1,xgboost_balanced
1209,SECOM-1209,DEMO-048,01/10/2008 01:11:00,0,0.040998492389917374,0,xgboost_balanced
1412,SECOM-1412,DEMO-056,08/10/2008 05:35:00,0,0.043874360620975494,1,xgboost_balanced
707,SECOM-0707,DEMO-028,03/09/2008 00:45:00,0,0.05623824521899223,1,xgboost_balanced
959,SECOM-0959,DEMO-038,20/09/2008 16:43:00,0,0.07220808416604996,1,xgboost_balanced
1336,SECOM-1336,DEMO-053,06/10/2008 01:25:00,0,0.07259011268615723,1,xgboost_balanced
154,SECOM-0154,DEMO-006,07/08/2008 11:40:00,1,0.1682773381471634,1,xgboost_balanced
1353,SECOM-1353,DEMO-054,06/10/2008 07:38:00,0,0.03877050429582596,0,xgboost_balanced
1116,SECOM-1116,DEMO-044,27/09/2008 00:16:00,0,0.03115713782608509,0,xgboost_balanced
1231,SECOM-1231,DEMO-049,02/10/2008 04:24:00,0,0.013926415704190731,0,xgboost_balanced
1142,SECOM-1142,DEMO-045,28/09/2008 01:22:00,0,0.017481451854109764,0,xgboost_balanced
23,SECOM-0023,DEMO-000,25/07/2008 15:23:00,1,0.2188756763935089,1,xgboost_balanced
751,SECOM-0751,DEMO-030,08/09/2008 00:32:00,0,0.1005614846944809,1,xgboost_balanced
25,SECOM-0025,DEMO-001,27/07/2008 09:37:00,0,0.07378619909286499,1,xgboost_balanced
1433,SECOM-1433,DEMO-057,08/10/2008 21:45:00,0,0.007231531664729118,0,xgboost_balanced
973,SECOM-0973,DEMO-038,21/09/2008 03:47:00,0,0.0360216423869133,0,xgboost_balanced
383,SECOM-0383,DEMO-015,21/08/2008 22:25:00,0,0.07865896821022034,1,xgboost_balanced
811,SECOM-0811,DEMO-032,12/09/2008 18:01:00,0,0.029581308364868164,0,xgboost_balanced
1137,SECOM-1137,DEMO-045,27/09/2008 18:14:00,0,0.26283711194992065,1,xgboost_balanced
571,SECOM-0571,DEMO-022,30/08/2008 08:29:00,0,0.029862582683563232,0,xgboost_balanced
698,SECOM-0698,DEMO-027,02/09/2008 17:18:00,0,0.007507809437811375,0,xgboost_balanced
678,SECOM-0678,DEMO-027,02/09/2008 11:47:00,0,0.036504123359918594,0,xgboost_balanced
989,SECOM-0989,DEMO-039,21/09/2008 15:15:00,0,0.017217164859175682,0,xgboost_balanced
1237,SECOM-1237,DEMO-049,02/10/2008 08:57:00,0,0.024370621889829636,0,xgboost_balanced
1398,SECOM-1398,DEMO-055,07/10/2008 11:36:00,0,0.020193034783005714,0,xgboost_balanced
174,SECOM-0174,DEMO-006,09/08/2008 22:15:00,0,0.14395023882389069,1,xgboost_balanced
1522,SECOM-1522,DEMO-060,15/10/2008 05:13:00,0,0.03574959933757782,0,xgboost_balanced
288,SECOM-0288,DEMO-011,19/08/2008 05:41:00,0,0.04547884687781334,1,xgboost_balanced
1310,SECOM-1310,DEMO-052,05/10/2008 05:53:00,0,0.0340321883559227,0,xgboost_balanced
643,SECOM-0643,DEMO-025,01/09/2008 23:59:00,0,0.01863495260477066,0,xgboost_balanced
1482,SECOM-1482,DEMO-059,13/10/2008 15:42:00,0,0.018392954021692276,0,xgboost_balanced
847,SECOM-0847,DEMO-033,15/09/2008 10:03:00,0,0.104801706969738,1,xgboost_balanced
245,SECOM-0245,DEMO-009,18/08/2008 04:12:00,0,0.10729973018169403,1,xgboost_balanced
219,SECOM-0219,DEMO-008,16/08/2008 13:51:00,0,0.14756619930267334,1,xgboost_balanced
1080,SECOM-1080,DEMO-043,25/09/2008 13:42:00,0,0.0436333492398262,1,xgboost_balanced
545,SECOM-0545,DEMO-021,29/08/2008 21:46:00,0,0.016470778733491898,0,xgboost_balanced
313,SECOM-0313,DEMO-012,19/08/2008 18:30:00,0,0.10125693678855896,1,xgboost_balanced
1219,SECOM-1219,DEMO-048,01/10/2008 16:43:00,0,0.22679416835308075,1,xgboost_balanced
444,SECOM-0444,DEMO-017,24/08/2008 07:12:00,0,0.03883666545152664,0,xgboost_balanced
956,SECOM-0956,DEMO-038,20/09/2008 15:19:00,0,0.010809618979692459,0,xgboost_balanced
296,SECOM-0296,DEMO-011,19/08/2008 08:07:00,0,0.028580106794834137,0,xgboost_balanced
344,SECOM-0344,DEMO-013,20/08/2008 23:43:00,1,0.05607578530907631,1,xgboost_balanced
972,SECOM-0972,DEMO-038,21/09/2008 03:04:00,0,0.04328106716275215,1,xgboost_balanced
720,SECOM-0720,DEMO-028,03/09/2008 20:10:00,0,0.02267373725771904,0,xgboost_balanced
1138,SECOM-1138,DEMO-045,27/09/2008 19:16:00,0,0.04705992341041565,1,xgboost_balanced
563,SECOM-0563,DEMO-022,30/08/2008 04:55:00,0,0.02719424106180668,0,xgboost_balanced
1541,SECOM-1541,DEMO-061,15/10/2008 22:45:00,0,0.04317585006356239,1,xgboost_balanced
1098,SECOM-1098,DEMO-043,26/09/2008 04:14:00,0,0.013410364277660847,0,xgboost_balanced
187,SECOM-0187,DEMO-007,10/08/2008 19:07:00,0,0.24462001025676727,1,xgboost_balanced
786,SECOM-0786,DEMO-031,11/09/2008 12:47:00,0,0.29657039046287537,1,xgboost_balanced
228,SECOM-0228,DEMO-009,17/08/2008 03:46:00,0,0.31819477677345276,1,xgboost_balanced
18,SECOM-0018,DEMO-000,22/07/2008 11:47:00,0,0.10332103073596954,1,xgboost_balanced
674,SECOM-0674,DEMO-026,02/09/2008 10:25:00,0,0.020106561481952667,0,xgboost_balanced
905,SECOM-0905,DEMO-036,19/09/2008 08:52:00,0,0.08439504355192184,1,xgboost_balanced
176,SECOM-0176,DEMO-007,09/08/2008 23:17:00,0,0.19535157084465027,1,xgboost_balanced
352,SECOM-0352,DEMO-014,21/08/2008 11:22:00,0,0.01690453663468361,0,xgboost_balanced
887,SECOM-0887,DEMO-035,18/09/2008 18:12:00,0,0.02150869369506836,0,xgboost_balanced
173,SECOM-0173,DEMO-006,09/08/2008 21:07:00,0,0.05430404469370842,1,xgboost_balanced
1407,SECOM-1407,DEMO-056,07/10/2008 19:24:00,0,0.014006800949573517,0,xgboost_balanced
1352,SECOM-1352,DEMO-054,06/10/2008 07:35:00,0,0.026960864663124084,0,xgboost_balanced
520,SECOM-0520,DEMO-020,29/08/2008 07:18:00,0,0.07513515651226044,1,xgboost_balanced
834,SECOM-0834,DEMO-033,14/09/2008 15:02:00,0,0.03161078691482544,0,xgboost_balanced
464,SECOM-0464,DEMO-018,28/08/2008 04:20:00,0,0.027242539450526237,0,xgboost_balanced
476,SECOM-0476,DEMO-019,28/08/2008 10:28:00,0,0.05054052546620369,1,xgboost_balanced
515,SECOM-0515,DEMO-020,29/08/2008 06:35:00,0,0.3664722442626953,1,xgboost_balanced
953,SECOM-0953,DEMO-038,20/09/2008 14:50:00,0,0.042300187051296234,1,xgboost_balanced
440,SECOM-0440,DEMO-017,23/08/2008 15:10:00,0,0.004210538696497679,0,xgboost_balanced
872,SECOM-0872,DEMO-034,17/09/2008 07:14:00,0,0.036253318190574646,0,xgboost_balanced
392,SECOM-0392,DEMO-015,22/08/2008 01:04:00,1,0.04957878962159157,1,xgboost_balanced
512,SECOM-0512,DEMO-020,29/08/2008 05:54:00,0,0.016692427918314934,0,xgboost_balanced
1456,SECOM-1456,DEMO-058,11/10/2008 06:56:00,0,0.09061922878026962,1,xgboost_balanced
287,SECOM-0287,DEMO-011,19/08/2008 05:40:00,0,0.056650400161743164,1,xgboost_balanced
121,SECOM-0121,DEMO-004,05/08/2008 15:45:00,0,0.5708635449409485,1,xgboost_balanced
1094,SECOM-1094,DEMO-043,26/09/2008 01:21:00,0,0.14444294571876526,1,xgboost_balanced
337,SECOM-0337,DEMO-013,20/08/2008 20:19:00,0,0.028882648795843124,0,xgboost_balanced
1249,SECOM-1249,DEMO-049,02/10/2008 17:00:00,0,0.14166028797626495,1,xgboost_balanced
629,SECOM-0629,DEMO-025,01/09/2008 09:19:00,0,0.01227040309458971,0,xgboost_balanced
1397,SECOM-1397,DEMO-055,07/10/2008 11:16:00,0,0.062170255929231644,1,xgboost_balanced
748,SECOM-0748,DEMO-029,07/09/2008 20:12:00,0,0.04699588567018509,1,xgboost_balanced
1274,SECOM-1274,DEMO-050,03/10/2008 19:23:00,0,0.037232428789138794,0,xgboost_balanced
1106,SECOM-1106,DEMO-044,26/09/2008 15:36:00,0,0.014877808280289173,0,xgboost_balanced
691,SECOM-0691,DEMO-027,02/09/2008 14:34:00,0,0.06133941188454628,1,xgboost_balanced
1537,SECOM-1537,DEMO-061,15/10/2008 18:16:00,0,0.004677513614296913,0,xgboost_balanced
20,SECOM-0020,DEMO-000,22/07/2008 15:30:00,0,0.07080256938934326,1,xgboost_balanced
496,SECOM-0496,DEMO-019,28/08/2008 21:03:00,0,0.08219845592975616,1,xgboost_balanced
325,SECOM-0325,DEMO-013,20/08/2008 07:12:00,0,0.08157867938280106,1,xgboost_balanced
1099,SECOM-1099,DEMO-043,26/09/2008 05:32:00,0,0.08285126090049744,1,xgboost_balanced
502,SECOM-0502,DEMO-020,29/08/2008 01:06:00,0,0.08846299350261688,1,xgboost_balanced
611,SECOM-0611,DEMO-024,31/08/2008 20:24:00,0,0.040515754371881485,0,xgboost_balanced
79,SECOM-0079,DEMO-003,03/08/2008 17:58:00,0,0.3312665522098541,1,xgboost_balanced
582,SECOM-0582,DEMO-023,30/08/2008 11:57:00,0,0.05467168241739273,1,xgboost_balanced
1466,SECOM-1466,DEMO-058,12/10/2008 00:57:00,0,0.003994408063590527,0,xgboost_balanced
776,SECOM-0776,DEMO-031,10/09/2008 21:56:00,0,0.014582866802811623,0,xgboost_balanced
518,SECOM-0518,DEMO-020,29/08/2008 06:45:00,1,0.05085478350520134,1,xgboost_balanced
818,SECOM-0818,DEMO-032,12/09/2008 23:28:00,0,0.029943354427814484,0,xgboost_balanced
954,SECOM-0954,DEMO-038,20/09/2008 14:53:00,0,0.02191070467233658,0,xgboost_balanced
947,SECOM-0947,DEMO-037,20/09/2008 12:27:00,0,0.013771919533610344,0,xgboost_balanced
658,SECOM-0658,DEMO-026,02/09/2008 03:35:00,0,0.026497453451156616,0,xgboost_balanced
939,SECOM-0939,DEMO-037,20/09/2008 05:34:00,0,0.036985911428928375,0,xgboost_balanced
855,SECOM-0855,DEMO-034,15/09/2008 22:45:00,0,0.010781988501548767,0,xgboost_balanced
1360,SECOM-1360,DEMO-054,06/10/2008 12:39:00,0,0.08125918358564377,1,xgboost_balanced
178,SECOM-0178,DEMO-007,10/08/2008 00:09:00,0,0.206940159201622,1,xgboost_balanced
1129,SECOM-1129,DEMO-045,27/09/2008 13:19:00,0,0.013955533504486084,0,xgboost_balanced
1150,SECOM-1150,DEMO-046,28/09/2008 08:41:00,0,0.02513914741575718,0,xgboost_balanced
1333,SECOM-1333,DEMO-053,05/10/2008 20:30:00,0,0.15676665306091309,1,xgboost_balanced
457,SECOM-0457,DEMO-018,27/08/2008 22:58:00,0,0.26004254817962646,1,xgboost_balanced
1375,SECOM-1375,DEMO-055,06/10/2008 19:42:00,0,0.14121942222118378,1,xgboost_balanced
1070,SECOM-1070,DEMO-042,25/09/2008 02:03:00,0,0.019008301198482513,0,xgboost_balanced
141,SECOM-0141,DEMO-005,06/08/2008 20:00:00,0,0.04367508739233017,1,xgboost_balanced
1268,SECOM-1268,DEMO-050,03/10/2008 06:15:00,0,0.02612120285630226,0,xgboost_balanced
1344,SECOM-1344,DEMO-053,06/10/2008 04:26:00,0,0.1330236941576004,1,xgboost_balanced
1396,SECOM-1396,DEMO-055,07/10/2008 11:15:00,0,0.018171729519963264,0,xgboost_balanced
932,SECOM-0932,DEMO-037,20/09/2008 00:18:00,0,0.016269627958536148,0,xgboost_balanced
1036,SECOM-1036,DEMO-041,23/09/2008 15:23:00,0,0.05442867428064346,1,xgboost_balanced
1366,SECOM-1366,DEMO-054,06/10/2008 15:01:00,0,0.08727254718542099,1,xgboost_balanced
865,SECOM-0865,DEMO-034,16/09/2008 18:23:00,0,0.018108587712049484,0,xgboost_balanced
1479,SECOM-1479,DEMO-059,13/10/2008 14:30:00,0,0.0318320132791996,0,xgboost_balanced
1271,SECOM-1271,DEMO-050,03/10/2008 11:40:00,0,0.052005186676979065,1,xgboost_balanced
579,SECOM-0579,DEMO-023,30/08/2008 11:12:00,0,0.013451647944748402,0,xgboost_balanced
524,SECOM-0524,DEMO-020,29/08/2008 07:33:00,0,0.11043062806129456,1,xgboost_balanced
793,SECOM-0793,DEMO-031,11/09/2008 16:28:00,0,0.046050120145082474,1,xgboost_balanced
862,SECOM-0862,DEMO-034,16/09/2008 09:37:00,0,0.025861363857984543,0,xgboost_balanced
978,SECOM-0978,DEMO-039,21/09/2008 08:22:00,0,0.03453167900443077,0,xgboost_balanced
635,SECOM-0635,DEMO-025,01/09/2008 20:51:00,0,0.04059474542737007,0,xgboost_balanced
912,SECOM-0912,DEMO-036,19/09/2008 15:31:00,0,0.046874210238456726,1,xgboost_balanced
750,SECOM-0750,DEMO-030,07/09/2008 23:33:00,0,0.03751172497868538,0,xgboost_balanced
1441,SECOM-1441,DEMO-057,09/10/2008 14:15:00,0,0.013354683294892311,0,xgboost_balanced
1309,SECOM-1309,DEMO-052,05/10/2008 05:31:00,0,0.0772959515452385,1,xgboost_balanced
306,SECOM-0306,DEMO-012,19/08/2008 11:46:00,0,0.14451734721660614,1,xgboost_balanced
1531,SECOM-1531,DEMO-061,15/10/2008 13:14:00,0,0.02415596880018711,0,xgboost_balanced
769,SECOM-0769,DEMO-030,09/09/2008 00:25:00,0,0.08040143549442291,1,xgboost_balanced
1305,SECOM-1305,DEMO-052,05/10/2008 01:35:00,0,0.11919538676738739,1,xgboost_balanced
1283,SECOM-1283,DEMO-051,03/10/2008 22:53:00,0,0.11171308904886246,1,xgboost_balanced
326,SECOM-0326,DEMO-013,20/08/2008 08:40:00,1,0.18377137184143066,1,xgboost_balanced
458,SECOM-0458,DEMO-018,28/08/2008 03:03:00,0,0.07861403375864029,1,xgboost_balanced
9,SECOM-0009,DEMO-000,19/07/2008 21:35:00,0,0.11327795684337616,1,xgboost_balanced
615,SECOM-0615,DEMO-024,31/08/2008 22:32:00,0,0.008425485342741013,0,xgboost_balanced
1208,SECOM-1208,DEMO-048,01/10/2008 00:20:00,0,0.12229244410991669,1,xgboost_balanced
936,SECOM-0936,DEMO-037,20/09/2008 04:28:00,0,0.06966778635978699,1,xgboost_balanced
1350,SECOM-1350,DEMO-054,06/10/2008 07:12:00,0,0.041204411536455154,1,xgboost_balanced
1222,SECOM-1222,DEMO-048,01/10/2008 21:50:00,0,0.08978242427110672,1,xgboost_balanced
1218,SECOM-1218,DEMO-048,01/10/2008 15:16:00,0,0.3511606752872467,1,xgboost_balanced
1197,SECOM-1197,DEMO-047,30/09/2008 15:16:00,0,0.020569030195474625,0,xgboost_balanced
5,SECOM-0005,DEMO-000,19/07/2008 17:53:00,0,0.39974525570869446,1,xgboost_balanced
307,SECOM-0307,DEMO-012,19/08/2008 11:57:00,0,0.017549781128764153,0,xgboost_balanced
336,SECOM-0336,DEMO-013,20/08/2008 19:20:00,1,0.22006766498088837,1,xgboost_balanced
1052,SECOM-1052,DEMO-042,24/09/2008 06:13:00,0,0.06825036555528641,1,xgboost_balanced
1357,SECOM-1357,DEMO-054,06/10/2008 09:57:00,0,0.07159286737442017,1,xgboost_balanced
1364,SECOM-1364,DEMO-054,06/10/2008 13:55:00,1,0.2183149755001068,1,xgboost_balanced
1382,SECOM-1382,DEMO-055,06/10/2008 23:03:00,0,0.04416235536336899,1,xgboost_balanced
1245,SECOM-1245,DEMO-049,02/10/2008 15:44:00,0,0.05394574999809265,1,xgboost_balanced
640,SECOM-0640,DEMO-025,01/09/2008 23:28:00,0,0.025188909843564034,0,xgboost_balanced
1390,SECOM-1390,DEMO-055,07/10/2008 09:11:00,0,0.021886594593524933,0,xgboost_balanced
576,SECOM-0576,DEMO-023,30/08/2008 09:45:00,1,0.03502815216779709,0,xgboost_balanced
1295,SECOM-1295,DEMO-051,04/10/2008 18:25:00,0,0.04783566668629646,1,xgboost_balanced
550,SECOM-0550,DEMO-022,29/08/2008 22:56:00,0,0.021851103752851486,0,xgboost_balanced
372,SECOM-0372,DEMO-014,21/08/2008 18:04:00,0,0.14538408815860748,1,xgboost_balanced
1499,SECOM-1499,DEMO-059,14/10/2008 13:13:00,0,0.043667785823345184,1,xgboost_balanced
231,SECOM-0231,DEMO-009,17/08/2008 12:16:00,1,0.08696793019771576,1,xgboost_balanced
672,SECOM-0672,DEMO-026,02/09/2008 10:13:00,0,0.02695169299840927,0,xgboost_balanced
1474,SECOM-1474,DEMO-058,13/10/2008 03:53:00,0,0.023332083597779274,0,xgboost_balanced
331,SECOM-0331,DEMO-013,20/08/2008 17:09:00,0,0.018103713169693947,0,xgboost_balanced
1073,SECOM-1073,DEMO-042,25/09/2008 07:58:00,0,0.02109389752149582,0,xgboost_balanced
1525,SECOM-1525,DEMO-061,15/10/2008 07:36:00,0,0.038512859493494034,0,xgboost_balanced
753,SECOM-0753,DEMO-030,08/09/2008 01:24:00,0,0.04695484787225723,1,xgboost_balanced
715,SECOM-0715,DEMO-028,03/09/2008 14:29:00,0,0.1457144170999527,1,xgboost_balanced
1226,SECOM-1226,DEMO-049,02/10/2008 00:22:00,0,0.10304515808820724,1,xgboost_balanced
930,SECOM-0930,DEMO-037,19/09/2008 23:26:00,0,0.04932551458477974,1,xgboost_balanced
1058,SECOM-1058,DEMO-042,24/09/2008 11:47:00,0,0.02064564637839794,0,xgboost_balanced
238,SECOM-0238,DEMO-009,17/08/2008 23:04:00,1,0.48867717385292053,1,xgboost_balanced
1272,SECOM-1272,DEMO-050,03/10/2008 12:31:00,0,0.4402428865432739,1,xgboost_balanced
442,SECOM-0442,DEMO-017,24/08/2008 02:32:00,0,0.02170264720916748,0,xgboost_balanced
424,SECOM-0424,DEMO-016,22/08/2008 19:14:00,1,0.11775071173906326,1,xgboost_balanced
1493,SECOM-1493,DEMO-059,13/10/2008 22:48:00,0,0.037545546889305115,0,xgboost_balanced
1282,SECOM-1282,DEMO-051,03/10/2008 22:08:00,0,0.06639142334461212,1,xgboost_balanced
1377,SECOM-1377,DEMO-055,06/10/2008 20:36:00,0,-0.10231208031015587,1,isolation_forest
1212,SECOM-1212,DEMO-048,01/10/2008 07:19:00,0,-0.11020872217538363,1,isolation_forest
907,SECOM-0907,DEMO-036,19/09/2008 09:47:00,0,-0.11212118026295298,1,isolation_forest
766,SECOM-0766,DEMO-030,08/09/2008 21:36:00,0,-0.10091683453074524,1,isolation_forest
600,SECOM-0600,DEMO-024,31/08/2008 02:57:00,0,-0.10383702128320699,1,isolation_forest
297,SECOM-0297,DEMO-011,19/08/2008 08:33:00,0,-0.09397180934071814,1,isolation_forest
820,SECOM-0820,DEMO-032,13/09/2008 00:25:00,0,-0.09864067971358093,1,isolation_forest
500,SECOM-0500,DEMO-020,28/08/2008 23:42:00,0,-0.11198358877056308,1,isolation_forest
1123,SECOM-1123,DEMO-044,27/09/2008 11:45:00,0,-0.056652736591457364,1,isolation_forest
1213,SECOM-1213,DEMO-048,01/10/2008 07:28:00,0,-0.10162217549314112,1,isolation_forest
1543,SECOM-1543,DEMO-061,15/10/2008 23:00:00,0,-0.07884325120101865,1,isolation_forest
1157,SECOM-1157,DEMO-046,28/09/2008 18:43:00,0,-0.09347179362754071,1,isolation_forest
108,SECOM-0108,DEMO-004,05/08/2008 04:32:00,0,-0.07442639233686182,1,isolation_forest
170,SECOM-0170,DEMO-006,09/08/2008 17:34:00,0,-0.08445105923707641,1,isolation_forest
570,SECOM-0570,DEMO-022,30/08/2008 08:10:00,0,-0.09313634996458492,1,isolation_forest
1134,SECOM-1134,DEMO-045,27/09/2008 15:30:00,0,-0.08279613031839789,1,isolation_forest
1448,SECOM-1448,DEMO-057,10/10/2008 12:30:00,0,-0.08904197806350189,1,isolation_forest
216,SECOM-0216,DEMO-008,16/08/2008 08:39:00,0,-0.10053937036252852,1,isolation_forest
850,SECOM-0850,DEMO-034,15/09/2008 16:10:00,0,-0.08704965372888068,1,isolation_forest
1049,SECOM-1049,DEMO-041,24/09/2008 03:40:00,0,-0.10759205275718092,1,isolation_forest
1477,SECOM-1477,DEMO-059,13/10/2008 14:06:00,0,-0.08593593326901133,1,isolation_forest
62,SECOM-0062,DEMO-002,31/07/2008 20:18:00,1,-0.06630262558522121,1,isolation_forest
42,SECOM-0042,DEMO-001,29/07/2008 04:08:00,0,-0.08682546925466733,1,isolation_forest
628,SECOM-0628,DEMO-025,01/09/2008 09:06:00,0,-0.09103124288069336,1,isolation_forest
1156,SECOM-1156,DEMO-046,28/09/2008 18:34:00,0,-0.09351318869496611,1,isolation_forest
140,SECOM-0140,DEMO-005,06/08/2008 19:24:00,0,-0.11122699103033085,1,isolation_forest
866,SECOM-0866,DEMO-034,16/09/2008 19:34:00,0,-0.08414796331201563,1,isolation_forest
369,SECOM-0369,DEMO-014,21/08/2008 16:36:00,0,-0.1081888532063992,1,isolation_forest
996,SECOM-0996,DEMO-039,21/09/2008 19:19:00,0,-0.09758601485360818,1,isolation_forest
258,SECOM-0258,DEMO-010,18/08/2008 11:04:00,0,-0.08783123426081973,1,isolation_forest
1033,SECOM-1033,DEMO-041,23/09/2008 12:31:00,0,-0.07060900358583422,1,isolation_forest
355,SECOM-0355,DEMO-014,21/08/2008 12:33:00,0,-0.09983604784863204,1,isolation_forest
840,SECOM-0840,DEMO-033,14/09/2008 19:13:00,0,-0.11044225088747667,1,isolation_forest
1394,SECOM-1394,DEMO-055,07/10/2008 10:10:00,0,-0.08942020250421762,1,isolation_forest
1478,SECOM-1478,DEMO-059,13/10/2008 14:29:00,0,-0.074952487472776,1,isolation_forest
1421,SECOM-1421,DEMO-056,08/10/2008 12:11:00,0,-0.10845488319660485,1,isolation_forest
195,SECOM-0195,DEMO-007,12/08/2008 04:23:00,0,-0.038886327557325406,1,isolation_forest
455,SECOM-0455,DEMO-018,27/08/2008 17:14:00,0,-0.092589538542242,1,isolation_forest
587,SECOM-0587,DEMO-023,30/08/2008 15:16:00,0,-0.10140180178339453,1,isolation_forest
1092,SECOM-1092,DEMO-043,25/09/2008 23:48:00,0,-0.07879282947263089,1,isolation_forest
1090,SECOM-1090,DEMO-043,25/09/2008 22:05:00,0,-0.10819136406478758,1,isolation_forest
65,SECOM-0065,DEMO-002,01/08/2008 10:20:00,0,-0.10527047742447154,1,isolation_forest
1498,SECOM-1498,DEMO-059,14/10/2008 03:35:00,0,-0.09438150258850997,1,isolation_forest
220,SECOM-0220,DEMO-008,16/08/2008 14:30:00,0,-0.10920739982921779,1,isolation_forest
1307,SECOM-1307,DEMO-052,05/10/2008 04:20:00,0,-0.07202711009044516,1,isolation_forest
537,SECOM-0537,DEMO-021,29/08/2008 14:18:00,0,-0.08394899389640903,1,isolation_forest
1191,SECOM-1191,DEMO-047,30/09/2008 04:42:00,0,-0.10143237531575394,1,isolation_forest
234,SECOM-0234,DEMO-009,17/08/2008 15:25:00,0,-0.1053361939941545,1,isolation_forest
51,SECOM-0051,DEMO-002,29/07/2008 21:07:00,0,-0.01344128100685077,1,isolation_forest
233,SECOM-0233,DEMO-009,17/08/2008 14:21:00,0,-0.08484141414241081,1,isolation_forest
572,SECOM-0572,DEMO-022,30/08/2008 08:42:00,0,-0.09914677383602954,1,isolation_forest
450,SECOM-0450,DEMO-018,27/08/2008 00:46:00,0,-0.08118378800324194,1,isolation_forest
1048,SECOM-1048,DEMO-041,24/09/2008 03:32:00,0,-0.0985722009261567,1,isolation_forest
68,SECOM-0068,DEMO-002,01/08/2008 12:29:00,0,-0.08366273590894024,1,isolation_forest
705,SECOM-0705,DEMO-028,02/09/2008 20:59:00,0,-0.07855117751296065,1,isolation_forest
390,SECOM-0390,DEMO-015,22/08/2008 00:44:00,0,-0.09587935492900757,1,isolation_forest
1081,SECOM-1081,DEMO-043,25/09/2008 14:08:00,0,-0.09836206264184189,1,isolation_forest
621,SECOM-0621,DEMO-024,01/09/2008 00:53:00,0,-0.08534931611086,1,isolation_forest
190,SECOM-0190,DEMO-007,11/08/2008 03:06:00,0,-0.10269669982438084,1,isolation_forest
706,SECOM-0706,DEMO-028,03/09/2008 00:18:00,0,-0.08318091471103711,1,isolation_forest
798,SECOM-0798,DEMO-031,12/09/2008 05:11:00,0,-0.07441440267269428,1,isolation_forest
1,SECOM-0001,DEMO-000,19/07/2008 12:32:00,0,-0.07746441099395368,1,isolation_forest
604,SECOM-0604,DEMO-024,31/08/2008 10:36:00,0,-0.09460391431051973,1,isolation_forest
1437,SECOM-1437,DEMO-057,09/10/2008 00:23:00,0,-0.09461384333243189,1,isolation_forest
434,SECOM-0434,DEMO-017,23/08/2008 05:57:00,0,-0.11738560578148749,0,isolation_forest
714,SECOM-0714,DEMO-028,03/09/2008 14:24:00,0,-0.10495985015701337,1,isolation_forest
914,SECOM-0914,DEMO-036,19/09/2008 16:58:00,1,-0.11573351774248386,0,isolation_forest
24,SECOM-0024,DEMO-000,27/07/2008 04:18:00,0,-0.03301590647600239,1,isolation_forest
1432,SECOM-1432,DEMO-057,08/10/2008 21:19:00,0,-0.08295951838459514,1,isolation_forest
1103,SECOM-1103,DEMO-044,26/09/2008 14:20:00,0,-0.10828821105072406,1,isolation_forest
837,SECOM-0837,DEMO-033,14/09/2008 17:40:00,0,-0.09239956063842553,1,isolation_forest
345,SECOM-0345,DEMO-013,21/08/2008 02:11:00,0,-0.09643659663949494,1,isolation_forest
1122,SECOM-1122,DEMO-044,27/09/2008 11:04:00,0,-0.09452277852305718,1,isolation_forest
1189,SECOM-1189,DEMO-047,30/09/2008 02:44:00,1,-0.09617099195961804,1,isolation_forest
903,SECOM-0903,DEMO-036,19/09/2008 07:18:00,0,-0.09257074188044156,1,isolation_forest
877,SECOM-0877,DEMO-035,18/09/2008 01:43:00,0,-0.1060810019217922,1,isolation_forest
1529,SECOM-1529,DEMO-061,15/10/2008 10:00:00,0,-0.07786662092455238,1,isolation_forest
215,SECOM-0215,DEMO-008,16/08/2008 07:33:00,0,-0.10176819351547439,1,isolation_forest
569,SECOM-0569,DEMO-022,30/08/2008 07:54:00,0,-0.10058284788997734,1,isolation_forest
1446,SECOM-1446,DEMO-057,10/10/2008 10:46:00,0,-0.07221192948486865,1,isolation_forest
1057,SECOM-1057,DEMO-042,24/09/2008 10:59:00,0,-0.12485748123854085,0,isolation_forest
1162,SECOM-1162,DEMO-046,28/09/2008 21:08:00,0,-0.10180851915212807,1,isolation_forest
96,SECOM-0096,DEMO-003,04/08/2008 20:58:00,1,-0.033123512834509594,1,isolation_forest
765,SECOM-0765,DEMO-030,08/09/2008 20:00:00,0,-0.08975310032822875,1,isolation_forest
1038,SECOM-1038,DEMO-041,23/09/2008 15:58:00,0,-0.07315442297137131,1,isolation_forest
533,SECOM-0533,DEMO-021,29/08/2008 13:14:00,0,-0.0857822930209825,1,isolation_forest
1563,SECOM-1563,DEMO-062,16/10/2008 20:49:00,0,-0.08156484349324561,1,isolation_forest
11,SECOM-0011,DEMO-000,19/07/2008 22:52:00,1,-0.08122490832258022,1,isolation_forest
1254,SECOM-1254,DEMO-050,02/10/2008 21:32:00,1,-0.08655603324815442,1,isolation_forest
1334,SECOM-1334,DEMO-053,05/10/2008 22:13:00,0,-0.09362307011330412,1,isolation_forest
1453,SECOM-1453,DEMO-058,10/10/2008 21:07:00,0,-0.10029072143787299,1,isolation_forest
50,SECOM-0050,DEMO-002,29/07/2008 18:08:00,1,-0.10078821477113176,1,isolation_forest
399,SECOM-0399,DEMO-015,22/08/2008 03:18:00,0,-0.07663761158278759,1,isolation_forest
1472,SECOM-1472,DEMO-058,12/10/2008 18:47:00,0,-0.08997910253351227,1,isolation_forest
693,SECOM-0693,DEMO-027,02/09/2008 16:10:00,0,-0.11867490335187131,0,isolation_forest
320,SECOM-0320,DEMO-012,20/08/2008 02:13:00,0,-0.0897308001444268,1,isolation_forest
1385,SECOM-1385,DEMO-055,07/10/2008 03:39:00,0,-0.09123914550768686,1,isolation_forest
26,SECOM-0026,DEMO-001,27/07/2008 11:10:00,0,-0.09853393395202215,1,isolation_forest
553,SECOM-0553,DEMO-022,30/08/2008 00:57:00,0,-0.1152729934709052,0,isolation_forest
712,SECOM-0712,DEMO-028,03/09/2008 06:26:00,0,-0.1065298066745774,1,isolation_forest
153,SECOM-0153,DEMO-006,07/08/2008 11:10:00,0,-0.07484185299675639,1,isolation_forest
846,SECOM-0846,DEMO-033,15/09/2008 02:04:00,0,-0.09719202412414335,1,isolation_forest
1495,SECOM-1495,DEMO-059,14/10/2008 00:35:00,0,-0.07080872867867422,1,isolation_forest
269,SECOM-0269,DEMO-010,18/08/2008 15:30:00,0,-0.09370773812960076,1,isolation_forest
909,SECOM-0909,DEMO-036,19/09/2008 11:13:00,0,-0.1003400561349953,1,isolation_forest
165,SECOM-0165,DEMO-006,09/08/2008 02:37:00,0,-0.10336651642611494,1,isolation_forest
255,SECOM-0255,DEMO-010,18/08/2008 08:18:00,0,-0.09207220175776959,1,isolation_forest
689,SECOM-0689,DEMO-027,02/09/2008 14:09:00,0,-0.08145068994017285,1,isolation_forest
752,SECOM-0752,DEMO-030,08/09/2008 00:40:00,0,-0.10918978117426875,1,isolation_forest
209,SECOM-0209,DEMO-008,15/08/2008 20:00:00,0,-0.10429602883216921,1,isolation_forest
1540,SECOM-1540,DEMO-061,15/10/2008 21:44:00,0,-0.08768234223720361,1,isolation_forest
1328,SECOM-1328,DEMO-053,05/10/2008 16:49:00,1,-0.0858502806933974,1,isolation_forest
242,SECOM-0242,DEMO-009,18/08/2008 00:20:00,0,-0.10302868703179163,1,isolation_forest
1486,SECOM-1486,DEMO-059,13/10/2008 19:40:00,0,-0.08632539531067568,1,isolation_forest
149,SECOM-0149,DEMO-005,07/08/2008 08:21:00,0,-0.0865196732115791,1,isolation_forest
730,SECOM-0730,DEMO-029,04/09/2008 16:30:00,0,-0.10857007360027099,1,isolation_forest
1411,SECOM-1411,DEMO-056,08/10/2008 04:47:00,0,-0.08667555168717528,1,isolation_forest
1175,SECOM-1175,DEMO-047,29/09/2008 11:53:00,0,-0.09263549022753215,1,isolation_forest
1565,SECOM-1565,DEMO-062,17/10/2008 06:01:00,0,-0.10273179101943192,1,isolation_forest
1034,SECOM-1034,DEMO-041,23/09/2008 12:46:00,0,-0.09208051720183302,1,isolation_forest
246,SECOM-0246,DEMO-009,18/08/2008 04:35:00,0,-0.08559268805232512,1,isolation_forest
816,SECOM-0816,DEMO-032,12/09/2008 22:25:00,0,-0.09892417858236996,1,isolation_forest
817,SECOM-0817,DEMO-032,12/09/2008 22:45:00,0,-0.08313360393081853,1,isolation_forest
1351,SECOM-1351,DEMO-054,06/10/2008 07:17:00,0,-0.08905268454982218,1,isolation_forest
792,SECOM-0792,DEMO-031,11/09/2008 15:08:00,0,-0.09603262598302076,1,isolation_forest
1166,SECOM-1166,DEMO-046,29/09/2008 02:06:00,0,-0.10943232086667959,1,isolation_forest
893,SECOM-0893,DEMO-035,18/09/2008 23:44:00,0,-0.08842264063637545,1,isolation_forest
876,SECOM-0876,DEMO-035,18/09/2008 01:40:00,0,-0.0962448260023932,1,isolation_forest
1003,SECOM-1003,DEMO-040,22/09/2008 01:43:00,0,-0.09593723906760743,1,isolation_forest
283,SECOM-0283,DEMO-011,19/08/2008 04:58:00,0,-0.10870675621578058,1,isolation_forest
146,SECOM-0146,DEMO-005,06/08/2008 23:45:00,0,-0.08297938214826267,1,isolation_forest
1491,SECOM-1491,DEMO-059,13/10/2008 21:47:00,0,-0.07515061607515205,1,isolation_forest
557,SECOM-0557,DEMO-022,30/08/2008 02:32:00,0,-0.0787243144125978,1,isolation_forest
232,SECOM-0232,DEMO-009,17/08/2008 13:34:00,0,-0.08800864762574628,1,isolation_forest
1314,SECOM-1314,DEMO-052,05/10/2008 09:04:00,0,-0.07607936410700322,1,isolation_forest
58,SECOM-0058,DEMO-002,30/07/2008 21:16:00,1,-0.05745563276561094,1,isolation_forest
342,SECOM-0342,DEMO-013,20/08/2008 22:45:00,0,-0.10997085045778482,1,isolation_forest
549,SECOM-0549,DEMO-021,29/08/2008 22:49:00,0,-0.11753614076788876,0,isolation_forest
116,SECOM-0116,DEMO-004,05/08/2008 07:48:00,0,-0.08392792100415764,1,isolation_forest
175,SECOM-0175,DEMO-007,09/08/2008 22:37:00,0,-0.08110887667118583,1,isolation_forest
1361,SECOM-1361,DEMO-054,06/10/2008 12:42:00,0,-0.09303185857602664,1,isolation_forest
1152,SECOM-1152,DEMO-046,28/09/2008 17:05:00,0,-0.09750231540487092,1,isolation_forest
435,SECOM-0435,DEMO-017,23/08/2008 05:58:00,0,-0.12319983522807987,0,isolation_forest
183,SECOM-0183,DEMO-007,10/08/2008 11:16:00,0,-0.04841251238737171,1,isolation_forest
795,SECOM-0795,DEMO-031,11/09/2008 22:07:00,1,-0.0755222620416246,1,isolation_forest
1225,SECOM-1225,DEMO-049,02/10/2008 00:21:00,0,-0.09477699953609625,1,isolation_forest
946,SECOM-0946,DEMO-037,20/09/2008 12:26:00,0,-0.09972812037046203,1,isolation_forest
1442,SECOM-1442,DEMO-057,09/10/2008 15:04:00,0,-0.10475279463951587,1,isolation_forest
264,SECOM-0264,DEMO-010,18/08/2008 14:01:00,0,-0.10548404756675034,1,isolation_forest
1236,SECOM-1236,DEMO-049,02/10/2008 08:52:00,0,-0.10347383403013843,1,isolation_forest
1229,SECOM-1229,DEMO-049,02/10/2008 04:11:00,0,-0.09613887721178199,1,isolation_forest
44,SECOM-0044,DEMO-001,29/07/2008 06:19:00,0,-0.04470132346201544,1,isolation_forest
449,SECOM-0449,DEMO-017,25/08/2008 09:29:00,0,-0.09698837655732584,1,isolation_forest
1316,SECOM-1316,DEMO-052,05/10/2008 10:00:00,0,-0.08409042154350216,1,isolation_forest
31,SECOM-0031,DEMO-001,27/07/2008 22:28:00,0,-0.07848628958977377,1,isolation_forest
1315,SECOM-1315,DEMO-052,05/10/2008 09:47:00,0,-0.0997949170247982,1,isolation_forest
1005,SECOM-1005,DEMO-040,22/09/2008 06:05:00,0,-0.09812102314246857,1,isolation_forest
1424,SECOM-1424,DEMO-056,08/10/2008 14:48:00,0,-0.10159611043406624,1,isolation_forest
465,SECOM-0465,DEMO-018,28/08/2008 04:54:00,0,-0.10096389749387613,1,isolation_forest
41,SECOM-0041,DEMO-001,28/07/2008 23:57:00,0,-0.10278753593010914,1,isolation_forest
1431,SECOM-1431,DEMO-057,08/10/2008 20:27:00,0,-0.10826241601852449,1,isolation_forest
459,SECOM-0459,DEMO-018,28/08/2008 03:04:00,0,-0.11812817215938343,0,isolation_forest
130,SECOM-0130,DEMO-005,06/08/2008 03:22:00,0,-0.06986689381682487,1,isolation_forest
709,SECOM-0709,DEMO-028,03/09/2008 01:15:00,1,-0.0634224790683966,1,isolation_forest
461,SECOM-0461,DEMO-018,28/08/2008 03:38:00,0,-0.08344078973655139,1,isolation_forest
104,SECOM-0104,DEMO-004,05/08/2008 02:45:00,0,-0.08184831571481377,1,isolation_forest
1345,SECOM-1345,DEMO-053,06/10/2008 05:21:00,0,-0.1063189184648814,1,isolation_forest
1031,SECOM-1031,DEMO-041,23/09/2008 11:43:00,0,-0.11119884811728181,1,isolation_forest
713,SECOM-0713,DEMO-028,03/09/2008 09:38:00,0,-0.06631243736374104,1,isolation_forest
652,SECOM-0652,DEMO-026,02/09/2008 02:02:00,0,-0.10555484392024372,1,isolation_forest
1097,SECOM-1097,DEMO-043,26/09/2008 03:29:00,0,-0.08184399805154702,1,isolation_forest
1242,SECOM-1242,DEMO-049,02/10/2008 14:10:00,1,-0.08406083580423868,1,isolation_forest
1439,SECOM-1439,DEMO-057,09/10/2008 06:06:00,0,-0.0964726558444099,1,isolation_forest
1140,SECOM-1140,DEMO-045,27/09/2008 21:45:00,0,-0.10678842736463878,1,isolation_forest
1004,SECOM-1004,DEMO-040,22/09/2008 03:51:00,0,-0.11736502594586556,0,isolation_forest
1552,SECOM-1552,DEMO-062,16/10/2008 04:02:00,0,-0.07153487912022344,1,isolation_forest
928,SECOM-0928,DEMO-037,19/09/2008 21:14:00,0,-0.08390561654968876,1,isolation_forest
48,SECOM-0048,DEMO-001,29/07/2008 15:49:00,1,-0.07663444213012371,1,isolation_forest
527,SECOM-0527,DEMO-021,29/08/2008 08:41:00,0,-0.07991124366740465,1,isolation_forest
967,SECOM-0967,DEMO-038,20/09/2008 19:21:00,0,-0.09644571611160618,1,isolation_forest
535,SECOM-0535,DEMO-021,29/08/2008 13:49:00,0,-0.11987680801180378,0,isolation_forest
828,SECOM-0828,DEMO-033,13/09/2008 14:07:00,0,-0.09020290606602949,1,isolation_forest
1354,SECOM-1354,DEMO-054,06/10/2008 08:24:00,0,-0.09581969282798103,1,isolation_forest
726,SECOM-0726,DEMO-029,04/09/2008 11:50:00,0,-0.10373166692863672,1,isolation_forest
1370,SECOM-1370,DEMO-054,06/10/2008 17:26:00,0,-0.10226236483145468,1,isolation_forest
1294,SECOM-1294,DEMO-051,04/10/2008 18:15:00,0,-0.08074851178988379,1,isolation_forest
630,SECOM-0630,DEMO-025,01/09/2008 09:54:00,0,-0.09268125975882036,1,isolation_forest
268,SECOM-0268,DEMO-010,18/08/2008 15:26:00,0,-0.09784515904250213,1,isolation_forest
844,SECOM-0844,DEMO-033,14/09/2008 21:31:00,0,-0.10879342730540131,1,isolation_forest
1204,SECOM-1204,DEMO-048,30/09/2008 21:39:00,0,-0.10173484090616547,1,isolation_forest
1259,SECOM-1259,DEMO-050,02/10/2008 23:32:00,0,-0.08597480301983418,1,isolation_forest
366,SECOM-0366,DEMO-014,21/08/2008 15:48:00,0,-0.10313042860976696,1,isolation_forest
1184,SECOM-1184,DEMO-047,29/09/2008 21:26:00,0,-0.1099056048070845,1,isolation_forest
1095,SECOM-1095,DEMO-043,26/09/2008 02:26:00,0,-0.09384058445468041,1,isolation_forest
1528,SECOM-1528,DEMO-061,15/10/2008 09:11:00,0,-0.06358342390580274,1,isolation_forest
1239,SECOM-1239,DEMO-049,02/10/2008 09:42:00,0,-0.10165996386679865,1,isolation_forest
397,SECOM-0397,DEMO-015,22/08/2008 02:25:00,0,-0.09246962100135209,1,isolation_forest
17,SECOM-0017,DEMO-000,22/07/2008 08:41:00,0,-0.09468986893982839,1,isolation_forest
1205,SECOM-1205,DEMO-048,30/09/2008 21:42:00,0,-0.09893566330901982,1,isolation_forest
899,SECOM-0899,DEMO-035,19/09/2008 05:57:00,0,-0.0920764686595173,1,isolation_forest
112,SECOM-0112,DEMO-004,05/08/2008 06:11:00,0,-0.0893895151276024,1,isolation_forest
530,SECOM-0530,DEMO-021,29/08/2008 12:22:00,0,-0.09318879333979302,1,isolation_forest
364,SECOM-0364,DEMO-014,21/08/2008 15:06:00,0,-0.09829138106238317,1,isolation_forest
754,SECOM-0754,DEMO-030,08/09/2008 03:32:00,0,-0.09264679809566922,1,isolation_forest
1032,SECOM-1032,DEMO-041,23/09/2008 12:29:00,0,-0.09439057782672844,1,isolation_forest
708,SECOM-0708,DEMO-028,03/09/2008 00:58:00,0,-0.0991845422685621,1,isolation_forest
1148,SECOM-1148,DEMO-045,28/09/2008 07:52:00,0,-0.10442378106469002,1,isolation_forest
189,SECOM-0189,DEMO-007,10/08/2008 22:26:00,1,-0.06772219319908773,1,isolation_forest
460,SECOM-0460,DEMO-018,28/08/2008 03:29:00,0,-0.0930790825342045,1,isolation_forest
666,SECOM-0666,DEMO-026,02/09/2008 07:22:00,0,-0.0990738139548164,1,isolation_forest
1367,SECOM-1367,DEMO-054,06/10/2008 15:52:00,0,-0.099932840868245,1,isolation_forest
531,SECOM-0531,DEMO-021,29/08/2008 12:37:00,0,-0.10301124869138861,1,isolation_forest
1027,SECOM-1027,DEMO-041,23/09/2008 08:11:00,0,-0.10643410566838923,1,isolation_forest
725,SECOM-0725,DEMO-029,04/09/2008 08:53:00,0,-0.0907618253897387,1,isolation_forest
627,SECOM-0627,DEMO-025,01/09/2008 08:18:00,0,-0.09357988515755739,1,isolation_forest
868,SECOM-0868,DEMO-034,16/09/2008 21:21:00,0,-0.08731493636414506,1,isolation_forest
1037,SECOM-1037,DEMO-041,23/09/2008 15:33:00,0,-0.08238988124904478,1,isolation_forest
21,SECOM-0021,DEMO-000,23/07/2008 05:15:00,0,-0.09889096348053644,1,isolation_forest
1209,SECOM-1209,DEMO-048,01/10/2008 01:11:00,0,-0.10253067919608821,1,isolation_forest
1412,SECOM-1412,DEMO-056,08/10/2008 05:35:00,0,-0.10190008008417673,1,isolation_forest
707,SECOM-0707,DEMO-028,03/09/2008 00:45:00,0,-0.10763827717397872,1,isolation_forest
959,SECOM-0959,DEMO-038,20/09/2008 16:43:00,0,-0.09438369547597497,1,isolation_forest
1336,SECOM-1336,DEMO-053,06/10/2008 01:25:00,0,-0.09609817292261219,1,isolation_forest
154,SECOM-0154,DEMO-006,07/08/2008 11:40:00,1,-0.0879143497245431,1,isolation_forest
1353,SECOM-1353,DEMO-054,06/10/2008 07:38:00,0,-0.08200950512639271,1,isolation_forest
1116,SECOM-1116,DEMO-044,27/09/2008 00:16:00,0,-0.1005426724549841,1,isolation_forest
1231,SECOM-1231,DEMO-049,02/10/2008 04:24:00,0,-0.09350656522863376,1,isolation_forest
1142,SECOM-1142,DEMO-045,28/09/2008 01:22:00,0,-0.08414772942605203,1,isolation_forest
23,SECOM-0023,DEMO-000,25/07/2008 15:23:00,1,-0.04264027858547048,1,isolation_forest
751,SECOM-0751,DEMO-030,08/09/2008 00:32:00,0,-0.10492786681436889,1,isolation_forest
25,SECOM-0025,DEMO-001,27/07/2008 09:37:00,0,-0.04153683156980842,1,isolation_forest
1433,SECOM-1433,DEMO-057,08/10/2008 21:45:00,0,-0.10841066569183128,1,isolation_forest
973,SECOM-0973,DEMO-038,21/09/2008 03:47:00,0,-0.11327044437438794,1,isolation_forest
383,SECOM-0383,DEMO-015,21/08/2008 22:25:00,0,-0.07995642707554201,1,isolation_forest
811,SECOM-0811,DEMO-032,12/09/2008 18:01:00,0,-0.10825666645167681,1,isolation_forest
1137,SECOM-1137,DEMO-045,27/09/2008 18:14:00,0,-0.09086271870148227,1,isolation_forest
571,SECOM-0571,DEMO-022,30/08/2008 08:29:00,0,-0.09362142618969871,1,isolation_forest
698,SECOM-0698,DEMO-027,02/09/2008 17:18:00,0,-0.07461540434092734,1,isolation_forest
678,SECOM-0678,DEMO-027,02/09/2008 11:47:00,0,-0.10825677228508446,1,isolation_forest
989,SECOM-0989,DEMO-039,21/09/2008 15:15:00,0,-0.10768506972146835,1,isolation_forest
1237,SECOM-1237,DEMO-049,02/10/2008 08:57:00,0,-0.08228890049723392,1,isolation_forest
1398,SECOM-1398,DEMO-055,07/10/2008 11:36:00,0,-0.09155787583553271,1,isolation_forest
174,SECOM-0174,DEMO-006,09/08/2008 22:15:00,0,-0.08799640701264122,1,isolation_forest
1522,SECOM-1522,DEMO-060,15/10/2008 05:13:00,0,-0.09839613016938475,1,isolation_forest
288,SECOM-0288,DEMO-011,19/08/2008 05:41:00,0,-0.09745022335416859,1,isolation_forest
1310,SECOM-1310,DEMO-052,05/10/2008 05:53:00,0,-0.07960907166716574,1,isolation_forest
643,SECOM-0643,DEMO-025,01/09/2008 23:59:00,0,-0.0852769042538804,1,isolation_forest
1482,SECOM-1482,DEMO-059,13/10/2008 15:42:00,0,-0.05594911371389838,1,isolation_forest
847,SECOM-0847,DEMO-033,15/09/2008 10:03:00,0,-0.09947277073678146,1,isolation_forest
245,SECOM-0245,DEMO-009,18/08/2008 04:12:00,0,-0.10910613623651239,1,isolation_forest
219,SECOM-0219,DEMO-008,16/08/2008 13:51:00,0,-0.07536220404563365,1,isolation_forest
1080,SECOM-1080,DEMO-043,25/09/2008 13:42:00,0,-0.09375925986591949,1,isolation_forest
545,SECOM-0545,DEMO-021,29/08/2008 21:46:00,0,-0.0835508893929034,1,isolation_forest
313,SECOM-0313,DEMO-012,19/08/2008 18:30:00,0,-0.08060085785496046,1,isolation_forest
1219,SECOM-1219,DEMO-048,01/10/2008 16:43:00,0,-0.10644677591080848,1,isolation_forest
444,SECOM-0444,DEMO-017,24/08/2008 07:12:00,0,-0.08666293370006123,1,isolation_forest
956,SECOM-0956,DEMO-038,20/09/2008 15:19:00,0,-0.06504172810142322,1,isolation_forest
296,SECOM-0296,DEMO-011,19/08/2008 08:07:00,0,-0.08809995722471053,1,isolation_forest
344,SECOM-0344,DEMO-013,20/08/2008 23:43:00,1,-0.09478240515961528,1,isolation_forest
972,SECOM-0972,DEMO-038,21/09/2008 03:04:00,0,-0.10223076314751212,1,isolation_forest
720,SECOM-0720,DEMO-028,03/09/2008 20:10:00,0,-0.09820375843473966,1,isolation_forest
1138,SECOM-1138,DEMO-045,27/09/2008 19:16:00,0,-0.09832752689581525,1,isolation_forest
563,SECOM-0563,DEMO-022,30/08/2008 04:55:00,0,-0.08404216917198726,1,isolation_forest
1541,SECOM-1541,DEMO-061,15/10/2008 22:45:00,0,-0.09104503349713938,1,isolation_forest
1098,SECOM-1098,DEMO-043,26/09/2008 04:14:00,0,-0.1030870020112048,1,isolation_forest
187,SECOM-0187,DEMO-007,10/08/2008 19:07:00,0,-0.0901819110014907,1,isolation_forest
786,SECOM-0786,DEMO-031,11/09/2008 12:47:00,0,-0.10896491468767633,1,isolation_forest
228,SECOM-0228,DEMO-009,17/08/2008 03:46:00,0,-0.09414641146605429,1,isolation_forest
18,SECOM-0018,DEMO-000,22/07/2008 11:47:00,0,-0.10309907737108709,1,isolation_forest
674,SECOM-0674,DEMO-026,02/09/2008 10:25:00,0,-0.10146209568734782,1,isolation_forest
905,SECOM-0905,DEMO-036,19/09/2008 08:52:00,0,-0.11241464935571643,1,isolation_forest
176,SECOM-0176,DEMO-007,09/08/2008 23:17:00,0,-0.08991808176544663,1,isolation_forest
352,SECOM-0352,DEMO-014,21/08/2008 11:22:00,0,-0.08400855665132984,1,isolation_forest
887,SECOM-0887,DEMO-035,18/09/2008 18:12:00,0,-0.1021389360069691,1,isolation_forest
173,SECOM-0173,DEMO-006,09/08/2008 21:07:00,0,-0.05764996136296552,1,isolation_forest
1407,SECOM-1407,DEMO-056,07/10/2008 19:24:00,0,-0.0972626448157361,1,isolation_forest
1352,SECOM-1352,DEMO-054,06/10/2008 07:35:00,0,-0.10434721563554622,1,isolation_forest
520,SECOM-0520,DEMO-020,29/08/2008 07:18:00,0,-0.10461640026429675,1,isolation_forest
834,SECOM-0834,DEMO-033,14/09/2008 15:02:00,0,-0.0932449645251267,1,isolation_forest
464,SECOM-0464,DEMO-018,28/08/2008 04:20:00,0,-0.079710949017685,1,isolation_forest
476,SECOM-0476,DEMO-019,28/08/2008 10:28:00,0,-0.08653598764804649,1,isolation_forest
515,SECOM-0515,DEMO-020,29/08/2008 06:35:00,0,-0.10430224429472035,1,isolation_forest
953,SECOM-0953,DEMO-038,20/09/2008 14:50:00,0,-0.085783364252348,1,isolation_forest
440,SECOM-0440,DEMO-017,23/08/2008 15:10:00,0,-0.0746168454691542,1,isolation_forest
872,SECOM-0872,DEMO-034,17/09/2008 07:14:00,0,-0.10204943878862,1,isolation_forest
392,SECOM-0392,DEMO-015,22/08/2008 01:04:00,1,-0.10743881816402556,1,isolation_forest
512,SECOM-0512,DEMO-020,29/08/2008 05:54:00,0,-0.1069592593811095,1,isolation_forest
1456,SECOM-1456,DEMO-058,11/10/2008 06:56:00,0,-0.054376841345264326,1,isolation_forest
287,SECOM-0287,DEMO-011,19/08/2008 05:40:00,0,-0.0891372191979366,1,isolation_forest
121,SECOM-0121,DEMO-004,05/08/2008 15:45:00,0,-0.08292487610844579,1,isolation_forest
1094,SECOM-1094,DEMO-043,26/09/2008 01:21:00,0,-0.0802558802182487,1,isolation_forest
337,SECOM-0337,DEMO-013,20/08/2008 20:19:00,0,-0.09182144305171286,1,isolation_forest
1249,SECOM-1249,DEMO-049,02/10/2008 17:00:00,0,-0.09689199675244964,1,isolation_forest
629,SECOM-0629,DEMO-025,01/09/2008 09:19:00,0,-0.1051978492313797,1,isolation_forest
1397,SECOM-1397,DEMO-055,07/10/2008 11:16:00,0,-0.03482339400204271,1,isolation_forest
748,SECOM-0748,DEMO-029,07/09/2008 20:12:00,0,-0.1071881402138769,1,isolation_forest
1274,SECOM-1274,DEMO-050,03/10/2008 19:23:00,0,-0.08692347621729735,1,isolation_forest
1106,SECOM-1106,DEMO-044,26/09/2008 15:36:00,0,-0.09030938971156172,1,isolation_forest
691,SECOM-0691,DEMO-027,02/09/2008 14:34:00,0,-0.09155593311998278,1,isolation_forest
1537,SECOM-1537,DEMO-061,15/10/2008 18:16:00,0,-0.09108718054274006,1,isolation_forest
20,SECOM-0020,DEMO-000,22/07/2008 15:30:00,0,-0.09366320065216105,1,isolation_forest
496,SECOM-0496,DEMO-019,28/08/2008 21:03:00,0,-0.11103755314287722,1,isolation_forest
325,SECOM-0325,DEMO-013,20/08/2008 07:12:00,0,-0.10467384155302989,1,isolation_forest
1099,SECOM-1099,DEMO-043,26/09/2008 05:32:00,0,-0.10409596602791282,1,isolation_forest
502,SECOM-0502,DEMO-020,29/08/2008 01:06:00,0,-0.09786659349291899,1,isolation_forest
611,SECOM-0611,DEMO-024,31/08/2008 20:24:00,0,-0.09583939832519783,1,isolation_forest
79,SECOM-0079,DEMO-003,03/08/2008 17:58:00,0,-0.09011106325601481,1,isolation_forest
582,SECOM-0582,DEMO-023,30/08/2008 11:57:00,0,-0.10480442153102837,1,isolation_forest
1466,SECOM-1466,DEMO-058,12/10/2008 00:57:00,0,-0.09548209828908144,1,isolation_forest
776,SECOM-0776,DEMO-031,10/09/2008 21:56:00,0,-0.09293081593563601,1,isolation_forest
518,SECOM-0518,DEMO-020,29/08/2008 06:45:00,1,-0.09604996251800285,1,isolation_forest
818,SECOM-0818,DEMO-032,12/09/2008 23:28:00,0,-0.09244735069967414,1,isolation_forest
954,SECOM-0954,DEMO-038,20/09/2008 14:53:00,0,-0.07479760271192776,1,isolation_forest
947,SECOM-0947,DEMO-037,20/09/2008 12:27:00,0,-0.0993209104886173,1,isolation_forest
658,SECOM-0658,DEMO-026,02/09/2008 03:35:00,0,-0.11076161762607822,1,isolation_forest
939,SECOM-0939,DEMO-037,20/09/2008 05:34:00,0,-0.09699909522059574,1,isolation_forest
855,SECOM-0855,DEMO-034,15/09/2008 22:45:00,0,-0.10105199364227091,1,isolation_forest
1360,SECOM-1360,DEMO-054,06/10/2008 12:39:00,0,-0.11595627307582618,0,isolation_forest
178,SECOM-0178,DEMO-007,10/08/2008 00:09:00,0,-0.09899897280727782,1,isolation_forest
1129,SECOM-1129,DEMO-045,27/09/2008 13:19:00,0,-0.09407146939264827,1,isolation_forest
1150,SECOM-1150,DEMO-046,28/09/2008 08:41:00,0,-0.08644734286717554,1,isolation_forest
1333,SECOM-1333,DEMO-053,05/10/2008 20:30:00,0,-0.06227885298555108,1,isolation_forest
457,SECOM-0457,DEMO-018,27/08/2008 22:58:00,0,-0.0030267368500263014,1,isolation_forest
1375,SECOM-1375,DEMO-055,06/10/2008 19:42:00,0,-0.11060935067193162,1,isolation_forest
1070,SECOM-1070,DEMO-042,25/09/2008 02:03:00,0,-0.11326912607808653,1,isolation_forest
141,SECOM-0141,DEMO-005,06/08/2008 20:00:00,0,-0.10842182425293251,1,isolation_forest
1268,SECOM-1268,DEMO-050,03/10/2008 06:15:00,0,-0.09652608149213049,1,isolation_forest
1344,SECOM-1344,DEMO-053,06/10/2008 04:26:00,0,-0.08754538627761654,1,isolation_forest
1396,SECOM-1396,DEMO-055,07/10/2008 11:15:00,0,-0.06471905101027808,1,isolation_forest
932,SECOM-0932,DEMO-037,20/09/2008 00:18:00,0,-0.09605446368543896,1,isolation_forest
1036,SECOM-1036,DEMO-041,23/09/2008 15:23:00,0,-0.09553366828531923,1,isolation_forest
1366,SECOM-1366,DEMO-054,06/10/2008 15:01:00,0,-0.09554627260532611,1,isolation_forest
865,SECOM-0865,DEMO-034,16/09/2008 18:23:00,0,-0.10395630276075268,1,isolation_forest
1479,SECOM-1479,DEMO-059,13/10/2008 14:30:00,0,-0.09968596515935563,1,isolation_forest
1271,SECOM-1271,DEMO-050,03/10/2008 11:40:00,0,-0.10002020835695241,1,isolation_forest
579,SECOM-0579,DEMO-023,30/08/2008 11:12:00,0,-0.09392777436712801,1,isolation_forest
524,SECOM-0524,DEMO-020,29/08/2008 07:33:00,0,-0.09794862640303342,1,isolation_forest
793,SECOM-0793,DEMO-031,11/09/2008 16:28:00,0,-0.1030161309704209,1,isolation_forest
862,SECOM-0862,DEMO-034,16/09/2008 09:37:00,0,-0.08579682791725751,1,isolation_forest
978,SECOM-0978,DEMO-039,21/09/2008 08:22:00,0,-0.1103655557896982,1,isolation_forest
635,SECOM-0635,DEMO-025,01/09/2008 20:51:00,0,-0.09427743828536234,1,isolation_forest
912,SECOM-0912,DEMO-036,19/09/2008 15:31:00,0,-0.11214871827999195,1,isolation_forest
750,SECOM-0750,DEMO-030,07/09/2008 23:33:00,0,-0.08836471726871048,1,isolation_forest
1441,SECOM-1441,DEMO-057,09/10/2008 14:15:00,0,-0.10149785213743545,1,isolation_forest
1309,SECOM-1309,DEMO-052,05/10/2008 05:31:00,0,-0.09516246686102203,1,isolation_forest
306,SECOM-0306,DEMO-012,19/08/2008 11:46:00,0,-0.11457543444644686,0,isolation_forest
1531,SECOM-1531,DEMO-061,15/10/2008 13:14:00,0,-0.09403514963941373,1,isolation_forest
769,SECOM-0769,DEMO-030,09/09/2008 00:25:00,0,-0.07352180710447587,1,isolation_forest
1305,SECOM-1305,DEMO-052,05/10/2008 01:35:00,0,-0.09954832776614359,1,isolation_forest
1283,SECOM-1283,DEMO-051,03/10/2008 22:53:00,0,-0.09193306101528459,1,isolation_forest
326,SECOM-0326,DEMO-013,20/08/2008 08:40:00,1,-0.10636017817712173,1,isolation_forest
458,SECOM-0458,DEMO-018,28/08/2008 03:03:00,0,-0.09601610451094367,1,isolation_forest
9,SECOM-0009,DEMO-000,19/07/2008 21:35:00,0,-0.06577615031551581,1,isolation_forest
615,SECOM-0615,DEMO-024,31/08/2008 22:32:00,0,-0.11079989834614778,1,isolation_forest
1208,SECOM-1208,DEMO-048,01/10/2008 00:20:00,0,-0.0888132072179772,1,isolation_forest
936,SECOM-0936,DEMO-037,20/09/2008 04:28:00,0,-0.0882823205115425,1,isolation_forest
1350,SECOM-1350,DEMO-054,06/10/2008 07:12:00,0,-0.09101646790525436,1,isolation_forest
1222,SECOM-1222,DEMO-048,01/10/2008 21:50:00,0,-0.10615405408918521,1,isolation_forest
1218,SECOM-1218,DEMO-048,01/10/2008 15:16:00,0,-0.11609296478474085,0,isolation_forest
1197,SECOM-1197,DEMO-047,30/09/2008 15:16:00,0,-0.08711216697895979,1,isolation_forest
5,SECOM-0005,DEMO-000,19/07/2008 17:53:00,0,-0.08799298104181497,1,isolation_forest
307,SECOM-0307,DEMO-012,19/08/2008 11:57:00,0,-0.09550050464026233,1,isolation_forest
336,SECOM-0336,DEMO-013,20/08/2008 19:20:00,1,-0.1045897980521765,1,isolation_forest
1052,SECOM-1052,DEMO-042,24/09/2008 06:13:00,0,-0.09926650217168165,1,isolation_forest
1357,SECOM-1357,DEMO-054,06/10/2008 09:57:00,0,-0.09832823743886687,1,isolation_forest
1364,SECOM-1364,DEMO-054,06/10/2008 13:55:00,1,-0.09692679293571238,1,isolation_forest
1382,SECOM-1382,DEMO-055,06/10/2008 23:03:00,0,-0.1032550957538168,1,isolation_forest
1245,SECOM-1245,DEMO-049,02/10/2008 15:44:00,0,-0.07138885240535042,1,isolation_forest
640,SECOM-0640,DEMO-025,01/09/2008 23:28:00,0,-0.09751680599327178,1,isolation_forest
1390,SECOM-1390,DEMO-055,07/10/2008 09:11:00,0,-0.09327046240793241,1,isolation_forest
576,SECOM-0576,DEMO-023,30/08/2008 09:45:00,1,-0.08153651581166527,1,isolation_forest
1295,SECOM-1295,DEMO-051,04/10/2008 18:25:00,0,-0.11201331836665512,1,isolation_forest
550,SECOM-0550,DEMO-022,29/08/2008 22:56:00,0,-0.08185235160318272,1,isolation_forest
372,SECOM-0372,DEMO-014,21/08/2008 18:04:00,0,-0.10376870079450268,1,isolation_forest
1499,SECOM-1499,DEMO-059,14/10/2008 13:13:00,0,-0.07444450678521414,1,isolation_forest
231,SECOM-0231,DEMO-009,17/08/2008 12:16:00,1,-0.09861226454821176,1,isolation_forest
672,SECOM-0672,DEMO-026,02/09/2008 10:13:00,0,-0.07645407398511705,1,isolation_forest
1474,SECOM-1474,DEMO-058,13/10/2008 03:53:00,0,-0.09573592018282978,1,isolation_forest
331,SECOM-0331,DEMO-013,20/08/2008 17:09:00,0,-0.11171255167440891,1,isolation_forest
1073,SECOM-1073,DEMO-042,25/09/2008 07:58:00,0,-0.1049049710307382,1,isolation_forest
1525,SECOM-1525,DEMO-061,15/10/2008 07:36:00,0,-0.07291252489067657,1,isolation_forest
753,SECOM-0753,DEMO-030,08/09/2008 01:24:00,0,-0.10176330359041469,1,isolation_forest
715,SECOM-0715,DEMO-028,03/09/2008 14:29:00,0,-0.09249811574813332,1,isolation_forest
1226,SECOM-1226,DEMO-049,02/10/2008 00:22:00,0,-0.09748505499599713,1,isolation_forest
930,SECOM-0930,DEMO-037,19/09/2008 23:26:00,0,-0.09503330165933149,1,isolation_forest
1058,SECOM-1058,DEMO-042,24/09/2008 11:47:00,0,-0.10860752158942227,1,isolation_forest
238,SECOM-0238,DEMO-009,17/08/2008 23:04:00,1,-0.09505842890806959,1,isolation_forest
1272,SECOM-1272,DEMO-050,03/10/2008 12:31:00,0,-0.10040110910376948,1,isolation_forest
442,SECOM-0442,DEMO-017,24/08/2008 02:32:00,0,-0.11027621517240715,1,isolation_forest
424,SECOM-0424,DEMO-016,22/08/2008 19:14:00,1,-0.10311892900401726,1,isolation_forest
1493,SECOM-1493,DEMO-059,13/10/2008 22:48:00,0,-0.08771196799083048,1,isolation_forest
1282,SECOM-1282,DEMO-051,03/10/2008 22:08:00,0,-0.0988988394369566,1,isolation_forest
