outer_fold,model,row_index,actual_fail,risk_score,threshold
0,rf_weighted_baseline,8,0,0.16741260776323305,0.09808877430384465
0,rf_weighted_baseline,33,0,0.13063617662832794,0.09808877430384465
0,rf_weighted_baseline,35,0,0.09807540506266323,0.09808877430384465
0,rf_weighted_baseline,46,0,0.17222877733098718,0.09808877430384465
0,rf_weighted_baseline,47,0,0.20814865674490773,0.09808877430384465
0,rf_weighted_baseline,55,0,0.11682180105708607,0.09808877430384465
0,rf_weighted_baseline,59,0,0.1094244828738193,0.09808877430384465
0,rf_weighted_baseline,86,0,0.04524796960601122,0.09808877430384465
0,rf_weighted_baseline,87,0,0.04900469819825375,0.09808877430384465
0,rf_weighted_baseline,94,0,0.07467308341776427,0.09808877430384465
0,rf_weighted_baseline,103,0,0.0385815320840912,0.09808877430384465
0,rf_weighted_baseline,105,0,0.07323281576536465,0.09808877430384465
0,rf_weighted_baseline,128,0,0.12640386684242913,0.09808877430384465
0,rf_weighted_baseline,134,0,0.09372037489969616,0.09808877430384465
0,rf_weighted_baseline,157,1,0.039423345724907057,0.09808877430384465
0,rf_weighted_baseline,159,0,0.1404796901990631,0.09808877430384465
0,rf_weighted_baseline,163,0,0.1321806678714421,0.09808877430384465
0,rf_weighted_baseline,167,1,0.17256734335213716,0.09808877430384465
0,rf_weighted_baseline,180,1,0.12466653944815423,0.09808877430384465
0,rf_weighted_baseline,182,1,0.09244561897240312,0.09808877430384465
0,rf_weighted_baseline,185,0,0.10293423066587215,0.09808877430384465
0,rf_weighted_baseline,186,1,0.2166545568628848,0.09808877430384465
0,rf_weighted_baseline,212,0,0.23641423927331084,0.09808877430384465
0,rf_weighted_baseline,226,0,0.072328228993617,0.09808877430384465
0,rf_weighted_baseline,236,1,0.20838407824788432,0.09808877430384465
0,rf_weighted_baseline,237,0,0.16901575986821174,0.09808877430384465
0,rf_weighted_baseline,241,1,0.14977021276595745,0.09808877430384465
0,rf_weighted_baseline,244,1,0.038870053813892025,0.09808877430384465
0,rf_weighted_baseline,247,0,0.12213638512787449,0.09808877430384465
0,rf_weighted_baseline,273,1,0.054623181229260256,0.09808877430384465
0,rf_weighted_baseline,275,0,0.1496228866505521,0.09808877430384465
0,rf_weighted_baseline,291,1,0.11131602626602369,0.09808877430384465
0,rf_weighted_baseline,293,0,0.051610479345806926,0.09808877430384465
0,rf_weighted_baseline,295,0,0.08065747697945322,0.09808877430384465
0,rf_weighted_baseline,299,0,0.1005063829787234,0.09808877430384465
0,rf_weighted_baseline,300,0,0.1834865521452828,0.09808877430384465
0,rf_weighted_baseline,303,0,0.13316312050855264,0.09808877430384465
0,rf_weighted_baseline,308,0,0.07546877679002638,0.09808877430384465
0,rf_weighted_baseline,315,0,0.10171793118097683,0.09808877430384465
0,rf_weighted_baseline,316,0,0.122146530065679,0.09808877430384465
0,rf_weighted_baseline,322,0,0.09550874398167439,0.09808877430384465
0,rf_weighted_baseline,324,0,0.14821476337699155,0.09808877430384465
0,rf_weighted_baseline,330,0,0.15666407434945012,0.09808877430384465
0,rf_weighted_baseline,348,0,0.043129416709758,0.09808877430384465
0,rf_weighted_baseline,350,0,0.09874381326172278,0.09808877430384465
0,rf_weighted_baseline,353,0,0.0504305302262749,0.09808877430384465
0,rf_weighted_baseline,356,0,0.07463404255319149,0.09808877430384465
0,rf_weighted_baseline,384,0,0.09718804513746683,0.09808877430384465
0,rf_weighted_baseline,391,0,0.1055849396966641,0.09808877430384465
0,rf_weighted_baseline,398,0,0.05027174896171789,0.09808877430384465
0,rf_weighted_baseline,412,0,0.08667885220775003,0.09808877430384465
0,rf_weighted_baseline,419,0,0.034175717633498554,0.09808877430384465
0,rf_weighted_baseline,420,0,0.06635668909510023,0.09808877430384465
0,rf_weighted_baseline,427,0,0.08437371348448264,0.09808877430384465
0,rf_weighted_baseline,432,0,0.0702267435828016,0.09808877430384465
0,rf_weighted_baseline,436,0,0.10098125475635544,0.09808877430384465
0,rf_weighted_baseline,443,0,0.042512554019720955,0.09808877430384465
0,rf_weighted_baseline,463,0,0.043263829787234045,0.09808877430384465
0,rf_weighted_baseline,471,0,0.11701552171880902,0.09808877430384465
0,rf_weighted_baseline,474,0,0.054626537026334715,0.09808877430384465
0,rf_weighted_baseline,475,0,0.054685106382978715,0.09808877430384465
0,rf_weighted_baseline,477,0,0.04323191094619666,0.09808877430384465
0,rf_weighted_baseline,478,0,0.0509888246006316,0.09808877430384465
0,rf_weighted_baseline,479,0,0.07243913035949509,0.09808877430384465
0,rf_weighted_baseline,489,0,0.052849786213149785,0.09808877430384465
0,rf_weighted_baseline,492,0,0.0787624687470794,0.09808877430384465
0,rf_weighted_baseline,495,1,0.06503669237474285,0.09808877430384465
0,rf_weighted_baseline,504,0,0.01842908358696185,0.09808877430384465
0,rf_weighted_baseline,505,0,0.1158769216168838,0.09808877430384465
0,rf_weighted_baseline,517,0,0.1572782415001658,0.09808877430384465
0,rf_weighted_baseline,521,0,0.07789309599991748,0.09808877430384465
0,rf_weighted_baseline,526,0,0.07042521433079904,0.09808877430384465
0,rf_weighted_baseline,542,0,0.21599438942024668,0.09808877430384465
0,rf_weighted_baseline,544,0,0.06459009900179327,0.09808877430384465
0,rf_weighted_baseline,556,0,0.060863494239254974,0.09808877430384465
0,rf_weighted_baseline,558,0,0.06807385790764962,0.09808877430384465
0,rf_weighted_baseline,559,0,0.04206755682205068,0.09808877430384465
0,rf_weighted_baseline,560,0,0.0671268056956532,0.09808877430384465
0,rf_weighted_baseline,564,0,0.07031319978677793,0.09808877430384465
0,rf_weighted_baseline,573,0,0.06244372409965244,0.09808877430384465
0,rf_weighted_baseline,577,0,0.08551477214048289,0.09808877430384465
0,rf_weighted_baseline,589,0,0.08159827890762839,0.09808877430384465
0,rf_weighted_baseline,592,0,0.034846808510638295,0.09808877430384465
0,rf_weighted_baseline,598,0,0.05464222084203965,0.09808877430384465
0,rf_weighted_baseline,601,1,0.08643231386291142,0.09808877430384465
0,rf_weighted_baseline,617,0,0.03866031746031746,0.09808877430384465
0,rf_weighted_baseline,625,0,0.08258845067599863,0.09808877430384465
0,rf_weighted_baseline,632,0,0.07808972588864536,0.09808877430384465
0,rf_weighted_baseline,641,0,0.10504446901330725,0.09808877430384465
0,rf_weighted_baseline,663,0,0.01964503327081367,0.09808877430384465
0,rf_weighted_baseline,665,0,0.039165957446808515,0.09808877430384465
0,rf_weighted_baseline,669,0,0.07363899377134012,0.09808877430384465
0,rf_weighted_baseline,682,0,0.04303184656346458,0.09808877430384465
0,rf_weighted_baseline,697,0,0.07030897398489748,0.09808877430384465
0,rf_weighted_baseline,702,0,0.09439366251629308,0.09808877430384465
0,rf_weighted_baseline,710,0,0.042030073205188576,0.09808877430384465
0,rf_weighted_baseline,711,0,0.030773366045931703,0.09808877430384465
0,rf_weighted_baseline,717,0,0.06303681612102653,0.09808877430384465
0,rf_weighted_baseline,722,0,0.057110690391202736,0.09808877430384465
0,rf_weighted_baseline,728,0,0.06928350743400526,0.09808877430384465
0,rf_weighted_baseline,731,0,0.050843048644380634,0.09808877430384465
0,rf_weighted_baseline,733,0,0.0623758967933151,0.09808877430384465
0,rf_weighted_baseline,735,0,0.07391050343594668,0.09808877430384465
0,rf_weighted_baseline,739,0,0.051208510638297865,0.09808877430384465
0,rf_weighted_baseline,740,0,0.04632589841566869,0.09808877430384465
0,rf_weighted_baseline,743,0,0.03896554455445545,0.09808877430384465
0,rf_weighted_baseline,745,0,0.046783025485153146,0.09808877430384465
0,rf_weighted_baseline,756,0,0.01185446527012128,0.09808877430384465
0,rf_weighted_baseline,761,0,0.059112865533143204,0.09808877430384465
0,rf_weighted_baseline,764,0,0.08268547726565376,0.09808877430384465
0,rf_weighted_baseline,771,0,0.054794983029848435,0.09808877430384465
0,rf_weighted_baseline,773,0,0.03516170212765958,0.09808877430384465
0,rf_weighted_baseline,774,0,0.0944101237066468,0.09808877430384465
0,rf_weighted_baseline,780,0,0.05474224485110202,0.09808877430384465
0,rf_weighted_baseline,781,0,0.0828703711573937,0.09808877430384465
0,rf_weighted_baseline,783,0,0.061744147679356196,0.09808877430384465
0,rf_weighted_baseline,790,0,0.08006273029054871,0.09808877430384465
0,rf_weighted_baseline,803,0,0.035144509924704935,0.09808877430384465
0,rf_weighted_baseline,805,0,0.09847659292969575,0.09808877430384465
0,rf_weighted_baseline,822,0,0.05100184921461517,0.09808877430384465
0,rf_weighted_baseline,826,1,0.0426378940385105,0.09808877430384465
0,rf_weighted_baseline,827,0,0.0859296339403846,0.09808877430384465
0,rf_weighted_baseline,833,0,0.12996774707028244,0.09808877430384465
0,rf_weighted_baseline,835,0,0.08175035490297243,0.09808877430384465
0,rf_weighted_baseline,838,0,0.08317446808510638,0.09808877430384465
0,rf_weighted_baseline,842,0,0.058001849214615174,0.09808877430384465
0,rf_weighted_baseline,858,0,0.051345795730598165,0.09808877430384465
0,rf_weighted_baseline,861,0,0.04642079270562129,0.09808877430384465
0,rf_weighted_baseline,864,0,0.04261575732041289,0.09808877430384465
0,rf_weighted_baseline,867,0,0.052348462559863564,0.09808877430384465
0,rf_weighted_baseline,870,0,0.0646719517899586,0.09808877430384465
0,rf_weighted_baseline,871,1,0.08197009342142036,0.09808877430384465
0,rf_weighted_baseline,873,0,0.058796427633307065,0.09808877430384465
0,rf_weighted_baseline,879,0,0.08613938062259344,0.09808877430384465
0,rf_weighted_baseline,883,0,0.07365434003107527,0.09808877430384465
0,rf_weighted_baseline,886,0,0.055194896974275036,0.09808877430384465
0,rf_weighted_baseline,891,0,0.09975031787055715,0.09808877430384465
0,rf_weighted_baseline,892,0,0.08954934472720766,0.09808877430384465
0,rf_weighted_baseline,895,0,0.09711674521501798,0.09808877430384465
0,rf_weighted_baseline,896,0,0.07440317336121834,0.09808877430384465
0,rf_weighted_baseline,918,0,0.05822386159626754,0.09808877430384465
0,rf_weighted_baseline,922,0,0.03150638297872341,0.09808877430384465
0,rf_weighted_baseline,925,0,0.07373621802534067,0.09808877430384465
0,rf_weighted_baseline,931,0,0.08904422134281383,0.09808877430384465
0,rf_weighted_baseline,935,0,0.01506986456166784,0.09808877430384465
0,rf_weighted_baseline,944,0,0.05899574468085106,0.09808877430384465
0,rf_weighted_baseline,960,0,0.045081380851150085,0.09808877430384465
0,rf_weighted_baseline,966,0,0.05493191489361702,0.09808877430384465
0,rf_weighted_baseline,975,0,0.023532704395126707,0.09808877430384465
0,rf_weighted_baseline,983,0,0.04726808510638298,0.09808877430384465
0,rf_weighted_baseline,991,0,0.0500892296551871,0.09808877430384465
0,rf_weighted_baseline,993,0,0.049941879193187516,0.09808877430384465
0,rf_weighted_baseline,995,0,0.036,0.09808877430384465
0,rf_weighted_baseline,1000,0,0.03656099449907323,0.09808877430384465
0,rf_weighted_baseline,1009,0,0.030330410812398345,0.09808877430384465
0,rf_weighted_baseline,1010,0,0.07488414627243256,0.09808877430384465
0,rf_weighted_baseline,1011,0,0.051966505229653716,0.09808877430384465
0,rf_weighted_baseline,1012,0,0.05054677252368218,0.09808877430384465
0,rf_weighted_baseline,1014,0,0.08237021276595745,0.09808877430384465
0,rf_weighted_baseline,1015,0,0.057217241382189046,0.09808877430384465
0,rf_weighted_baseline,1019,0,0.06927649103033719,0.09808877430384465
0,rf_weighted_baseline,1024,0,0.09001909158139124,0.09808877430384465
0,rf_weighted_baseline,1045,0,0.036,0.09808877430384465
0,rf_weighted_baseline,1050,0,0.049736097935193145,0.09808877430384465
0,rf_weighted_baseline,1059,0,0.11716871741996626,0.09808877430384465
0,rf_weighted_baseline,1065,0,0.1051827269176768,0.09808877430384465
0,rf_weighted_baseline,1069,0,0.0726224996376898,0.09808877430384465
0,rf_weighted_baseline,1078,0,0.05408026524615673,0.09808877430384465
0,rf_weighted_baseline,1083,0,0.042971940342361,0.09808877430384465
0,rf_weighted_baseline,1091,0,0.058437450165764404,0.09808877430384465
0,rf_weighted_baseline,1108,0,0.046938372564502014,0.09808877430384465
0,rf_weighted_baseline,1117,0,0.04603830582840881,0.09808877430384465
0,rf_weighted_baseline,1124,0,0.1548641101546976,0.09808877430384465
0,rf_weighted_baseline,1128,0,0.030642825719564698,0.09808877430384465
0,rf_weighted_baseline,1131,0,0.07782095850288868,0.09808877430384465
0,rf_weighted_baseline,1139,0,0.07806570816071044,0.09808877430384465
0,rf_weighted_baseline,1143,0,0.0544591482884305,0.09808877430384465
0,rf_weighted_baseline,1154,0,0.11022299494861214,0.09808877430384465
0,rf_weighted_baseline,1160,0,0.0437063829787234,0.09808877430384465
0,rf_weighted_baseline,1177,0,0.0783857842069132,0.09808877430384465
0,rf_weighted_baseline,1178,0,0.06317522147169802,0.09808877430384465
0,rf_weighted_baseline,1179,0,0.051606665411410284,0.09808877430384465
0,rf_weighted_baseline,1181,0,0.049016312362041015,0.09808877430384465
0,rf_weighted_baseline,1192,0,0.07841276595744681,0.09808877430384465
0,rf_weighted_baseline,1196,0,0.1301237605047995,0.09808877430384465
0,rf_weighted_baseline,1199,0,0.045006003294988335,0.09808877430384465
0,rf_weighted_baseline,1202,0,0.06224961939469794,0.09808877430384465
0,rf_weighted_baseline,1206,0,0.0957089078635514,0.09808877430384465
0,rf_weighted_baseline,1207,0,0.05520241144659535,0.09808877430384465
0,rf_weighted_baseline,1220,0,0.0675959595959596,0.09808877430384465
0,rf_weighted_baseline,1228,0,0.12375832168304517,0.09808877430384465
0,rf_weighted_baseline,1233,0,0.12280658176114702,0.09808877430384465
0,rf_weighted_baseline,1252,0,0.17787355604086855,0.09808877430384465
0,rf_weighted_baseline,1253,0,0.14573775107478723,0.09808877430384465
0,rf_weighted_baseline,1256,0,0.0792964793816622,0.09808877430384465
0,rf_weighted_baseline,1269,0,0.04669195270830172,0.09808877430384465
0,rf_weighted_baseline,1270,0,0.050254943620005085,0.09808877430384465
0,rf_weighted_baseline,1273,0,0.03558799196825008,0.09808877430384465
0,rf_weighted_baseline,1286,0,0.10532319237550027,0.09808877430384465
0,rf_weighted_baseline,1289,0,0.11339237148373407,0.09808877430384465
0,rf_weighted_baseline,1290,0,0.09769356591948548,0.09808877430384465
0,rf_weighted_baseline,1301,0,0.0914204227169298,0.09808877430384465
0,rf_weighted_baseline,1317,0,0.06990919480551067,0.09808877430384465
0,rf_weighted_baseline,1319,0,0.04618916073977529,0.09808877430384465
0,rf_weighted_baseline,1320,0,0.10249021706671371,0.09808877430384465
0,rf_weighted_baseline,1346,0,0.11308563332548278,0.09808877430384465
0,rf_weighted_baseline,1348,0,0.10884127258830334,0.09808877430384465
0,rf_weighted_baseline,1349,0,0.04959937367701032,0.09808877430384465
0,rf_weighted_baseline,1355,0,0.08192742750642627,0.09808877430384465
0,rf_weighted_baseline,1376,0,0.07494305203202273,0.09808877430384465
0,rf_weighted_baseline,1388,0,0.06573509532902905,0.09808877430384465
0,rf_weighted_baseline,1389,0,0.022357674060810115,0.09808877430384465
0,rf_weighted_baseline,1393,0,0.05863368336537852,0.09808877430384465
0,rf_weighted_baseline,1395,0,0.0709484097802071,0.09808877430384465
0,rf_weighted_baseline,1400,1,0.17621966783977389,0.09808877430384465
0,rf_weighted_baseline,1405,0,0.031269515268741575,0.09808877430384465
0,rf_weighted_baseline,1415,0,0.05296429269644061,0.09808877430384465
0,rf_weighted_baseline,1418,0,0.045208989535298824,0.09808877430384465
0,rf_weighted_baseline,1423,0,0.05809443673913692,0.09808877430384465
0,rf_weighted_baseline,1430,0,0.0697601455970017,0.09808877430384465
0,rf_weighted_baseline,1440,0,0.11343553849043313,0.09808877430384465
0,rf_weighted_baseline,1451,0,0.03530834973874941,0.09808877430384465
0,rf_weighted_baseline,1481,0,0.06185470432551793,0.09808877430384465
0,rf_weighted_baseline,1490,0,0.08570263819954806,0.09808877430384465
0,rf_weighted_baseline,1492,0,0.0387854200691772,0.09808877430384465
0,rf_weighted_baseline,1494,0,0.04917911928547983,0.09808877430384465
0,rf_weighted_baseline,1503,0,0.05486226524170945,0.09808877430384465
0,rf_weighted_baseline,1508,0,0.022061280075126866,0.09808877430384465
0,rf_weighted_baseline,1513,0,0.05425030438527426,0.09808877430384465
0,rf_weighted_baseline,1517,0,0.06338503805282628,0.09808877430384465
0,rf_weighted_baseline,1521,0,0.015033839206322246,0.09808877430384465
0,rf_weighted_baseline,1523,0,0.062171811509645895,0.09808877430384465
0,rf_weighted_baseline,1549,0,0.034957328955952605,0.09808877430384465
0,rf_weighted_baseline,1551,0,0.03447802316041479,0.09808877430384465
0,rf_weighted_baseline,1556,0,0.0510241389561303,0.09808877430384465
0,rf_missing,8,0,0.14788520406316166,0.09817645629331574
0,rf_missing,33,0,0.11588279467508765,0.09817645629331574
0,rf_missing,35,0,0.08077926949582455,0.09817645629331574
0,rf_missing,46,0,0.14862050658413592,0.09817645629331574
0,rf_missing,47,0,0.18914628615047427,0.09817645629331574
0,rf_missing,55,0,0.08645386126745008,0.09817645629331574
0,rf_missing,59,0,0.11591919662024028,0.09817645629331574
0,rf_missing,86,0,0.06605593672766448,0.09817645629331574
0,rf_missing,87,0,0.06204015969479525,0.09817645629331574
0,rf_missing,94,0,0.07735712021656814,0.09817645629331574
0,rf_missing,103,0,0.03408769905297758,0.09817645629331574
0,rf_missing,105,0,0.0761043741837637,0.09817645629331574
0,rf_missing,128,0,0.10875372693126951,0.09817645629331574
0,rf_missing,134,0,0.07086978345992356,0.09817645629331574
0,rf_missing,157,1,0.04574664983177181,0.09817645629331574
0,rf_missing,159,0,0.14096332158322136,0.09817645629331574
0,rf_missing,163,0,0.08579425356944562,0.09817645629331574
0,rf_missing,167,1,0.18013681687997357,0.09817645629331574
0,rf_missing,180,1,0.12697410447301738,0.09817645629331574
0,rf_missing,182,1,0.10249533734081137,0.09817645629331574
0,rf_missing,185,0,0.05603641813845743,0.09817645629331574
0,rf_missing,186,1,0.17001527764407565,0.09817645629331574
0,rf_missing,212,0,0.2407167829963192,0.09817645629331574
0,rf_missing,226,0,0.06190430420478948,0.09817645629331574
0,rf_missing,236,1,0.19590873536842368,0.09817645629331574
0,rf_missing,237,0,0.15635042215467745,0.09817645629331574
0,rf_missing,241,1,0.17271415278869418,0.09817645629331574
0,rf_missing,244,1,0.05853620976826001,0.09817645629331574
0,rf_missing,247,0,0.1394395449478249,0.09817645629331574
0,rf_missing,273,1,0.07772564871845275,0.09817645629331574
0,rf_missing,275,0,0.13578510891620868,0.09817645629331574
0,rf_missing,291,1,0.09960389418185575,0.09817645629331574
0,rf_missing,293,0,0.07356309555523065,0.09817645629331574
0,rf_missing,295,0,0.10790377250222263,0.09817645629331574
0,rf_missing,299,0,0.0975506305466732,0.09817645629331574
0,rf_missing,300,0,0.1473490751278124,0.09817645629331574
0,rf_missing,303,0,0.17671979385331157,0.09817645629331574
0,rf_missing,308,0,0.12441402904286367,0.09817645629331574
0,rf_missing,315,0,0.07904632311301674,0.09817645629331574
0,rf_missing,316,0,0.1407533059880641,0.09817645629331574
0,rf_missing,322,0,0.11527165653495439,0.09817645629331574
0,rf_missing,324,0,0.1111531914893617,0.09817645629331574
0,rf_missing,330,0,0.10266564697361526,0.09817645629331574
0,rf_missing,348,0,0.03509421425905188,0.09817645629331574
0,rf_missing,350,0,0.1209869610383621,0.09817645629331574
0,rf_missing,353,0,0.05816237377661123,0.09817645629331574
0,rf_missing,356,0,0.06117411580436984,0.09817645629331574
0,rf_missing,384,0,0.09354691790706667,0.09817645629331574
0,rf_missing,391,0,0.0880042398829512,0.09817645629331574
0,rf_missing,398,0,0.03087254688099225,0.09817645629331574
0,rf_missing,412,0,0.0659568965580382,0.09817645629331574
0,rf_missing,419,0,0.0473063829787234,0.09817645629331574
0,rf_missing,420,0,0.05064116792919351,0.09817645629331574
0,rf_missing,427,0,0.07728236633664394,0.09817645629331574
0,rf_missing,432,0,0.062156503488941986,0.09817645629331574
0,rf_missing,436,0,0.08891567082872688,0.09817645629331574
0,rf_missing,443,0,0.04662176015473888,0.09817645629331574
0,rf_missing,463,0,0.06083810538862406,0.09817645629331574
0,rf_missing,471,0,0.10508008415262403,0.09817645629331574
0,rf_missing,474,0,0.03146189024034024,0.09817645629331574
0,rf_missing,475,0,0.06689395915748958,0.09817645629331574
0,rf_missing,477,0,0.03838274284306098,0.09817645629331574
0,rf_missing,478,0,0.049887851472869074,0.09817645629331574
0,rf_missing,479,0,0.08813175527662984,0.09817645629331574
0,rf_missing,489,0,0.0968846874241389,0.09817645629331574
0,rf_missing,492,0,0.08237261139511863,0.09817645629331574
0,rf_missing,495,1,0.07338173241152515,0.09817645629331574
0,rf_missing,504,0,0.057042386430658676,0.09817645629331574
0,rf_missing,505,0,0.05686465060055603,0.09817645629331574
0,rf_missing,517,0,0.12893346430338562,0.09817645629331574
0,rf_missing,521,0,0.06648573429483974,0.09817645629331574
0,rf_missing,526,0,0.06822736071932677,0.09817645629331574
0,rf_missing,542,0,0.14056106856258238,0.09817645629331574
0,rf_missing,544,0,0.04263944366427126,0.09817645629331574
0,rf_missing,556,0,0.10030842511233211,0.09817645629331574
0,rf_missing,558,0,0.05070386700386832,0.09817645629331574
0,rf_missing,559,0,0.05082652885900216,0.09817645629331574
0,rf_missing,560,0,0.1099261345687642,0.09817645629331574
0,rf_missing,564,0,0.09195745871602946,0.09817645629331574
0,rf_missing,573,0,0.03962677484787018,0.09817645629331574
0,rf_missing,577,0,0.11774457698892504,0.09817645629331574
0,rf_missing,589,0,0.07424749288619859,0.09817645629331574
0,rf_missing,592,0,0.05716618972243474,0.09817645629331574
0,rf_missing,598,0,0.034393108923467766,0.09817645629331574
0,rf_missing,601,1,0.09388953210078306,0.09817645629331574
0,rf_missing,617,0,0.06723679322910545,0.09817645629331574
0,rf_missing,625,0,0.0594936170212766,0.09817645629331574
0,rf_missing,632,0,0.09009718175431966,0.09817645629331574
0,rf_missing,641,0,0.0969228707780433,0.09817645629331574
0,rf_missing,663,0,0.030869659909532585,0.09817645629331574
0,rf_missing,665,0,0.03082545099243159,0.09817645629331574
0,rf_missing,669,0,0.05784278123313687,0.09817645629331574
0,rf_missing,682,0,0.05939263220370715,0.09817645629331574
0,rf_missing,697,0,0.08602347727720283,0.09817645629331574
0,rf_missing,702,0,0.07878082979846197,0.09817645629331574
0,rf_missing,710,0,0.05032620274380781,0.09817645629331574
0,rf_missing,711,0,0.03919963513714176,0.09817645629331574
0,rf_missing,717,0,0.05030707101077728,0.09817645629331574
0,rf_missing,722,0,0.04258559626882319,0.09817645629331574
0,rf_missing,728,0,0.06271652250773407,0.09817645629331574
0,rf_missing,731,0,0.04318531134449786,0.09817645629331574
0,rf_missing,733,0,0.05159062871799132,0.09817645629331574
0,rf_missing,735,0,0.04951545575463915,0.09817645629331574
0,rf_missing,739,0,0.05011167161310187,0.09817645629331574
0,rf_missing,740,0,0.05057133508572459,0.09817645629331574
0,rf_missing,743,0,0.07444221445096774,0.09817645629331574
0,rf_missing,745,0,0.0736654790809918,0.09817645629331574
0,rf_missing,756,0,0.04207820494906112,0.09817645629331574
0,rf_missing,761,0,0.09458775328226336,0.09817645629331574
0,rf_missing,764,0,0.08512464840388394,0.09817645629331574
0,rf_missing,771,0,0.039689361702127654,0.09817645629331574
0,rf_missing,773,0,0.03892626661570476,0.09817645629331574
0,rf_missing,774,0,0.10996575535988462,0.09817645629331574
0,rf_missing,780,0,0.03392550246216189,0.09817645629331574
0,rf_missing,781,0,0.08231727166468183,0.09817645629331574
0,rf_missing,783,0,0.04324094679919156,0.09817645629331574
0,rf_missing,790,0,0.05841416335721003,0.09817645629331574
0,rf_missing,803,0,0.04960749048165981,0.09817645629331574
0,rf_missing,805,0,0.07473564274797377,0.09817645629331574
0,rf_missing,822,0,0.06614317620782885,0.09817645629331574
0,rf_missing,826,1,0.046861269848454734,0.09817645629331574
0,rf_missing,827,0,0.10465670457442681,0.09817645629331574
0,rf_missing,833,0,0.1020165770958892,0.09817645629331574
0,rf_missing,835,0,0.03911855988582036,0.09817645629331574
0,rf_missing,838,0,0.08206861186636175,0.09817645629331574
0,rf_missing,842,0,0.046522107929522785,0.09817645629331574
0,rf_missing,858,0,0.07112607987554165,0.09817645629331574
0,rf_missing,861,0,0.03548085106382979,0.09817645629331574
0,rf_missing,864,0,0.035680851063829795,0.09817645629331574
0,rf_missing,867,0,0.03488474719516576,0.09817645629331574
0,rf_missing,870,0,0.11330834834753606,0.09817645629331574
0,rf_missing,871,1,0.10582699578423162,0.09817645629331574
0,rf_missing,873,0,0.06913336584821295,0.09817645629331574
0,rf_missing,879,0,0.07710156765014908,0.09817645629331574
0,rf_missing,883,0,0.09331607022477537,0.09817645629331574
0,rf_missing,886,0,0.07837740659647999,0.09817645629331574
0,rf_missing,891,0,0.1009282122661566,0.09817645629331574
0,rf_missing,892,0,0.10484738655538578,0.09817645629331574
0,rf_missing,895,0,0.06701026957562174,0.09817645629331574
0,rf_missing,896,0,0.06242127659574469,0.09817645629331574
0,rf_missing,918,0,0.05770285766840644,0.09817645629331574
0,rf_missing,922,0,0.05767771687844814,0.09817645629331574
0,rf_missing,925,0,0.10397834451264057,0.09817645629331574
0,rf_missing,931,0,0.0740749195421254,0.09817645629331574
0,rf_missing,935,0,0.03886882809861533,0.09817645629331574
0,rf_missing,944,0,0.044998938041243365,0.09817645629331574
0,rf_missing,960,0,0.03382758265670469,0.09817645629331574
0,rf_missing,966,0,0.07769817715675295,0.09817645629331574
0,rf_missing,975,0,0.01129513896481599,0.09817645629331574
0,rf_missing,983,0,0.0272,0.09817645629331574
0,rf_missing,991,0,0.05022640609274632,0.09817645629331574
0,rf_missing,993,0,0.05414390360280929,0.09817645629331574
0,rf_missing,995,0,0.05470406149026728,0.09817645629331574
0,rf_missing,1000,0,0.06634518482029518,0.09817645629331574
0,rf_missing,1009,0,0.05847200726110821,0.09817645629331574
0,rf_missing,1010,0,0.10330123661445664,0.09817645629331574
0,rf_missing,1011,0,0.06035439438826025,0.09817645629331574
0,rf_missing,1012,0,0.08104828449514594,0.09817645629331574
0,rf_missing,1014,0,0.07680431367791017,0.09817645629331574
0,rf_missing,1015,0,0.06231225785963798,0.09817645629331574
0,rf_missing,1019,0,0.054436614987615733,0.09817645629331574
0,rf_missing,1024,0,0.09362287249435534,0.09817645629331574
0,rf_missing,1045,0,0.054957064115423795,0.09817645629331574
0,rf_missing,1050,0,0.03701230896862213,0.09817645629331574
0,rf_missing,1059,0,0.10044141580376438,0.09817645629331574
0,rf_missing,1065,0,0.10033841805401242,0.09817645629331574
0,rf_missing,1069,0,0.049920059694712804,0.09817645629331574
0,rf_missing,1078,0,0.04633863282193461,0.09817645629331574
0,rf_missing,1083,0,0.050751628877616944,0.09817645629331574
0,rf_missing,1091,0,0.05506255851664077,0.09817645629331574
0,rf_missing,1108,0,0.06143817582222175,0.09817645629331574
0,rf_missing,1117,0,0.031346677246555814,0.09817645629331574
0,rf_missing,1124,0,0.11249029994296833,0.09817645629331574
0,rf_missing,1128,0,0.027417021276595743,0.09817645629331574
0,rf_missing,1131,0,0.11579212625044415,0.09817645629331574
0,rf_missing,1139,0,0.03469610029708619,0.09817645629331574
0,rf_missing,1143,0,0.03078572557723074,0.09817645629331574
0,rf_missing,1154,0,0.05487509110144587,0.09817645629331574
0,rf_missing,1160,0,0.07266510007723335,0.09817645629331574
0,rf_missing,1177,0,0.06134984126063292,0.09817645629331574
0,rf_missing,1178,0,0.0630277917872088,0.09817645629331574
0,rf_missing,1179,0,0.03169361702127659,0.09817645629331574
0,rf_missing,1181,0,0.07024428627007216,0.09817645629331574
0,rf_missing,1192,0,0.08650585204948724,0.09817645629331574
0,rf_missing,1196,0,0.10291063829787234,0.09817645629331574
0,rf_missing,1199,0,0.03813128125665433,0.09817645629331574
0,rf_missing,1202,0,0.05411353049802053,0.09817645629331574
0,rf_missing,1206,0,0.07796361906702216,0.09817645629331574
0,rf_missing,1207,0,0.062179089976461814,0.09817645629331574
0,rf_missing,1220,0,0.06206241734385948,0.09817645629331574
0,rf_missing,1228,0,0.09608259555721915,0.09817645629331574
0,rf_missing,1233,0,0.101910979578959,0.09817645629331574
0,rf_missing,1252,0,0.11314300795780183,0.09817645629331574
0,rf_missing,1253,0,0.12091394823685675,0.09817645629331574
0,rf_missing,1256,0,0.06581150200126396,0.09817645629331574
0,rf_missing,1269,0,0.05546259471440254,0.09817645629331574
0,rf_missing,1270,0,0.06608783486438649,0.09817645629331574
0,rf_missing,1273,0,0.07801771994366996,0.09817645629331574
0,rf_missing,1286,0,0.1170676511261398,0.09817645629331574
0,rf_missing,1289,0,0.09436861254304084,0.09817645629331574
0,rf_missing,1290,0,0.05546382978723405,0.09817645629331574
0,rf_missing,1301,0,0.12061730928949041,0.09817645629331574
0,rf_missing,1317,0,0.055498149350649346,0.09817645629331574
0,rf_missing,1319,0,0.062221374944833194,0.09817645629331574
0,rf_missing,1320,0,0.08476697608731368,0.09817645629331574
0,rf_missing,1346,0,0.08512335610890688,0.09817645629331574
0,rf_missing,1348,0,0.05509195270830172,0.09817645629331574
0,rf_missing,1349,0,0.05040362455350781,0.09817645629331574
0,rf_missing,1355,0,0.06407269998779583,0.09817645629331574
0,rf_missing,1376,0,0.05441024200035501,0.09817645629331574
0,rf_missing,1388,0,0.06846202396010802,0.09817645629331574
0,rf_missing,1389,0,0.04218322856783203,0.09817645629331574
0,rf_missing,1393,0,0.02713925132685172,0.09817645629331574
0,rf_missing,1395,0,0.09292298093860966,0.09817645629331574
0,rf_missing,1400,1,0.1915075964155935,0.09817645629331574
0,rf_missing,1405,0,0.07023135267813217,0.09817645629331574
0,rf_missing,1415,0,0.06565253329141289,0.09817645629331574
0,rf_missing,1418,0,0.04529812201527227,0.09817645629331574
0,rf_missing,1423,0,0.057661945350687985,0.09817645629331574
0,rf_missing,1430,0,0.040634633570131105,0.09817645629331574
0,rf_missing,1440,0,0.11790001570984127,0.09817645629331574
0,rf_missing,1451,0,0.03826587092355244,0.09817645629331574
0,rf_missing,1481,0,0.0415074199573752,0.09817645629331574
0,rf_missing,1490,0,0.06093742693030314,0.09817645629331574
0,rf_missing,1492,0,0.025836369808957736,0.09817645629331574
0,rf_missing,1494,0,0.03461141541616068,0.09817645629331574
0,rf_missing,1503,0,0.08398074494001713,0.09817645629331574
0,rf_missing,1508,0,0.0272468085106383,0.09817645629331574
0,rf_missing,1513,0,0.04992716818271583,0.09817645629331574
0,rf_missing,1517,0,0.045679421365392145,0.09817645629331574
0,rf_missing,1521,0,0.030269640075972645,0.09817645629331574
0,rf_missing,1523,0,0.03936429313383364,0.09817645629331574
0,rf_missing,1549,0,0.030898497480099853,0.09817645629331574
0,rf_missing,1551,0,0.048424268498353726,0.09817645629331574
0,rf_missing,1556,0,0.04963788856629812,0.09817645629331574
0,rf_missing_pruned,8,0,0.13524141174045543,0.09603206664227844
0,rf_missing_pruned,33,0,0.14795975356577776,0.09603206664227844
0,rf_missing_pruned,35,0,0.09624172877904998,0.09603206664227844
0,rf_missing_pruned,46,0,0.2013643893331149,0.09603206664227844
0,rf_missing_pruned,47,0,0.1685681249706343,0.09603206664227844
0,rf_missing_pruned,55,0,0.15235544259686057,0.09603206664227844
0,rf_missing_pruned,59,0,0.13236184001822027,0.09603206664227844
0,rf_missing_pruned,86,0,0.08568752076300079,0.09603206664227844
0,rf_missing_pruned,87,0,0.0860602041674989,0.09603206664227844
0,rf_missing_pruned,94,0,0.10097693448220685,0.09603206664227844
0,rf_missing_pruned,103,0,0.05010482095066865,0.09603206664227844
0,rf_missing_pruned,105,0,0.09270552330278685,0.09603206664227844
0,rf_missing_pruned,128,0,0.09984278043724638,0.09603206664227844
0,rf_missing_pruned,134,0,0.12781355861235877,0.09603206664227844
0,rf_missing_pruned,157,1,0.06487857802634481,0.09603206664227844
0,rf_missing_pruned,159,0,0.14187193142122248,0.09603206664227844
0,rf_missing_pruned,163,0,0.06710122959878086,0.09603206664227844
0,rf_missing_pruned,167,1,0.18758243769938482,0.09603206664227844
0,rf_missing_pruned,180,1,0.08421185571386394,0.09603206664227844
0,rf_missing_pruned,182,1,0.10573012455063366,0.09603206664227844
0,rf_missing_pruned,185,0,0.07321375722345494,0.09603206664227844
0,rf_missing_pruned,186,1,0.17995039055325454,0.09603206664227844
0,rf_missing_pruned,212,0,0.15722426795871078,0.09603206664227844
0,rf_missing_pruned,226,0,0.07012339552168799,0.09603206664227844
0,rf_missing_pruned,236,1,0.14224271679737102,0.09603206664227844
0,rf_missing_pruned,237,0,0.1573974428371043,0.09603206664227844
0,rf_missing_pruned,241,1,0.13979025169802406,0.09603206664227844
0,rf_missing_pruned,244,1,0.06709047658166199,0.09603206664227844
0,rf_missing_pruned,247,0,0.13715112768379376,0.09603206664227844
0,rf_missing_pruned,273,1,0.08468453835853251,0.09603206664227844
0,rf_missing_pruned,275,0,0.20913827548773758,0.09603206664227844
0,rf_missing_pruned,291,1,0.10899714538613008,0.09603206664227844
0,rf_missing_pruned,293,0,0.08968410198527063,0.09603206664227844
0,rf_missing_pruned,295,0,0.11619836268114377,0.09603206664227844
0,rf_missing_pruned,299,0,0.06209496155552575,0.09603206664227844
0,rf_missing_pruned,300,0,0.19393262665555,0.09603206664227844
0,rf_missing_pruned,303,0,0.13354192914403773,0.09603206664227844
0,rf_missing_pruned,308,0,0.11262012181448049,0.09603206664227844
0,rf_missing_pruned,315,0,0.11211002294510565,0.09603206664227844
0,rf_missing_pruned,316,0,0.11391073446327683,0.09603206664227844
0,rf_missing_pruned,322,0,0.11632627917049232,0.09603206664227844
0,rf_missing_pruned,324,0,0.1375867026515906,0.09603206664227844
0,rf_missing_pruned,330,0,0.06160245299448258,0.09603206664227844
0,rf_missing_pruned,348,0,0.06862192465140426,0.09603206664227844
0,rf_missing_pruned,350,0,0.138382015254968,0.09603206664227844
0,rf_missing_pruned,353,0,0.04248304675900399,0.09603206664227844
0,rf_missing_pruned,356,0,0.07125826953529629,0.09603206664227844
0,rf_missing_pruned,384,0,0.08587634584518224,0.09603206664227844
0,rf_missing_pruned,391,0,0.10514710457557677,0.09603206664227844
0,rf_missing_pruned,398,0,0.04186648589341591,0.09603206664227844
0,rf_missing_pruned,412,0,0.11228085111226742,0.09603206664227844
0,rf_missing_pruned,419,0,0.08068217457975602,0.09603206664227844
0,rf_missing_pruned,420,0,0.06517215025782933,0.09603206664227844
0,rf_missing_pruned,427,0,0.0927105007055451,0.09603206664227844
0,rf_missing_pruned,432,0,0.057736127077637464,0.09603206664227844
0,rf_missing_pruned,436,0,0.12073057439819637,0.09603206664227844
0,rf_missing_pruned,443,0,0.07221665160547491,0.09603206664227844
0,rf_missing_pruned,463,0,0.04982555459937547,0.09603206664227844
0,rf_missing_pruned,471,0,0.0954432739339227,0.09603206664227844
0,rf_missing_pruned,474,0,0.05032279924599833,0.09603206664227844
0,rf_missing_pruned,475,0,0.06638297872340425,0.09603206664227844
0,rf_missing_pruned,477,0,0.08144102126698463,0.09603206664227844
0,rf_missing_pruned,478,0,0.049450931782846666,0.09603206664227844
0,rf_missing_pruned,479,0,0.0578936482319398,0.09603206664227844
0,rf_missing_pruned,489,0,0.03777793473212435,0.09603206664227844
0,rf_missing_pruned,492,0,0.06546119349590523,0.09603206664227844
0,rf_missing_pruned,495,1,0.07753837886666318,0.09603206664227844
0,rf_missing_pruned,504,0,0.07254261870134299,0.09603206664227844
0,rf_missing_pruned,505,0,0.10624601339910182,0.09603206664227844
0,rf_missing_pruned,517,0,0.14839185183904763,0.09603206664227844
0,rf_missing_pruned,521,0,0.07056807274661435,0.09603206664227844
0,rf_missing_pruned,526,0,0.046901591660637176,0.09603206664227844
0,rf_missing_pruned,542,0,0.17147626421609627,0.09603206664227844
0,rf_missing_pruned,544,0,0.03768618500239064,0.09603206664227844
0,rf_missing_pruned,556,0,0.061664072897298354,0.09603206664227844
0,rf_missing_pruned,558,0,0.05354041271213413,0.09603206664227844
0,rf_missing_pruned,559,0,0.05864536078160631,0.09603206664227844
0,rf_missing_pruned,560,0,0.06536525067998036,0.09603206664227844
0,rf_missing_pruned,564,0,0.058854144943873,0.09603206664227844
0,rf_missing_pruned,573,0,0.053614256855158915,0.09603206664227844
0,rf_missing_pruned,577,0,0.11243165785164048,0.09603206664227844
0,rf_missing_pruned,589,0,0.05674777665867695,0.09603206664227844
0,rf_missing_pruned,592,0,0.059544032854944855,0.09603206664227844
0,rf_missing_pruned,598,0,0.04508243653553877,0.09603206664227844
0,rf_missing_pruned,601,1,0.06620931806374548,0.09603206664227844
0,rf_missing_pruned,617,0,0.06236769344765534,0.09603206664227844
0,rf_missing_pruned,625,0,0.07458618927456565,0.09603206664227844
0,rf_missing_pruned,632,0,0.08235168558624856,0.09603206664227844
0,rf_missing_pruned,641,0,0.10858626629832693,0.09603206664227844
0,rf_missing_pruned,663,0,0.0660309551203095,0.09603206664227844
0,rf_missing_pruned,665,0,0.03510618233499143,0.09603206664227844
0,rf_missing_pruned,669,0,0.04318382352941177,0.09603206664227844
0,rf_missing_pruned,682,0,0.038945842472473645,0.09603206664227844
0,rf_missing_pruned,697,0,0.06537261305928142,0.09603206664227844
0,rf_missing_pruned,702,0,0.06192193189896999,0.09603206664227844
0,rf_missing_pruned,710,0,0.04644883908624097,0.09603206664227844
0,rf_missing_pruned,711,0,0.049263038747921616,0.09603206664227844
0,rf_missing_pruned,717,0,0.042827637881907646,0.09603206664227844
0,rf_missing_pruned,722,0,0.05351237181664497,0.09603206664227844
0,rf_missing_pruned,728,0,0.0268533966033966,0.09603206664227844
0,rf_missing_pruned,731,0,0.023565392354124748,0.09603206664227844
0,rf_missing_pruned,733,0,0.05759149144429952,0.09603206664227844
0,rf_missing_pruned,735,0,0.058572396679136746,0.09603206664227844
0,rf_missing_pruned,739,0,0.055331085614375886,0.09603206664227844
0,rf_missing_pruned,740,0,0.04663404255319149,0.09603206664227844
0,rf_missing_pruned,743,0,0.05940695011450762,0.09603206664227844
0,rf_missing_pruned,745,0,0.08598359274043856,0.09603206664227844
0,rf_missing_pruned,756,0,0.03479282852742976,0.09603206664227844
0,rf_missing_pruned,761,0,0.06122380889194437,0.09603206664227844
0,rf_missing_pruned,764,0,0.08399660163779654,0.09603206664227844
0,rf_missing_pruned,771,0,0.047086400076521616,0.09603206664227844
0,rf_missing_pruned,773,0,0.10446917976991286,0.09603206664227844
0,rf_missing_pruned,774,0,0.09715355065403909,0.09603206664227844
0,rf_missing_pruned,780,0,0.060691058340773034,0.09603206664227844
0,rf_missing_pruned,781,0,0.05466077612917311,0.09603206664227844
0,rf_missing_pruned,783,0,0.04276286511392121,0.09603206664227844
0,rf_missing_pruned,790,0,0.019727659574468086,0.09603206664227844
0,rf_missing_pruned,803,0,0.04578055259326685,0.09603206664227844
0,rf_missing_pruned,805,0,0.07284116757330135,0.09603206664227844
0,rf_missing_pruned,822,0,0.0426175167932256,0.09603206664227844
0,rf_missing_pruned,826,1,0.08923620073459321,0.09603206664227844
0,rf_missing_pruned,827,0,0.08290405235421427,0.09603206664227844
0,rf_missing_pruned,833,0,0.10174418248526226,0.09603206664227844
0,rf_missing_pruned,835,0,0.07836526432595917,0.09603206664227844
0,rf_missing_pruned,838,0,0.08620818153336877,0.09603206664227844
0,rf_missing_pruned,842,0,0.06201606157940644,0.09603206664227844
0,rf_missing_pruned,858,0,0.05364975313383602,0.09603206664227844
0,rf_missing_pruned,861,0,0.057682881639432464,0.09603206664227844
0,rf_missing_pruned,864,0,0.06862166137377489,0.09603206664227844
0,rf_missing_pruned,867,0,0.0810859278478367,0.09603206664227844
0,rf_missing_pruned,870,0,0.08897057077695902,0.09603206664227844
0,rf_missing_pruned,871,1,0.08426235956859776,0.09603206664227844
0,rf_missing_pruned,873,0,0.09127560656869874,0.09603206664227844
0,rf_missing_pruned,879,0,0.07848085106382979,0.09603206664227844
0,rf_missing_pruned,883,0,0.09751573585194188,0.09603206664227844
0,rf_missing_pruned,886,0,0.09936859310775112,0.09603206664227844
0,rf_missing_pruned,891,0,0.078491771794389,0.09603206664227844
0,rf_missing_pruned,892,0,0.08478726897782508,0.09603206664227844
0,rf_missing_pruned,895,0,0.053079860338583564,0.09603206664227844
0,rf_missing_pruned,896,0,0.07285891248406746,0.09603206664227844
0,rf_missing_pruned,918,0,0.055238727003655,0.09603206664227844
0,rf_missing_pruned,922,0,0.04115712084479531,0.09603206664227844
0,rf_missing_pruned,925,0,0.06271160621166531,0.09603206664227844
0,rf_missing_pruned,931,0,0.046697785504882815,0.09603206664227844
0,rf_missing_pruned,935,0,0.026748371077529004,0.09603206664227844
0,rf_missing_pruned,944,0,0.0615127490874015,0.09603206664227844
0,rf_missing_pruned,960,0,0.03744182911716153,0.09603206664227844
0,rf_missing_pruned,966,0,0.09434301912172492,0.09603206664227844
0,rf_missing_pruned,975,0,0.026443425308300742,0.09603206664227844
0,rf_missing_pruned,983,0,0.05692051113277129,0.09603206664227844
0,rf_missing_pruned,991,0,0.03860815145048491,0.09603206664227844
0,rf_missing_pruned,993,0,0.0346231751244068,0.09603206664227844
0,rf_missing_pruned,995,0,0.06576646316034011,0.09603206664227844
0,rf_missing_pruned,1000,0,0.040786724726763784,0.09603206664227844
0,rf_missing_pruned,1009,0,0.08173327792520348,0.09603206664227844
0,rf_missing_pruned,1010,0,0.11285355436085658,0.09603206664227844
0,rf_missing_pruned,1011,0,0.03585446527012128,0.09603206664227844
0,rf_missing_pruned,1012,0,0.05770825864070353,0.09603206664227844
0,rf_missing_pruned,1014,0,0.04636787454361217,0.09603206664227844
0,rf_missing_pruned,1015,0,0.0686288630865267,0.09603206664227844
0,rf_missing_pruned,1019,0,0.06617711501321702,0.09603206664227844
0,rf_missing_pruned,1024,0,0.1025204135691703,0.09603206664227844
0,rf_missing_pruned,1045,0,0.0304245244144488,0.09603206664227844
0,rf_missing_pruned,1050,0,0.057516428535391274,0.09603206664227844
0,rf_missing_pruned,1059,0,0.10910959518369269,0.09603206664227844
0,rf_missing_pruned,1065,0,0.1206816488917821,0.09603206664227844
0,rf_missing_pruned,1069,0,0.050177953265721026,0.09603206664227844
0,rf_missing_pruned,1078,0,0.05942861302897938,0.09603206664227844
0,rf_missing_pruned,1083,0,0.05740870637472749,0.09603206664227844
0,rf_missing_pruned,1091,0,0.07726788852575514,0.09603206664227844
0,rf_missing_pruned,1108,0,0.09377723746696484,0.09603206664227844
0,rf_missing_pruned,1117,0,0.0618647963779375,0.09603206664227844
0,rf_missing_pruned,1124,0,0.11910303418434103,0.09603206664227844
0,rf_missing_pruned,1128,0,0.022739054685486242,0.09603206664227844
0,rf_missing_pruned,1131,0,0.0855567856897118,0.09603206664227844
0,rf_missing_pruned,1139,0,0.09757410770140515,0.09603206664227844
0,rf_missing_pruned,1143,0,0.030708392656233444,0.09603206664227844
0,rf_missing_pruned,1154,0,0.08803396516072248,0.09603206664227844
0,rf_missing_pruned,1160,0,0.06021713921531442,0.09603206664227844
0,rf_missing_pruned,1177,0,0.05840561210067377,0.09603206664227844
0,rf_missing_pruned,1178,0,0.08765882712072849,0.09603206664227844
0,rf_missing_pruned,1179,0,0.04995214193866412,0.09603206664227844
0,rf_missing_pruned,1181,0,0.07262368497584246,0.09603206664227844
0,rf_missing_pruned,1192,0,0.08412322233598452,0.09603206664227844
0,rf_missing_pruned,1196,0,0.12152612089972943,0.09603206664227844
0,rf_missing_pruned,1199,0,0.03531389842133557,0.09603206664227844
0,rf_missing_pruned,1202,0,0.0508280164852977,0.09603206664227844
0,rf_missing_pruned,1206,0,0.07500976733454942,0.09603206664227844
0,rf_missing_pruned,1207,0,0.05805375971565396,0.09603206664227844
0,rf_missing_pruned,1220,0,0.06833472992112917,0.09603206664227844
0,rf_missing_pruned,1228,0,0.13233083045958316,0.09603206664227844
0,rf_missing_pruned,1233,0,0.14574824190346203,0.09603206664227844
0,rf_missing_pruned,1252,0,0.17863078111524475,0.09603206664227844
0,rf_missing_pruned,1253,0,0.14835801574945567,0.09603206664227844
0,rf_missing_pruned,1256,0,0.1040923080291298,0.09603206664227844
0,rf_missing_pruned,1269,0,0.06625022520806721,0.09603206664227844
0,rf_missing_pruned,1270,0,0.08217365462515255,0.09603206664227844
0,rf_missing_pruned,1273,0,0.04203721839456893,0.09603206664227844
0,rf_missing_pruned,1286,0,0.09263408736270715,0.09603206664227844
0,rf_missing_pruned,1289,0,0.060702452593809526,0.09603206664227844
0,rf_missing_pruned,1290,0,0.1122221377191714,0.09603206664227844
0,rf_missing_pruned,1301,0,0.09869546623589177,0.09603206664227844
0,rf_missing_pruned,1317,0,0.08132294606780928,0.09603206664227844
0,rf_missing_pruned,1319,0,0.082684467268801,0.09603206664227844
0,rf_missing_pruned,1320,0,0.11208239418133172,0.09603206664227844
0,rf_missing_pruned,1346,0,0.06146697330592584,0.09603206664227844
0,rf_missing_pruned,1348,0,0.08164965788733715,0.09603206664227844
0,rf_missing_pruned,1349,0,0.0679794520920745,0.09603206664227844
0,rf_missing_pruned,1355,0,0.04995600187335798,0.09603206664227844
0,rf_missing_pruned,1376,0,0.08108797359341162,0.09603206664227844
0,rf_missing_pruned,1388,0,0.06551871825999779,0.09603206664227844
0,rf_missing_pruned,1389,0,0.04337223175898074,0.09603206664227844
0,rf_missing_pruned,1393,0,0.0533370040950287,0.09603206664227844
0,rf_missing_pruned,1395,0,0.06717446808510638,0.09603206664227844
0,rf_missing_pruned,1400,1,0.19097621216576596,0.09603206664227844
0,rf_missing_pruned,1405,0,0.0897048163866741,0.09603206664227844
0,rf_missing_pruned,1415,0,0.059818017684211286,0.09603206664227844
0,rf_missing_pruned,1418,0,0.023113716220236336,0.09603206664227844
0,rf_missing_pruned,1423,0,0.08836556268571984,0.09603206664227844
0,rf_missing_pruned,1430,0,0.023737887596899224,0.09603206664227844
0,rf_missing_pruned,1440,0,0.10873749199580554,0.09603206664227844
0,rf_missing_pruned,1451,0,0.037322212982220854,0.09603206664227844
0,rf_missing_pruned,1481,0,0.06118729092228089,0.09603206664227844
0,rf_missing_pruned,1490,0,0.07072149997623611,0.09603206664227844
0,rf_missing_pruned,1492,0,0.04519746100187392,0.09603206664227844
0,rf_missing_pruned,1494,0,0.02956366214202226,0.09603206664227844
0,rf_missing_pruned,1503,0,0.04533055411810944,0.09603206664227844
0,rf_missing_pruned,1508,0,0.018588790839822362,0.09603206664227844
0,rf_missing_pruned,1513,0,0.061008693847224904,0.09603206664227844
0,rf_missing_pruned,1517,0,0.06529435611540753,0.09603206664227844
0,rf_missing_pruned,1521,0,0.023594846620057466,0.09603206664227844
0,rf_missing_pruned,1523,0,0.06072987609444029,0.09603206664227844
0,rf_missing_pruned,1549,0,0.04664228004899829,0.09603206664227844
0,rf_missing_pruned,1551,0,0.055380753979858,0.09603206664227844
0,rf_missing_pruned,1556,0,0.03102548011321635,0.09603206664227844
0,balanced_rf,8,0,0.5119999999999999,0.42466666666666675
0,balanced_rf,33,0,0.4686666666666666,0.42466666666666675
0,balanced_rf,35,0,0.434,0.42466666666666675
0,balanced_rf,46,0,0.532,0.42466666666666675
0,balanced_rf,47,0,0.628,0.42466666666666675
0,balanced_rf,55,0,0.4786666666666667,0.42466666666666675
0,balanced_rf,59,0,0.4753333333333333,0.42466666666666675
0,balanced_rf,86,0,0.44333333333333336,0.42466666666666675
0,balanced_rf,87,0,0.3773333333333333,0.42466666666666675
0,balanced_rf,94,0,0.408,0.42466666666666675
0,balanced_rf,103,0,0.2953333333333334,0.42466666666666675
0,balanced_rf,105,0,0.418,0.42466666666666675
0,balanced_rf,128,0,0.42933333333333334,0.42466666666666675
0,balanced_rf,134,0,0.4266666666666667,0.42466666666666675
0,balanced_rf,157,1,0.3273333333333333,0.42466666666666675
0,balanced_rf,159,0,0.49466666666666675,0.42466666666666675
0,balanced_rf,163,0,0.43799999999999994,0.42466666666666675
0,balanced_rf,167,1,0.5493333333333333,0.42466666666666675
0,balanced_rf,180,1,0.486,0.42466666666666675
0,balanced_rf,182,1,0.45866666666666667,0.42466666666666675
0,balanced_rf,185,0,0.398,0.42466666666666675
0,balanced_rf,186,1,0.5226666666666666,0.42466666666666675
0,balanced_rf,212,0,0.5646666666666667,0.42466666666666675
0,balanced_rf,226,0,0.31199999999999994,0.42466666666666675
0,balanced_rf,236,1,0.5786666666666666,0.42466666666666675
0,balanced_rf,237,0,0.5506666666666667,0.42466666666666675
0,balanced_rf,241,1,0.5573333333333333,0.42466666666666675
0,balanced_rf,244,1,0.3613333333333334,0.42466666666666675
0,balanced_rf,247,0,0.5243333333333333,0.42466666666666675
0,balanced_rf,273,1,0.39133333333333326,0.42466666666666675
0,balanced_rf,275,0,0.552,0.42466666666666675
0,balanced_rf,291,1,0.4473333333333333,0.42466666666666675
0,balanced_rf,293,0,0.38533333333333336,0.42466666666666675
0,balanced_rf,295,0,0.4293333333333333,0.42466666666666675
0,balanced_rf,299,0,0.36333333333333334,0.42466666666666675
0,balanced_rf,300,0,0.548,0.42466666666666675
0,balanced_rf,303,0,0.4506666666666666,0.42466666666666675
0,balanced_rf,308,0,0.44266666666666665,0.42466666666666675
0,balanced_rf,315,0,0.372,0.42466666666666675
0,balanced_rf,316,0,0.408,0.42466666666666675
0,balanced_rf,322,0,0.48733333333333334,0.42466666666666675
0,balanced_rf,324,0,0.43399999999999994,0.42466666666666675
0,balanced_rf,330,0,0.364,0.42466666666666675
0,balanced_rf,348,0,0.3466666666666666,0.42466666666666675
0,balanced_rf,350,0,0.4693333333333333,0.42466666666666675
0,balanced_rf,353,0,0.338,0.42466666666666675
0,balanced_rf,356,0,0.39066666666666666,0.42466666666666675
0,balanced_rf,384,0,0.40733333333333327,0.42466666666666675
0,balanced_rf,391,0,0.4206666666666667,0.42466666666666675
0,balanced_rf,398,0,0.3266666666666666,0.42466666666666675
0,balanced_rf,412,0,0.3373333333333333,0.42466666666666675
0,balanced_rf,419,0,0.31933333333333336,0.42466666666666675
0,balanced_rf,420,0,0.32199999999999995,0.42466666666666675
0,balanced_rf,427,0,0.3663333333333333,0.42466666666666675
0,balanced_rf,432,0,0.3533333333333334,0.42466666666666675
0,balanced_rf,436,0,0.42533333333333334,0.42466666666666675
0,balanced_rf,443,0,0.34800000000000003,0.42466666666666675
0,balanced_rf,463,0,0.336,0.42466666666666675
0,balanced_rf,471,0,0.4099999999999999,0.42466666666666675
0,balanced_rf,474,0,0.324,0.42466666666666675
0,balanced_rf,475,0,0.40266666666666673,0.42466666666666675
0,balanced_rf,477,0,0.3866666666666666,0.42466666666666675
0,balanced_rf,478,0,0.32133333333333325,0.42466666666666675
0,balanced_rf,479,0,0.3446666666666667,0.42466666666666675
0,balanced_rf,489,0,0.3803333333333333,0.42466666666666675
0,balanced_rf,492,0,0.38266666666666677,0.42466666666666675
0,balanced_rf,495,1,0.40133333333333326,0.42466666666666675
0,balanced_rf,504,0,0.366,0.42466666666666675
0,balanced_rf,505,0,0.43933333333333324,0.42466666666666675
0,balanced_rf,517,0,0.42399999999999993,0.42466666666666675
0,balanced_rf,521,0,0.43666666666666665,0.42466666666666675
0,balanced_rf,526,0,0.348,0.42466666666666675
0,balanced_rf,542,0,0.5536666666666666,0.42466666666666675
0,balanced_rf,544,0,0.332,0.42466666666666675
0,balanced_rf,556,0,0.428,0.42466666666666675
0,balanced_rf,558,0,0.3843333333333333,0.42466666666666675
0,balanced_rf,559,0,0.2673333333333333,0.42466666666666675
0,balanced_rf,560,0,0.3946666666666666,0.42466666666666675
0,balanced_rf,564,0,0.36233333333333334,0.42466666666666675
0,balanced_rf,573,0,0.3673333333333333,0.42466666666666675
0,balanced_rf,577,0,0.46199999999999997,0.42466666666666675
0,balanced_rf,589,0,0.3426666666666666,0.42466666666666675
0,balanced_rf,592,0,0.2913333333333334,0.42466666666666675
0,balanced_rf,598,0,0.3173333333333333,0.42466666666666675
0,balanced_rf,601,1,0.37400000000000005,0.42466666666666675
0,balanced_rf,617,0,0.4243333333333334,0.42466666666666675
0,balanced_rf,625,0,0.43266666666666664,0.42466666666666675
0,balanced_rf,632,0,0.3773333333333333,0.42466666666666675
0,balanced_rf,641,0,0.492,0.42466666666666675
0,balanced_rf,663,0,0.2593333333333333,0.42466666666666675
0,balanced_rf,665,0,0.2773333333333333,0.42466666666666675
0,balanced_rf,669,0,0.3519999999999999,0.42466666666666675
0,balanced_rf,682,0,0.3046666666666667,0.42466666666666675
0,balanced_rf,697,0,0.3106666666666667,0.42466666666666675
0,balanced_rf,702,0,0.33033333333333337,0.42466666666666675
0,balanced_rf,710,0,0.4033333333333333,0.42466666666666675
0,balanced_rf,711,0,0.26799999999999996,0.42466666666666675
0,balanced_rf,717,0,0.312,0.42466666666666675
0,balanced_rf,722,0,0.2966666666666667,0.42466666666666675
0,balanced_rf,728,0,0.3393333333333333,0.42466666666666675
0,balanced_rf,731,0,0.3473333333333333,0.42466666666666675
0,balanced_rf,733,0,0.36266666666666664,0.42466666666666675
0,balanced_rf,735,0,0.3486666666666666,0.42466666666666675
0,balanced_rf,739,0,0.3293333333333333,0.42466666666666675
0,balanced_rf,740,0,0.32133333333333336,0.42466666666666675
0,balanced_rf,743,0,0.28800000000000003,0.42466666666666675
0,balanced_rf,745,0,0.4,0.42466666666666675
0,balanced_rf,756,0,0.24199999999999997,0.42466666666666675
0,balanced_rf,761,0,0.3806666666666666,0.42466666666666675
0,balanced_rf,764,0,0.3666666666666667,0.42466666666666675
0,balanced_rf,771,0,0.2653333333333333,0.42466666666666675
0,balanced_rf,773,0,0.4,0.42466666666666675
0,balanced_rf,774,0,0.3853333333333334,0.42466666666666675
0,balanced_rf,780,0,0.30066666666666664,0.42466666666666675
0,balanced_rf,781,0,0.4073333333333333,0.42466666666666675
0,balanced_rf,783,0,0.34133333333333327,0.42466666666666675
0,balanced_rf,790,0,0.36266666666666664,0.42466666666666675
0,balanced_rf,803,0,0.312,0.42466666666666675
0,balanced_rf,805,0,0.37799999999999995,0.42466666666666675
0,balanced_rf,822,0,0.30666666666666664,0.42466666666666675
0,balanced_rf,826,1,0.41,0.42466666666666675
0,balanced_rf,827,0,0.44900000000000007,0.42466666666666675
0,balanced_rf,833,0,0.48200000000000004,0.42466666666666675
0,balanced_rf,835,0,0.3686666666666667,0.42466666666666675
0,balanced_rf,838,0,0.432,0.42466666666666675
0,balanced_rf,842,0,0.3413333333333334,0.42466666666666675
0,balanced_rf,858,0,0.32966666666666655,0.42466666666666675
0,balanced_rf,861,0,0.3393333333333333,0.42466666666666675
0,balanced_rf,864,0,0.3346666666666666,0.42466666666666675
0,balanced_rf,867,0,0.34033333333333327,0.42466666666666675
0,balanced_rf,870,0,0.4106666666666667,0.42466666666666675
0,balanced_rf,871,1,0.38599999999999995,0.42466666666666675
0,balanced_rf,873,0,0.39599999999999996,0.42466666666666675
0,balanced_rf,879,0,0.39533333333333337,0.42466666666666675
0,balanced_rf,883,0,0.4506666666666666,0.42466666666666675
0,balanced_rf,886,0,0.3499999999999999,0.42466666666666675
0,balanced_rf,891,0,0.39533333333333337,0.42466666666666675
0,balanced_rf,892,0,0.3886666666666666,0.42466666666666675
0,balanced_rf,895,0,0.35,0.42466666666666675
0,balanced_rf,896,0,0.3666666666666667,0.42466666666666675
0,balanced_rf,918,0,0.32066666666666666,0.42466666666666675
0,balanced_rf,922,0,0.324,0.42466666666666675
0,balanced_rf,925,0,0.3469999999999999,0.42466666666666675
0,balanced_rf,931,0,0.41566666666666663,0.42466666666666675
0,balanced_rf,935,0,0.2313333333333333,0.42466666666666675
0,balanced_rf,944,0,0.33566666666666667,0.42466666666666675
0,balanced_rf,960,0,0.30666666666666664,0.42466666666666675
0,balanced_rf,966,0,0.4393333333333333,0.42466666666666675
0,balanced_rf,975,0,0.21600000000000003,0.42466666666666675
0,balanced_rf,983,0,0.33666666666666667,0.42466666666666675
0,balanced_rf,991,0,0.2653333333333333,0.42466666666666675
0,balanced_rf,993,0,0.3446666666666667,0.42466666666666675
0,balanced_rf,995,0,0.33866666666666667,0.42466666666666675
0,balanced_rf,1000,0,0.29666666666666663,0.42466666666666675
0,balanced_rf,1009,0,0.30266666666666675,0.42466666666666675
0,balanced_rf,1010,0,0.4313333333333333,0.42466666666666675
0,balanced_rf,1011,0,0.3486666666666666,0.42466666666666675
0,balanced_rf,1012,0,0.32133333333333336,0.42466666666666675
0,balanced_rf,1014,0,0.43,0.42466666666666675
0,balanced_rf,1015,0,0.3783333333333333,0.42466666666666675
0,balanced_rf,1019,0,0.33533333333333326,0.42466666666666675
0,balanced_rf,1024,0,0.44666666666666666,0.42466666666666675
0,balanced_rf,1045,0,0.36333333333333334,0.42466666666666675
0,balanced_rf,1050,0,0.3733333333333333,0.42466666666666675
0,balanced_rf,1059,0,0.43733333333333335,0.42466666666666675
0,balanced_rf,1065,0,0.4703333333333333,0.42466666666666675
0,balanced_rf,1069,0,0.3973333333333333,0.42466666666666675
0,balanced_rf,1078,0,0.308,0.42466666666666675
0,balanced_rf,1083,0,0.3673333333333333,0.42466666666666675
0,balanced_rf,1091,0,0.36066666666666664,0.42466666666666675
0,balanced_rf,1108,0,0.402,0.42466666666666675
0,balanced_rf,1117,0,0.28,0.42466666666666675
0,balanced_rf,1124,0,0.45533333333333337,0.42466666666666675
0,balanced_rf,1128,0,0.3093333333333333,0.42466666666666675
0,balanced_rf,1131,0,0.44333333333333325,0.42466666666666675
0,balanced_rf,1139,0,0.3786666666666667,0.42466666666666675
0,balanced_rf,1143,0,0.3400000000000001,0.42466666666666675
0,balanced_rf,1154,0,0.40166666666666667,0.42466666666666675
0,balanced_rf,1160,0,0.3886666666666666,0.42466666666666675
0,balanced_rf,1177,0,0.2853333333333334,0.42466666666666675
0,balanced_rf,1178,0,0.3433333333333333,0.42466666666666675
0,balanced_rf,1179,0,0.31266666666666665,0.42466666666666675
0,balanced_rf,1181,0,0.29799999999999993,0.42466666666666675
0,balanced_rf,1192,0,0.43333333333333324,0.42466666666666675
0,balanced_rf,1196,0,0.49733333333333335,0.42466666666666675
0,balanced_rf,1199,0,0.35666666666666663,0.42466666666666675
0,balanced_rf,1202,0,0.3846666666666666,0.42466666666666675
0,balanced_rf,1206,0,0.37533333333333335,0.42466666666666675
0,balanced_rf,1207,0,0.36266666666666664,0.42466666666666675
0,balanced_rf,1220,0,0.3893333333333333,0.42466666666666675
0,balanced_rf,1228,0,0.48199999999999993,0.42466666666666675
0,balanced_rf,1233,0,0.44533333333333336,0.42466666666666675
0,balanced_rf,1252,0,0.452,0.42466666666666675
0,balanced_rf,1253,0,0.4053333333333334,0.42466666666666675
0,balanced_rf,1256,0,0.38166666666666665,0.42466666666666675
0,balanced_rf,1269,0,0.34933333333333333,0.42466666666666675
0,balanced_rf,1270,0,0.3703333333333333,0.42466666666666675
0,balanced_rf,1273,0,0.38066666666666676,0.42466666666666675
0,balanced_rf,1286,0,0.426,0.42466666666666675
0,balanced_rf,1289,0,0.441,0.42466666666666675
0,balanced_rf,1290,0,0.42,0.42466666666666675
0,balanced_rf,1301,0,0.4413333333333333,0.42466666666666675
0,balanced_rf,1317,0,0.3453333333333333,0.42466666666666675
0,balanced_rf,1319,0,0.4146666666666667,0.42466666666666675
0,balanced_rf,1320,0,0.4186666666666667,0.42466666666666675
0,balanced_rf,1346,0,0.372,0.42466666666666675
0,balanced_rf,1348,0,0.5026666666666667,0.42466666666666675
0,balanced_rf,1349,0,0.31533333333333335,0.42466666666666675
0,balanced_rf,1355,0,0.4026666666666666,0.42466666666666675
0,balanced_rf,1376,0,0.342,0.42466666666666675
0,balanced_rf,1388,0,0.352,0.42466666666666675
0,balanced_rf,1389,0,0.29,0.42466666666666675
0,balanced_rf,1393,0,0.37533333333333335,0.42466666666666675
0,balanced_rf,1395,0,0.4186666666666667,0.42466666666666675
0,balanced_rf,1400,1,0.5473333333333333,0.42466666666666675
0,balanced_rf,1405,0,0.3853333333333333,0.42466666666666675
0,balanced_rf,1415,0,0.3913333333333333,0.42466666666666675
0,balanced_rf,1418,0,0.32199999999999995,0.42466666666666675
0,balanced_rf,1423,0,0.36266666666666675,0.42466666666666675
0,balanced_rf,1430,0,0.2826666666666666,0.42466666666666675
0,balanced_rf,1440,0,0.4366666666666667,0.42466666666666675
0,balanced_rf,1451,0,0.33866666666666667,0.42466666666666675
0,balanced_rf,1481,0,0.3786666666666667,0.42466666666666675
0,balanced_rf,1490,0,0.32066666666666666,0.42466666666666675
0,balanced_rf,1492,0,0.276,0.42466666666666675
0,balanced_rf,1494,0,0.264,0.42466666666666675
0,balanced_rf,1503,0,0.3573333333333334,0.42466666666666675
0,balanced_rf,1508,0,0.29166666666666663,0.42466666666666675
0,balanced_rf,1513,0,0.33133333333333337,0.42466666666666675
0,balanced_rf,1517,0,0.3566666666666667,0.42466666666666675
0,balanced_rf,1521,0,0.29733333333333334,0.42466666666666675
0,balanced_rf,1523,0,0.31400000000000006,0.42466666666666675
0,balanced_rf,1549,0,0.32933333333333337,0.42466666666666675
0,balanced_rf,1551,0,0.2720000000000001,0.42466666666666675
0,balanced_rf,1556,0,0.388,0.42466666666666675
0,balanced_rf_missing,8,0,0.5526666666666668,0.42666666666666675
0,balanced_rf_missing,33,0,0.48333333333333334,0.42666666666666675
0,balanced_rf_missing,35,0,0.4573333333333333,0.42666666666666675
0,balanced_rf_missing,46,0,0.5233333333333332,0.42666666666666675
0,balanced_rf_missing,47,0,0.5646666666666667,0.42666666666666675
0,balanced_rf_missing,55,0,0.4640000000000001,0.42666666666666675
0,balanced_rf_missing,59,0,0.4713333333333333,0.42666666666666675
0,balanced_rf_missing,86,0,0.42333333333333334,0.42666666666666675
0,balanced_rf_missing,87,0,0.406,0.42666666666666675
0,balanced_rf_missing,94,0,0.458,0.42666666666666675
0,balanced_rf_missing,103,0,0.29933333333333334,0.42666666666666675
0,balanced_rf_missing,105,0,0.4346666666666667,0.42666666666666675
0,balanced_rf_missing,128,0,0.4366666666666667,0.42666666666666675
0,balanced_rf_missing,134,0,0.3673333333333333,0.42666666666666675
0,balanced_rf_missing,157,1,0.32000000000000006,0.42666666666666675
0,balanced_rf_missing,159,0,0.5426666666666667,0.42666666666666675
0,balanced_rf_missing,163,0,0.4680000000000001,0.42666666666666675
0,balanced_rf_missing,167,1,0.5633333333333332,0.42666666666666675
0,balanced_rf_missing,180,1,0.488,0.42666666666666675
0,balanced_rf_missing,182,1,0.4423333333333333,0.42666666666666675
0,balanced_rf_missing,185,0,0.426,0.42666666666666675
0,balanced_rf_missing,186,1,0.476,0.42666666666666675
0,balanced_rf_missing,212,0,0.5186666666666667,0.42666666666666675
0,balanced_rf_missing,226,0,0.341,0.42666666666666675
0,balanced_rf_missing,236,1,0.5413333333333332,0.42666666666666675
0,balanced_rf_missing,237,0,0.5366666666666667,0.42666666666666675
0,balanced_rf_missing,241,1,0.6266666666666666,0.42666666666666675
0,balanced_rf_missing,244,1,0.41133333333333333,0.42666666666666675
0,balanced_rf_missing,247,0,0.474,0.42666666666666675
0,balanced_rf_missing,273,1,0.36533333333333323,0.42666666666666675
0,balanced_rf_missing,275,0,0.554,0.42666666666666675
0,balanced_rf_missing,291,1,0.4326666666666667,0.42666666666666675
0,balanced_rf_missing,293,0,0.3896666666666666,0.42666666666666675
0,balanced_rf_missing,295,0,0.42400000000000004,0.42666666666666675
0,balanced_rf_missing,299,0,0.35333333333333333,0.42666666666666675
0,balanced_rf_missing,300,0,0.5206666666666666,0.42666666666666675
0,balanced_rf_missing,303,0,0.4133333333333334,0.42666666666666675
0,balanced_rf_missing,308,0,0.369,0.42666666666666675
0,balanced_rf_missing,315,0,0.4066666666666667,0.42666666666666675
0,balanced_rf_missing,316,0,0.4513333333333333,0.42666666666666675
0,balanced_rf_missing,322,0,0.466,0.42666666666666675
0,balanced_rf_missing,324,0,0.42700000000000005,0.42666666666666675
0,balanced_rf_missing,330,0,0.45399999999999996,0.42666666666666675
0,balanced_rf_missing,348,0,0.42666666666666664,0.42666666666666675
0,balanced_rf_missing,350,0,0.4813333333333334,0.42666666666666675
0,balanced_rf_missing,353,0,0.29999999999999993,0.42666666666666675
0,balanced_rf_missing,356,0,0.43733333333333335,0.42666666666666675
0,balanced_rf_missing,384,0,0.4766666666666667,0.42666666666666675
0,balanced_rf_missing,391,0,0.48566666666666675,0.42666666666666675
0,balanced_rf_missing,398,0,0.3226666666666666,0.42666666666666675
0,balanced_rf_missing,412,0,0.3846666666666667,0.42666666666666675
0,balanced_rf_missing,419,0,0.3526666666666667,0.42666666666666675
0,balanced_rf_missing,420,0,0.3546666666666667,0.42666666666666675
0,balanced_rf_missing,427,0,0.42800000000000005,0.42666666666666675
0,balanced_rf_missing,432,0,0.3593333333333334,0.42666666666666675
0,balanced_rf_missing,436,0,0.478,0.42666666666666675
0,balanced_rf_missing,443,0,0.32866666666666666,0.42666666666666675
0,balanced_rf_missing,463,0,0.3693333333333333,0.42666666666666675
0,balanced_rf_missing,471,0,0.42666666666666664,0.42666666666666675
0,balanced_rf_missing,474,0,0.3400000000000001,0.42666666666666675
0,balanced_rf_missing,475,0,0.33333333333333337,0.42666666666666675
0,balanced_rf_missing,477,0,0.38266666666666677,0.42666666666666675
0,balanced_rf_missing,478,0,0.35,0.42666666666666675
0,balanced_rf_missing,479,0,0.31866666666666676,0.42666666666666675
0,balanced_rf_missing,489,0,0.3646666666666667,0.42666666666666675
0,balanced_rf_missing,492,0,0.32666666666666666,0.42666666666666675
0,balanced_rf_missing,495,1,0.3753333333333333,0.42666666666666675
0,balanced_rf_missing,504,0,0.326,0.42666666666666675
0,balanced_rf_missing,505,0,0.45533333333333337,0.42666666666666675
0,balanced_rf_missing,517,0,0.4726666666666666,0.42666666666666675
0,balanced_rf_missing,521,0,0.43466666666666665,0.42666666666666675
0,balanced_rf_missing,526,0,0.35300000000000004,0.42666666666666675
0,balanced_rf_missing,542,0,0.442,0.42666666666666675
0,balanced_rf_missing,544,0,0.3563333333333334,0.42666666666666675
0,balanced_rf_missing,556,0,0.332,0.42666666666666675
0,balanced_rf_missing,558,0,0.3620000000000001,0.42666666666666675
0,balanced_rf_missing,559,0,0.27566666666666667,0.42666666666666675
0,balanced_rf_missing,560,0,0.31866666666666665,0.42666666666666675
0,balanced_rf_missing,564,0,0.43600000000000005,0.42666666666666675
0,balanced_rf_missing,573,0,0.3740000000000001,0.42666666666666675
0,balanced_rf_missing,577,0,0.44386666666666663,0.42666666666666675
0,balanced_rf_missing,589,0,0.412,0.42666666666666675
0,balanced_rf_missing,592,0,0.34466666666666673,0.42666666666666675
0,balanced_rf_missing,598,0,0.26800000000000007,0.42666666666666675
0,balanced_rf_missing,601,1,0.44300000000000006,0.42666666666666675
0,balanced_rf_missing,617,0,0.36333333333333334,0.42666666666666675
0,balanced_rf_missing,625,0,0.36766666666666664,0.42666666666666675
0,balanced_rf_missing,632,0,0.35866666666666663,0.42666666666666675
0,balanced_rf_missing,641,0,0.4526666666666666,0.42666666666666675
0,balanced_rf_missing,663,0,0.26,0.42666666666666675
0,balanced_rf_missing,665,0,0.2966666666666667,0.42666666666666675
0,balanced_rf_missing,669,0,0.3380000000000001,0.42666666666666675
0,balanced_rf_missing,682,0,0.3413333333333333,0.42666666666666675
0,balanced_rf_missing,697,0,0.286,0.42666666666666675
0,balanced_rf_missing,702,0,0.3766666666666667,0.42666666666666675
0,balanced_rf_missing,710,0,0.3773333333333333,0.42666666666666675
0,balanced_rf_missing,711,0,0.2986666666666667,0.42666666666666675
0,balanced_rf_missing,717,0,0.31133333333333335,0.42666666666666675
0,balanced_rf_missing,722,0,0.2973333333333334,0.42666666666666675
0,balanced_rf_missing,728,0,0.32366666666666666,0.42666666666666675
0,balanced_rf_missing,731,0,0.31933333333333336,0.42666666666666675
0,balanced_rf_missing,733,0,0.30400000000000005,0.42666666666666675
0,balanced_rf_missing,735,0,0.3450000000000001,0.42666666666666675
0,balanced_rf_missing,739,0,0.3226666666666666,0.42666666666666675
0,balanced_rf_missing,740,0,0.31900000000000006,0.42666666666666675
0,balanced_rf_missing,743,0,0.338,0.42666666666666675
0,balanced_rf_missing,745,0,0.439,0.42666666666666675
0,balanced_rf_missing,756,0,0.2713333333333333,0.42666666666666675
0,balanced_rf_missing,761,0,0.41800000000000004,0.42666666666666675
0,balanced_rf_missing,764,0,0.37466666666666676,0.42666666666666675
0,balanced_rf_missing,771,0,0.26866666666666655,0.42666666666666675
0,balanced_rf_missing,773,0,0.3653333333333333,0.42666666666666675
0,balanced_rf_missing,774,0,0.37866666666666665,0.42666666666666675
0,balanced_rf_missing,780,0,0.35200000000000004,0.42666666666666675
0,balanced_rf_missing,781,0,0.37033333333333335,0.42666666666666675
0,balanced_rf_missing,783,0,0.2873333333333334,0.42666666666666675
0,balanced_rf_missing,790,0,0.31733333333333336,0.42666666666666675
0,balanced_rf_missing,803,0,0.385,0.42666666666666675
0,balanced_rf_missing,805,0,0.39566666666666667,0.42666666666666675
0,balanced_rf_missing,822,0,0.32333333333333325,0.42666666666666675
0,balanced_rf_missing,826,1,0.42133333333333334,0.42666666666666675
0,balanced_rf_missing,827,0,0.3433333333333333,0.42666666666666675
0,balanced_rf_missing,833,0,0.40800000000000003,0.42666666666666675
0,balanced_rf_missing,835,0,0.3643333333333334,0.42666666666666675
0,balanced_rf_missing,838,0,0.42,0.42666666666666675
0,balanced_rf_missing,842,0,0.34600000000000003,0.42666666666666675
0,balanced_rf_missing,858,0,0.39333333333333326,0.42666666666666675
0,balanced_rf_missing,861,0,0.3533333333333334,0.42666666666666675
0,balanced_rf_missing,864,0,0.3413333333333334,0.42666666666666675
0,balanced_rf_missing,867,0,0.298,0.42666666666666675
0,balanced_rf_missing,870,0,0.43299999999999994,0.42666666666666675
0,balanced_rf_missing,871,1,0.37166666666666665,0.42666666666666675
0,balanced_rf_missing,873,0,0.355,0.42666666666666675
0,balanced_rf_missing,879,0,0.42666666666666664,0.42666666666666675
0,balanced_rf_missing,883,0,0.36800000000000005,0.42666666666666675
0,balanced_rf_missing,886,0,0.36866666666666664,0.42666666666666675
0,balanced_rf_missing,891,0,0.4153333333333333,0.42666666666666675
0,balanced_rf_missing,892,0,0.39266666666666666,0.42666666666666675
0,balanced_rf_missing,895,0,0.3953333333333334,0.42666666666666675
0,balanced_rf_missing,896,0,0.3953333333333333,0.42666666666666675
0,balanced_rf_missing,918,0,0.29,0.42666666666666675
0,balanced_rf_missing,922,0,0.34866666666666674,0.42666666666666675
0,balanced_rf_missing,925,0,0.37066666666666664,0.42666666666666675
0,balanced_rf_missing,931,0,0.352,0.42666666666666675
0,balanced_rf_missing,935,0,0.294,0.42666666666666675
0,balanced_rf_missing,944,0,0.3246666666666666,0.42666666666666675
0,balanced_rf_missing,960,0,0.3403333333333333,0.42666666666666675
0,balanced_rf_missing,966,0,0.4156666666666667,0.42666666666666675
0,balanced_rf_missing,975,0,0.2686666666666666,0.42666666666666675
0,balanced_rf_missing,983,0,0.2966666666666667,0.42666666666666675
0,balanced_rf_missing,991,0,0.36199999999999993,0.42666666666666675
0,balanced_rf_missing,993,0,0.3276666666666666,0.42666666666666675
0,balanced_rf_missing,995,0,0.3426666666666666,0.42666666666666675
0,balanced_rf_missing,1000,0,0.24866666666666667,0.42666666666666675
0,balanced_rf_missing,1009,0,0.3353333333333333,0.42666666666666675
0,balanced_rf_missing,1010,0,0.36799999999999994,0.42666666666666675
0,balanced_rf_missing,1011,0,0.37400000000000005,0.42666666666666675
0,balanced_rf_missing,1012,0,0.4026666666666666,0.42666666666666675
0,balanced_rf_missing,1014,0,0.3733333333333333,0.42666666666666675
0,balanced_rf_missing,1015,0,0.366,0.42666666666666675
0,balanced_rf_missing,1019,0,0.36333333333333334,0.42666666666666675
0,balanced_rf_missing,1024,0,0.39,0.42666666666666675
0,balanced_rf_missing,1045,0,0.36500000000000005,0.42666666666666675
0,balanced_rf_missing,1050,0,0.3626666666666667,0.42666666666666675
0,balanced_rf_missing,1059,0,0.43533333333333335,0.42666666666666675
0,balanced_rf_missing,1065,0,0.474,0.42666666666666675
0,balanced_rf_missing,1069,0,0.35466666666666674,0.42666666666666675
0,balanced_rf_missing,1078,0,0.3393333333333334,0.42666666666666675
0,balanced_rf_missing,1083,0,0.28933333333333333,0.42666666666666675
0,balanced_rf_missing,1091,0,0.3716666666666667,0.42666666666666675
0,balanced_rf_missing,1108,0,0.31666666666666665,0.42666666666666675
0,balanced_rf_missing,1117,0,0.30666666666666664,0.42666666666666675
0,balanced_rf_missing,1124,0,0.5013333333333333,0.42666666666666675
0,balanced_rf_missing,1128,0,0.3313333333333333,0.42666666666666675
0,balanced_rf_missing,1131,0,0.4176666666666667,0.42666666666666675
0,balanced_rf_missing,1139,0,0.43133333333333335,0.42666666666666675
0,balanced_rf_missing,1143,0,0.2866666666666667,0.42666666666666675
0,balanced_rf_missing,1154,0,0.46033333333333337,0.42666666666666675
0,balanced_rf_missing,1160,0,0.4293333333333333,0.42666666666666675
0,balanced_rf_missing,1177,0,0.4166666666666667,0.42666666666666675
0,balanced_rf_missing,1178,0,0.398,0.42666666666666675
0,balanced_rf_missing,1179,0,0.36666666666666664,0.42666666666666675
0,balanced_rf_missing,1181,0,0.35266666666666674,0.42666666666666675
0,balanced_rf_missing,1192,0,0.4676666666666667,0.42666666666666675
0,balanced_rf_missing,1196,0,0.422,0.42666666666666675
0,balanced_rf_missing,1199,0,0.3446666666666666,0.42666666666666675
0,balanced_rf_missing,1202,0,0.37333333333333335,0.42666666666666675
0,balanced_rf_missing,1206,0,0.41333333333333333,0.42666666666666675
0,balanced_rf_missing,1207,0,0.36266666666666664,0.42666666666666675
0,balanced_rf_missing,1220,0,0.39533333333333337,0.42666666666666675
0,balanced_rf_missing,1228,0,0.48066666666666663,0.42666666666666675
0,balanced_rf_missing,1233,0,0.4313333333333333,0.42666666666666675
0,balanced_rf_missing,1252,0,0.5052,0.42666666666666675
0,balanced_rf_missing,1253,0,0.466,0.42666666666666675
0,balanced_rf_missing,1256,0,0.4166666666666667,0.42666666666666675
0,balanced_rf_missing,1269,0,0.3506666666666666,0.42666666666666675
0,balanced_rf_missing,1270,0,0.354,0.42666666666666675
0,balanced_rf_missing,1273,0,0.3703333333333333,0.42666666666666675
0,balanced_rf_missing,1286,0,0.3913333333333333,0.42666666666666675
0,balanced_rf_missing,1289,0,0.412,0.42666666666666675
0,balanced_rf_missing,1290,0,0.41966666666666663,0.42666666666666675
0,balanced_rf_missing,1301,0,0.44866666666666666,0.42666666666666675
0,balanced_rf_missing,1317,0,0.403,0.42666666666666675
0,balanced_rf_missing,1319,0,0.37366666666666665,0.42666666666666675
0,balanced_rf_missing,1320,0,0.474,0.42666666666666675
0,balanced_rf_missing,1346,0,0.43166666666666675,0.42666666666666675
0,balanced_rf_missing,1348,0,0.41333333333333333,0.42666666666666675
0,balanced_rf_missing,1349,0,0.3126666666666667,0.42666666666666675
0,balanced_rf_missing,1355,0,0.3513333333333334,0.42666666666666675
0,balanced_rf_missing,1376,0,0.4106666666666667,0.42666666666666675
0,balanced_rf_missing,1388,0,0.35000000000000003,0.42666666666666675
0,balanced_rf_missing,1389,0,0.3686666666666667,0.42666666666666675
0,balanced_rf_missing,1393,0,0.3273333333333333,0.42666666666666675
0,balanced_rf_missing,1395,0,0.352,0.42666666666666675
0,balanced_rf_missing,1400,1,0.5146666666666667,0.42666666666666675
0,balanced_rf_missing,1405,0,0.3726666666666667,0.42666666666666675
0,balanced_rf_missing,1415,0,0.4020000000000001,0.42666666666666675
0,balanced_rf_missing,1418,0,0.254,0.42666666666666675
0,balanced_rf_missing,1423,0,0.37333333333333335,0.42666666666666675
0,balanced_rf_missing,1430,0,0.308,0.42666666666666675
0,balanced_rf_missing,1440,0,0.4526666666666667,0.42666666666666675
0,balanced_rf_missing,1451,0,0.30466666666666664,0.42666666666666675
0,balanced_rf_missing,1481,0,0.37666666666666665,0.42666666666666675
0,balanced_rf_missing,1490,0,0.38653333333333334,0.42666666666666675
0,balanced_rf_missing,1492,0,0.34933333333333333,0.42666666666666675
0,balanced_rf_missing,1494,0,0.3073333333333333,0.42666666666666675
0,balanced_rf_missing,1503,0,0.31133333333333335,0.42666666666666675
0,balanced_rf_missing,1508,0,0.30466666666666664,0.42666666666666675
0,balanced_rf_missing,1513,0,0.31133333333333335,0.42666666666666675
0,balanced_rf_missing,1517,0,0.37866666666666665,0.42666666666666675
0,balanced_rf_missing,1521,0,0.3446666666666666,0.42666666666666675
0,balanced_rf_missing,1523,0,0.348,0.42666666666666675
0,balanced_rf_missing,1549,0,0.32966666666666666,0.42666666666666675
0,balanced_rf_missing,1551,0,0.2653333333333333,0.42666666666666675
0,balanced_rf_missing,1556,0,0.3576666666666667,0.42666666666666675
0,balanced_rf_missing_leaf5,8,0,0.5221920634920635,0.44288571428571455
0,balanced_rf_missing_leaf5,33,0,0.5373999999999999,0.44288571428571455
0,balanced_rf_missing_leaf5,35,0,0.4927841269841271,0.44288571428571455
0,balanced_rf_missing_leaf5,46,0,0.5124634920634922,0.44288571428571455
0,balanced_rf_missing_leaf5,47,0,0.6033888888888886,0.44288571428571455
0,balanced_rf_missing_leaf5,55,0,0.45965873015873043,0.44288571428571455
0,balanced_rf_missing_leaf5,59,0,0.4842111111111112,0.44288571428571455
0,balanced_rf_missing_leaf5,86,0,0.44426031746031747,0.44288571428571455
0,balanced_rf_missing_leaf5,87,0,0.4237031746031744,0.44288571428571455
0,balanced_rf_missing_leaf5,94,0,0.4803031746031746,0.44288571428571455
0,balanced_rf_missing_leaf5,103,0,0.34834126984126984,0.44288571428571455
0,balanced_rf_missing_leaf5,105,0,0.4202253968253969,0.44288571428571455
0,balanced_rf_missing_leaf5,128,0,0.41966190476190474,0.44288571428571455
0,balanced_rf_missing_leaf5,134,0,0.3905507936507937,0.44288571428571455
0,balanced_rf_missing_leaf5,157,1,0.38490634920634914,0.44288571428571455
0,balanced_rf_missing_leaf5,159,0,0.5051650793650793,0.44288571428571455
0,balanced_rf_missing_leaf5,163,0,0.47079206349206343,0.44288571428571455
0,balanced_rf_missing_leaf5,167,1,0.5395761904761904,0.44288571428571455
0,balanced_rf_missing_leaf5,180,1,0.4857666666666666,0.44288571428571455
0,balanced_rf_missing_leaf5,182,1,0.46854761904761927,0.44288571428571455
0,balanced_rf_missing_leaf5,185,0,0.43005396825396836,0.44288571428571455
0,balanced_rf_missing_leaf5,186,1,0.4879809523809524,0.44288571428571455
0,balanced_rf_missing_leaf5,212,0,0.5181968253968252,0.44288571428571455
0,balanced_rf_missing_leaf5,226,0,0.3347396825396825,0.44288571428571455
0,balanced_rf_missing_leaf5,236,1,0.5612047619047619,0.44288571428571455
0,balanced_rf_missing_leaf5,237,0,0.47634285714285707,0.44288571428571455
0,balanced_rf_missing_leaf5,241,1,0.5781730158730156,0.44288571428571455
0,balanced_rf_missing_leaf5,244,1,0.4630730158730159,0.44288571428571455
0,balanced_rf_missing_leaf5,247,0,0.4754269841269842,0.44288571428571455
0,balanced_rf_missing_leaf5,273,1,0.4168825396825395,0.44288571428571455
0,balanced_rf_missing_leaf5,275,0,0.5550999999999999,0.44288571428571455
0,balanced_rf_missing_leaf5,291,1,0.44454444444444446,0.44288571428571455
0,balanced_rf_missing_leaf5,293,0,0.43519682539682525,0.44288571428571455
0,balanced_rf_missing_leaf5,295,0,0.4729063492063493,0.44288571428571455
0,balanced_rf_missing_leaf5,299,0,0.3896492063492064,0.44288571428571455
0,balanced_rf_missing_leaf5,300,0,0.5538904761904762,0.44288571428571455
0,balanced_rf_missing_leaf5,303,0,0.4463904761904761,0.44288571428571455
0,balanced_rf_missing_leaf5,308,0,0.39274444444444434,0.44288571428571455
0,balanced_rf_missing_leaf5,315,0,0.40074285714285734,0.44288571428571455
0,balanced_rf_missing_leaf5,316,0,0.4287365079365081,0.44288571428571455
0,balanced_rf_missing_leaf5,322,0,0.5063047619047618,0.44288571428571455
0,balanced_rf_missing_leaf5,324,0,0.4825619047619047,0.44288571428571455
0,balanced_rf_missing_leaf5,330,0,0.4923904761904762,0.44288571428571455
0,balanced_rf_missing_leaf5,348,0,0.41680158730158734,0.44288571428571455
0,balanced_rf_missing_leaf5,350,0,0.4460714285714286,0.44288571428571455
0,balanced_rf_missing_leaf5,353,0,0.3122380952380953,0.44288571428571455
0,balanced_rf_missing_leaf5,356,0,0.4177650793650795,0.44288571428571455
0,balanced_rf_missing_leaf5,384,0,0.5268634920634923,0.44288571428571455
0,balanced_rf_missing_leaf5,391,0,0.44853650793650807,0.44288571428571455
0,balanced_rf_missing_leaf5,398,0,0.321552380952381,0.44288571428571455
0,balanced_rf_missing_leaf5,412,0,0.3921873015873016,0.44288571428571455
0,balanced_rf_missing_leaf5,419,0,0.3436190476190477,0.44288571428571455
0,balanced_rf_missing_leaf5,420,0,0.36576507936507957,0.44288571428571455
0,balanced_rf_missing_leaf5,427,0,0.4160714285714286,0.44288571428571455
0,balanced_rf_missing_leaf5,432,0,0.400804761904762,0.44288571428571455
0,balanced_rf_missing_leaf5,436,0,0.48609047619047624,0.44288571428571455
0,balanced_rf_missing_leaf5,443,0,0.38248253968253987,0.44288571428571455
0,balanced_rf_missing_leaf5,463,0,0.3800888888888891,0.44288571428571455
0,balanced_rf_missing_leaf5,471,0,0.44112222222222214,0.44288571428571455
0,balanced_rf_missing_leaf5,474,0,0.3599682539682542,0.44288571428571455
0,balanced_rf_missing_leaf5,475,0,0.3509031746031747,0.44288571428571455
0,balanced_rf_missing_leaf5,477,0,0.35442063492063525,0.44288571428571455
0,balanced_rf_missing_leaf5,478,0,0.3702952380952382,0.44288571428571455
0,balanced_rf_missing_leaf5,479,0,0.3418396825396828,0.44288571428571455
0,balanced_rf_missing_leaf5,489,0,0.3983873015873015,0.44288571428571455
0,balanced_rf_missing_leaf5,492,0,0.43979841269841286,0.44288571428571455
0,balanced_rf_missing_leaf5,495,1,0.37162698412698414,0.44288571428571455
0,balanced_rf_missing_leaf5,504,0,0.3244984126984129,0.44288571428571455
0,balanced_rf_missing_leaf5,505,0,0.49181111111111125,0.44288571428571455
0,balanced_rf_missing_leaf5,517,0,0.44002698412698454,0.44288571428571455
0,balanced_rf_missing_leaf5,521,0,0.41319682539682534,0.44288571428571455
0,balanced_rf_missing_leaf5,526,0,0.3861190476190478,0.44288571428571455
0,balanced_rf_missing_leaf5,542,0,0.5320984126984126,0.44288571428571455
0,balanced_rf_missing_leaf5,544,0,0.35402380952380963,0.44288571428571455
0,balanced_rf_missing_leaf5,556,0,0.37539047619047644,0.44288571428571455
0,balanced_rf_missing_leaf5,558,0,0.35582539682539677,0.44288571428571455
0,balanced_rf_missing_leaf5,559,0,0.30844126984127,0.44288571428571455
0,balanced_rf_missing_leaf5,560,0,0.38023015873015886,0.44288571428571455
0,balanced_rf_missing_leaf5,564,0,0.3998888888888889,0.44288571428571455
0,balanced_rf_missing_leaf5,573,0,0.38459682539682555,0.44288571428571455
0,balanced_rf_missing_leaf5,577,0,0.49708571428571446,0.44288571428571455
0,balanced_rf_missing_leaf5,589,0,0.4342857142857143,0.44288571428571455
0,balanced_rf_missing_leaf5,592,0,0.34884920634920646,0.44288571428571455
0,balanced_rf_missing_leaf5,598,0,0.34944444444444467,0.44288571428571455
0,balanced_rf_missing_leaf5,601,1,0.43527619047619054,0.44288571428571455
0,balanced_rf_missing_leaf5,617,0,0.35965238095238117,0.44288571428571455
0,balanced_rf_missing_leaf5,625,0,0.41764761904761905,0.44288571428571455
0,balanced_rf_missing_leaf5,632,0,0.4014698412698416,0.44288571428571455
0,balanced_rf_missing_leaf5,641,0,0.5141555555555558,0.44288571428571455
0,balanced_rf_missing_leaf5,663,0,0.27209999999999984,0.44288571428571455
0,balanced_rf_missing_leaf5,665,0,0.30342380952380954,0.44288571428571455
0,balanced_rf_missing_leaf5,669,0,0.3471539682539682,0.44288571428571455
0,balanced_rf_missing_leaf5,682,0,0.3456476190476193,0.44288571428571455
0,balanced_rf_missing_leaf5,697,0,0.3271126984126983,0.44288571428571455
0,balanced_rf_missing_leaf5,702,0,0.3944539682539684,0.44288571428571455
0,balanced_rf_missing_leaf5,710,0,0.4046539682539683,0.44288571428571455
0,balanced_rf_missing_leaf5,711,0,0.30760952380952394,0.44288571428571455
0,balanced_rf_missing_leaf5,717,0,0.33693492063492053,0.44288571428571455
0,balanced_rf_missing_leaf5,722,0,0.33598412698412694,0.44288571428571455
0,balanced_rf_missing_leaf5,728,0,0.36542380952380965,0.44288571428571455
0,balanced_rf_missing_leaf5,731,0,0.31696031746031744,0.44288571428571455
0,balanced_rf_missing_leaf5,733,0,0.37179206349206356,0.44288571428571455
0,balanced_rf_missing_leaf5,735,0,0.39174920634920635,0.44288571428571455
0,balanced_rf_missing_leaf5,739,0,0.3071301587301589,0.44288571428571455
0,balanced_rf_missing_leaf5,740,0,0.3543063492063493,0.44288571428571455
0,balanced_rf_missing_leaf5,743,0,0.3472571428571428,0.44288571428571455
0,balanced_rf_missing_leaf5,745,0,0.43772380952380985,0.44288571428571455
0,balanced_rf_missing_leaf5,756,0,0.3136650793650794,0.44288571428571455
0,balanced_rf_missing_leaf5,761,0,0.43381111111111137,0.44288571428571455
0,balanced_rf_missing_leaf5,764,0,0.39357619047619047,0.44288571428571455
0,balanced_rf_missing_leaf5,771,0,0.27216984126984134,0.44288571428571455
0,balanced_rf_missing_leaf5,773,0,0.4175063492063491,0.44288571428571455
0,balanced_rf_missing_leaf5,774,0,0.4124825396825399,0.44288571428571455
0,balanced_rf_missing_leaf5,780,0,0.36093015873015877,0.44288571428571455
0,balanced_rf_missing_leaf5,781,0,0.36058095238095234,0.44288571428571455
0,balanced_rf_missing_leaf5,783,0,0.34032857142857137,0.44288571428571455
0,balanced_rf_missing_leaf5,790,0,0.3788095238095237,0.44288571428571455
0,balanced_rf_missing_leaf5,803,0,0.3742523809523812,0.44288571428571455
0,balanced_rf_missing_leaf5,805,0,0.3654634920634922,0.44288571428571455
0,balanced_rf_missing_leaf5,822,0,0.3080873015873017,0.44288571428571455
0,balanced_rf_missing_leaf5,826,1,0.4479396825396825,0.44288571428571455
0,balanced_rf_missing_leaf5,827,0,0.4222682539682541,0.44288571428571455
0,balanced_rf_missing_leaf5,833,0,0.4627730158730158,0.44288571428571455
0,balanced_rf_missing_leaf5,835,0,0.38680317460317465,0.44288571428571455
0,balanced_rf_missing_leaf5,838,0,0.4376555555555557,0.44288571428571455
0,balanced_rf_missing_leaf5,842,0,0.3794285714285715,0.44288571428571455
0,balanced_rf_missing_leaf5,858,0,0.3933825396825398,0.44288571428571455
0,balanced_rf_missing_leaf5,861,0,0.3256936507936509,0.44288571428571455
0,balanced_rf_missing_leaf5,864,0,0.3522873015873016,0.44288571428571455
0,balanced_rf_missing_leaf5,867,0,0.3548968253968254,0.44288571428571455
0,balanced_rf_missing_leaf5,870,0,0.4196888888888891,0.44288571428571455
0,balanced_rf_missing_leaf5,871,1,0.40151111111111115,0.44288571428571455
0,balanced_rf_missing_leaf5,873,0,0.3793333333333334,0.44288571428571455
0,balanced_rf_missing_leaf5,879,0,0.4171777777777779,0.44288571428571455
0,balanced_rf_missing_leaf5,883,0,0.424525396825397,0.44288571428571455
0,balanced_rf_missing_leaf5,886,0,0.401688888888889,0.44288571428571455
0,balanced_rf_missing_leaf5,891,0,0.4372873015873017,0.44288571428571455
0,balanced_rf_missing_leaf5,892,0,0.3981936507936508,0.44288571428571455
0,balanced_rf_missing_leaf5,895,0,0.3899841269841271,0.44288571428571455
0,balanced_rf_missing_leaf5,896,0,0.406368253968254,0.44288571428571455
0,balanced_rf_missing_leaf5,918,0,0.3175317460317462,0.44288571428571455
0,balanced_rf_missing_leaf5,922,0,0.3391301587301589,0.44288571428571455
0,balanced_rf_missing_leaf5,925,0,0.3700714285714286,0.44288571428571455
0,balanced_rf_missing_leaf5,931,0,0.4229984126984128,0.44288571428571455
0,balanced_rf_missing_leaf5,935,0,0.29233333333333333,0.44288571428571455
0,balanced_rf_missing_leaf5,944,0,0.3676777777777778,0.44288571428571455
0,balanced_rf_missing_leaf5,960,0,0.31337142857142886,0.44288571428571455
0,balanced_rf_missing_leaf5,966,0,0.39453650793650796,0.44288571428571455
0,balanced_rf_missing_leaf5,975,0,0.23349047619047608,0.44288571428571455
0,balanced_rf_missing_leaf5,983,0,0.26395396825396833,0.44288571428571455
0,balanced_rf_missing_leaf5,991,0,0.36978571428571433,0.44288571428571455
0,balanced_rf_missing_leaf5,993,0,0.3822428571428573,0.44288571428571455
0,balanced_rf_missing_leaf5,995,0,0.37155873015873003,0.44288571428571455
0,balanced_rf_missing_leaf5,1000,0,0.2957365079365081,0.44288571428571455
0,balanced_rf_missing_leaf5,1009,0,0.3178269841269842,0.44288571428571455
0,balanced_rf_missing_leaf5,1010,0,0.43840793650793625,0.44288571428571455
0,balanced_rf_missing_leaf5,1011,0,0.3738349206349207,0.44288571428571455
0,balanced_rf_missing_leaf5,1012,0,0.3957492063492066,0.44288571428571455
0,balanced_rf_missing_leaf5,1014,0,0.3610682539682539,0.44288571428571455
0,balanced_rf_missing_leaf5,1015,0,0.3603412698412699,0.44288571428571455
0,balanced_rf_missing_leaf5,1019,0,0.37722698412698447,0.44288571428571455
0,balanced_rf_missing_leaf5,1024,0,0.4749063492063493,0.44288571428571455
0,balanced_rf_missing_leaf5,1045,0,0.35887619047619057,0.44288571428571455
0,balanced_rf_missing_leaf5,1050,0,0.4275031746031746,0.44288571428571455
0,balanced_rf_missing_leaf5,1059,0,0.4407984126984128,0.44288571428571455
0,balanced_rf_missing_leaf5,1065,0,0.517431746031746,0.44288571428571455
0,balanced_rf_missing_leaf5,1069,0,0.3633936507936508,0.44288571428571455
0,balanced_rf_missing_leaf5,1078,0,0.298257142857143,0.44288571428571455
0,balanced_rf_missing_leaf5,1083,0,0.34388095238095245,0.44288571428571455
0,balanced_rf_missing_leaf5,1091,0,0.40625238095238086,0.44288571428571455
0,balanced_rf_missing_leaf5,1108,0,0.3607761904761906,0.44288571428571455
0,balanced_rf_missing_leaf5,1117,0,0.3353698412698413,0.44288571428571455
0,balanced_rf_missing_leaf5,1124,0,0.5367825396825397,0.44288571428571455
0,balanced_rf_missing_leaf5,1128,0,0.31597142857142874,0.44288571428571455
0,balanced_rf_missing_leaf5,1131,0,0.44971111111111106,0.44288571428571455
0,balanced_rf_missing_leaf5,1139,0,0.43911428571428585,0.44288571428571455
0,balanced_rf_missing_leaf5,1143,0,0.3538476190476193,0.44288571428571455
0,balanced_rf_missing_leaf5,1154,0,0.47723650793650785,0.44288571428571455
0,balanced_rf_missing_leaf5,1160,0,0.41349841269841275,0.44288571428571455
0,balanced_rf_missing_leaf5,1177,0,0.39292857142857135,0.44288571428571455
0,balanced_rf_missing_leaf5,1178,0,0.3956349206349206,0.44288571428571455
0,balanced_rf_missing_leaf5,1179,0,0.39303333333333335,0.44288571428571455
0,balanced_rf_missing_leaf5,1181,0,0.3711888888888889,0.44288571428571455
0,balanced_rf_missing_leaf5,1192,0,0.4542555555555556,0.44288571428571455
0,balanced_rf_missing_leaf5,1196,0,0.47110317460317436,0.44288571428571455
0,balanced_rf_missing_leaf5,1199,0,0.338384126984127,0.44288571428571455
0,balanced_rf_missing_leaf5,1202,0,0.3857031746031747,0.44288571428571455
0,balanced_rf_missing_leaf5,1206,0,0.39451587301587293,0.44288571428571455
0,balanced_rf_missing_leaf5,1207,0,0.38509999999999994,0.44288571428571455
0,balanced_rf_missing_leaf5,1220,0,0.3982285714285714,0.44288571428571455
0,balanced_rf_missing_leaf5,1228,0,0.5158031746031746,0.44288571428571455
0,balanced_rf_missing_leaf5,1233,0,0.5074285714285717,0.44288571428571455
0,balanced_rf_missing_leaf5,1252,0,0.5179031746031746,0.44288571428571455
0,balanced_rf_missing_leaf5,1253,0,0.49271269841269855,0.44288571428571455
0,balanced_rf_missing_leaf5,1256,0,0.449952380952381,0.44288571428571455
0,balanced_rf_missing_leaf5,1269,0,0.3483634920634921,0.44288571428571455
0,balanced_rf_missing_leaf5,1270,0,0.38177619047619044,0.44288571428571455
0,balanced_rf_missing_leaf5,1273,0,0.376479365079365,0.44288571428571455
0,balanced_rf_missing_leaf5,1286,0,0.39791269841269844,0.44288571428571455
0,balanced_rf_missing_leaf5,1289,0,0.4010746031746034,0.44288571428571455
0,balanced_rf_missing_leaf5,1290,0,0.41718888888888883,0.44288571428571455
0,balanced_rf_missing_leaf5,1301,0,0.47610317460317453,0.44288571428571455
0,balanced_rf_missing_leaf5,1317,0,0.441752380952381,0.44288571428571455
0,balanced_rf_missing_leaf5,1319,0,0.4088619047619048,0.44288571428571455
0,balanced_rf_missing_leaf5,1320,0,0.45144603174603176,0.44288571428571455
0,balanced_rf_missing_leaf5,1346,0,0.43680000000000013,0.44288571428571455
0,balanced_rf_missing_leaf5,1348,0,0.41850952380952383,0.44288571428571455
0,balanced_rf_missing_leaf5,1349,0,0.33157936507936525,0.44288571428571455
0,balanced_rf_missing_leaf5,1355,0,0.34602539682539685,0.44288571428571455
0,balanced_rf_missing_leaf5,1376,0,0.4050285714285715,0.44288571428571455
0,balanced_rf_missing_leaf5,1388,0,0.3357603174603176,0.44288571428571455
0,balanced_rf_missing_leaf5,1389,0,0.3875174603174603,0.44288571428571455
0,balanced_rf_missing_leaf5,1393,0,0.3224460317460319,0.44288571428571455
0,balanced_rf_missing_leaf5,1395,0,0.43511111111111106,0.44288571428571455
0,balanced_rf_missing_leaf5,1400,1,0.5309444444444446,0.44288571428571455
0,balanced_rf_missing_leaf5,1405,0,0.350736507936508,0.44288571428571455
0,balanced_rf_missing_leaf5,1415,0,0.42956031746031764,0.44288571428571455
0,balanced_rf_missing_leaf5,1418,0,0.27547619047619054,0.44288571428571455
0,balanced_rf_missing_leaf5,1423,0,0.4431507936507937,0.44288571428571455
0,balanced_rf_missing_leaf5,1430,0,0.3055428571428572,0.44288571428571455
0,balanced_rf_missing_leaf5,1440,0,0.46454761904761904,0.44288571428571455
0,balanced_rf_missing_leaf5,1451,0,0.33208571428571443,0.44288571428571455
0,balanced_rf_missing_leaf5,1481,0,0.3797984126984129,0.44288571428571455
0,balanced_rf_missing_leaf5,1490,0,0.3782714285714287,0.44288571428571455
0,balanced_rf_missing_leaf5,1492,0,0.38479523809523797,0.44288571428571455
0,balanced_rf_missing_leaf5,1494,0,0.3118079365079365,0.44288571428571455
0,balanced_rf_missing_leaf5,1503,0,0.3800126984126984,0.44288571428571455
0,balanced_rf_missing_leaf5,1508,0,0.29090634920634934,0.44288571428571455
0,balanced_rf_missing_leaf5,1513,0,0.32941269841269843,0.44288571428571455
0,balanced_rf_missing_leaf5,1517,0,0.39982063492063497,0.44288571428571455
0,balanced_rf_missing_leaf5,1521,0,0.322084126984127,0.44288571428571455
0,balanced_rf_missing_leaf5,1523,0,0.36695238095238114,0.44288571428571455
0,balanced_rf_missing_leaf5,1549,0,0.3563460317460318,0.44288571428571455
0,balanced_rf_missing_leaf5,1551,0,0.29020634920634925,0.44288571428571455
0,balanced_rf_missing_leaf5,1556,0,0.3701888888888889,0.44288571428571455
1,rf_weighted_baseline,0,0,0.13195420138513994,0.09414537965879173
1,rf_weighted_baseline,4,0,0.08687814357099165,0.09414537965879173
1,rf_weighted_baseline,12,0,0.07858042175779592,0.09414537965879173
1,rf_weighted_baseline,15,0,0.2310074227615059,0.09414537965879173
1,rf_weighted_baseline,38,1,0.14790523963218863,0.09414537965879173
1,rf_weighted_baseline,45,1,0.1142155746372827,0.09414537965879173
1,rf_weighted_baseline,49,1,0.112420389359957,0.09414537965879173
1,rf_weighted_baseline,53,0,0.08736052792259641,0.09414537965879173
1,rf_weighted_baseline,67,0,0.1409370823289493,0.09414537965879173
1,rf_weighted_baseline,69,0,0.06933730069444997,0.09414537965879173
1,rf_weighted_baseline,80,0,0.10469376749877427,0.09414537965879173
1,rf_weighted_baseline,81,0,0.11623145890363576,0.09414537965879173
1,rf_weighted_baseline,83,0,0.06884920172664119,0.09414537965879173
1,rf_weighted_baseline,85,0,0.07275457606504214,0.09414537965879173
1,rf_weighted_baseline,91,0,0.10298465292139401,0.09414537965879173
1,rf_weighted_baseline,95,0,0.12203056598088137,0.09414537965879173
1,rf_weighted_baseline,97,0,0.07060920764770838,0.09414537965879173
1,rf_weighted_baseline,98,0,0.061531718252251545,0.09414537965879173
1,rf_weighted_baseline,100,0,0.03342611714439034,0.09414537965879173
1,rf_weighted_baseline,101,0,0.050434639790966775,0.09414537965879173
1,rf_weighted_baseline,113,0,0.09757231536981346,0.09414537965879173
1,rf_weighted_baseline,114,0,0.061009603461072814,0.09414537965879173
1,rf_weighted_baseline,115,1,0.1088200754346058,0.09414537965879173
1,rf_weighted_baseline,119,0,0.06948096378927313,0.09414537965879173
1,rf_weighted_baseline,122,0,0.0663789067385629,0.09414537965879173
1,rf_weighted_baseline,124,0,0.10235053564541094,0.09414537965879173
1,rf_weighted_baseline,125,0,0.13380752167993962,0.09414537965879173
1,rf_weighted_baseline,126,0,0.08550285286186765,0.09414537965879173
1,rf_weighted_baseline,129,0,0.10559151775524232,0.09414537965879173
1,rf_weighted_baseline,132,0,0.14123566418694658,0.09414537965879173
1,rf_weighted_baseline,137,0,0.08608936170212765,0.09414537965879173
1,rf_weighted_baseline,142,0,0.05871843411591668,0.09414537965879173
1,rf_weighted_baseline,144,0,0.21601288573762784,0.09414537965879173
1,rf_weighted_baseline,147,0,0.059104124650761376,0.09414537965879173
1,rf_weighted_baseline,151,0,0.1023909837913391,0.09414537965879173
1,rf_weighted_baseline,161,0,0.22880202531046662,0.09414537965879173
1,rf_weighted_baseline,166,0,0.09006273075512623,0.09414537965879173
1,rf_weighted_baseline,169,1,0.20428893777662077,0.09414537965879173
1,rf_weighted_baseline,191,0,0.13188403238927265,0.09414537965879173
1,rf_weighted_baseline,198,0,0.06865500208729045,0.09414537965879173
1,rf_weighted_baseline,207,0,0.14806665892056803,0.09414537965879173
1,rf_weighted_baseline,217,0,0.06683200689791083,0.09414537965879173
1,rf_weighted_baseline,218,1,0.1376923642854056,0.09414537965879173
1,rf_weighted_baseline,221,0,0.10302986305264654,0.09414537965879173
1,rf_weighted_baseline,222,1,0.08580750779541786,0.09414537965879173
1,rf_weighted_baseline,235,1,0.14387521191917998,0.09414537965879173
1,rf_weighted_baseline,249,0,0.034141704735280144,0.09414537965879173
1,rf_weighted_baseline,252,0,0.06636891343186617,0.09414537965879173
1,rf_weighted_baseline,263,0,0.06975127912140418,0.09414537965879173
1,rf_weighted_baseline,265,0,0.05100851063829787,0.09414537965879173
1,rf_weighted_baseline,278,0,0.10953081947505335,0.09414537965879173
1,rf_weighted_baseline,279,0,0.08595321970726175,0.09414537965879173
1,rf_weighted_baseline,281,0,0.07862087192618133,0.09414537965879173
1,rf_weighted_baseline,282,1,0.10553949339432413,0.09414537965879173
1,rf_weighted_baseline,294,1,0.10414695073486796,0.09414537965879173
1,rf_weighted_baseline,317,0,0.08674274130417002,0.09414537965879173
1,rf_weighted_baseline,321,1,0.08343207161452748,0.09414537965879173
1,rf_weighted_baseline,323,1,0.07521817355599916,0.09414537965879173
1,rf_weighted_baseline,333,0,0.08114748484354525,0.09414537965879173
1,rf_weighted_baseline,341,0,0.042993411118737127,0.09414537965879173
1,rf_weighted_baseline,370,0,0.06611180732145587,0.09414537965879173
1,rf_weighted_baseline,374,0,0.046767655800349105,0.09414537965879173
1,rf_weighted_baseline,375,0,0.10396116084246694,0.09414537965879173
1,rf_weighted_baseline,376,0,0.05405881675467471,0.09414537965879173
1,rf_weighted_baseline,381,0,0.06226402310708768,0.09414537965879173
1,rf_weighted_baseline,407,0,0.06264255319148936,0.09414537965879173
1,rf_weighted_baseline,408,0,0.07695492065106709,0.09414537965879173
1,rf_weighted_baseline,410,0,0.06720851063829787,0.09414537965879173
1,rf_weighted_baseline,413,0,0.01874886389263996,0.09414537965879173
1,rf_weighted_baseline,414,0,0.08669787234042553,0.09414537965879173
1,rf_weighted_baseline,417,0,0.09730238254867388,0.09414537965879173
1,rf_weighted_baseline,426,0,0.029755899546369268,0.09414537965879173
1,rf_weighted_baseline,428,0,0.031485106382978724,0.09414537965879173
1,rf_weighted_baseline,429,0,0.06339315559988404,0.09414537965879173
1,rf_weighted_baseline,433,0,0.08160576308877024,0.09414537965879173
1,rf_weighted_baseline,437,0,0.09737701212175119,0.09414537965879173
1,rf_weighted_baseline,438,0,0.05488936170212766,0.09414537965879173
1,rf_weighted_baseline,470,0,0.1161564269399017,0.09414537965879173
1,rf_weighted_baseline,481,0,0.07718352405358518,0.09414537965879173
1,rf_weighted_baseline,486,0,0.05122857894882021,0.09414537965879173
1,rf_weighted_baseline,493,0,0.06291489361702128,0.09414537965879173
1,rf_weighted_baseline,506,0,0.10139130770897341,0.09414537965879173
1,rf_weighted_baseline,519,0,0.0779994690261323,0.09414537965879173
1,rf_weighted_baseline,522,0,0.08197252606939133,0.09414537965879173
1,rf_weighted_baseline,532,0,0.07091368104758702,0.09414537965879173
1,rf_weighted_baseline,538,0,0.15848831118194728,0.09414537965879173
1,rf_weighted_baseline,552,0,0.07793794793783863,0.09414537965879173
1,rf_weighted_baseline,565,0,0.08542134554178953,0.09414537965879173
1,rf_weighted_baseline,566,0,0.03922091173288645,0.09414537965879173
1,rf_weighted_baseline,567,0,0.08303624490492754,0.09414537965879173
1,rf_weighted_baseline,574,0,0.0691876218065487,0.09414537965879173
1,rf_weighted_baseline,583,1,0.07658677398658133,0.09414537965879173
1,rf_weighted_baseline,590,0,0.08210068102026138,0.09414537965879173
1,rf_weighted_baseline,591,0,0.053933696959850536,0.09414537965879173
1,rf_weighted_baseline,595,0,0.07630085695577042,0.09414537965879173
1,rf_weighted_baseline,612,0,0.08434909612305722,0.09414537965879173
1,rf_weighted_baseline,618,0,0.1012945774142335,0.09414537965879173
1,rf_weighted_baseline,633,0,0.04613952775196963,0.09414537965879173
1,rf_weighted_baseline,642,0,0.09317252749022309,0.09414537965879173
1,rf_weighted_baseline,647,0,0.06155918501750157,0.09414537965879173
1,rf_weighted_baseline,650,0,0.04612395172420182,0.09414537965879173
1,rf_weighted_baseline,654,0,0.038961824605369615,0.09414537965879173
1,rf_weighted_baseline,659,0,0.03922127659574468,0.09414537965879173
1,rf_weighted_baseline,683,0,0.07762123525437553,0.09414537965879173
1,rf_weighted_baseline,684,0,0.0617890478925599,0.09414537965879173
1,rf_weighted_baseline,685,0,0.06554056257307747,0.09414537965879173
1,rf_weighted_baseline,694,0,0.05425391320648607,0.09414537965879173
1,rf_weighted_baseline,700,0,0.04632973598147599,0.09414537965879173
1,rf_weighted_baseline,721,0,0.05092840256670044,0.09414537965879173
1,rf_weighted_baseline,737,0,0.04619861138523752,0.09414537965879173
1,rf_weighted_baseline,741,0,0.04942562069771218,0.09414537965879173
1,rf_weighted_baseline,777,0,0.05492840256670044,0.09414537965879173
1,rf_weighted_baseline,782,0,0.05471397611326426,0.09414537965879173
1,rf_weighted_baseline,787,0,0.08601169702833296,0.09414537965879173
1,rf_weighted_baseline,788,0,0.03887698292899795,0.09414537965879173
1,rf_weighted_baseline,800,0,0.06551482522487831,0.09414537965879173
1,rf_weighted_baseline,804,0,0.02728515314472761,0.09414537965879173
1,rf_weighted_baseline,806,0,0.07034983074326169,0.09414537965879173
1,rf_weighted_baseline,807,0,0.011548936170212767,0.09414537965879173
1,rf_weighted_baseline,810,0,0.10465884298104082,0.09414537965879173
1,rf_weighted_baseline,819,0,0.07888229850216286,0.09414537965879173
1,rf_weighted_baseline,829,0,0.06819690604992831,0.09414537965879173
1,rf_weighted_baseline,839,0,0.05816986126441925,0.09414537965879173
1,rf_weighted_baseline,860,0,0.026753869627871494,0.09414537965879173
1,rf_weighted_baseline,863,0,0.06622530014369814,0.09414537965879173
1,rf_weighted_baseline,869,0,0.03898278208203877,0.09414537965879173
1,rf_weighted_baseline,881,0,0.06198278208203877,0.09414537965879173
1,rf_weighted_baseline,888,0,0.06139776056327507,0.09414537965879173
1,rf_weighted_baseline,890,0,0.06570284667646371,0.09414537965879173
1,rf_weighted_baseline,901,0,0.018721464708425343,0.09414537965879173
1,rf_weighted_baseline,904,0,0.10883314194129388,0.09414537965879173
1,rf_weighted_baseline,906,0,0.058302256644350535,0.09414537965879173
1,rf_weighted_baseline,908,0,0.02,0.09414537965879173
1,rf_weighted_baseline,910,0,0.06964907344641004,0.09414537965879173
1,rf_weighted_baseline,915,0,0.02728119320004277,0.09414537965879173
1,rf_weighted_baseline,916,0,0.026803221325751275,0.09414537965879173
1,rf_weighted_baseline,919,0,0.045343971936509096,0.09414537965879173
1,rf_weighted_baseline,926,1,0.12544467615871657,0.09414537965879173
1,rf_weighted_baseline,927,0,0.026653857807873892,0.09414537965879173
1,rf_weighted_baseline,940,0,0.08376207439204751,0.09414537965879173
1,rf_weighted_baseline,941,0,0.046745795730598165,0.09414537965879173
1,rf_weighted_baseline,957,0,0.07797242897976488,0.09414537965879173
1,rf_weighted_baseline,964,0,0.030796536192827392,0.09414537965879173
1,rf_weighted_baseline,974,0,0.05151489361702128,0.09414537965879173
1,rf_weighted_baseline,986,0,0.05723425165981535,0.09414537965879173
1,rf_weighted_baseline,987,0,0.07294039355596796,0.09414537965879173
1,rf_weighted_baseline,998,0,0.04726042553191489,0.09414537965879173
1,rf_weighted_baseline,999,0,0.055002123712154107,0.09414537965879173
1,rf_weighted_baseline,1001,0,0.04622568770138371,0.09414537965879173
1,rf_weighted_baseline,1021,0,0.055719148936170214,0.09414537965879173
1,rf_weighted_baseline,1040,0,0.051169969337359275,0.09414537965879173
1,rf_weighted_baseline,1042,0,0.05847206892725864,0.09414537965879173
1,rf_weighted_baseline,1043,0,0.062346416234382133,0.09414537965879173
1,rf_weighted_baseline,1044,0,0.04919362630621974,0.09414537965879173
1,rf_weighted_baseline,1047,0,0.03541276595744681,0.09414537965879173
1,rf_weighted_baseline,1051,0,0.04991635122748713,0.09414537965879173
1,rf_weighted_baseline,1054,0,0.04,0.09414537965879173
1,rf_weighted_baseline,1060,0,0.057488721263417926,0.09414537965879173
1,rf_weighted_baseline,1063,0,0.08947915368884872,0.09414537965879173
1,rf_weighted_baseline,1066,0,0.08300389045629071,0.09414537965879173
1,rf_weighted_baseline,1068,0,0.07001729965235047,0.09414537965879173
1,rf_weighted_baseline,1072,0,0.026218679662495893,0.09414537965879173
1,rf_weighted_baseline,1085,0,0.06202710671804323,0.09414537965879173
1,rf_weighted_baseline,1086,0,0.042838640008553405,0.09414537965879173
1,rf_weighted_baseline,1093,0,0.06567171708359387,0.09414537965879173
1,rf_weighted_baseline,1104,0,0.0692698044103916,0.09414537965879173
1,rf_weighted_baseline,1120,0,0.019915134370579915,0.09414537965879173
1,rf_weighted_baseline,1141,0,0.13476390941875388,0.09414537965879173
1,rf_weighted_baseline,1147,0,0.0781491510853213,0.09414537965879173
1,rf_weighted_baseline,1159,0,0.04308738442829951,0.09414537965879173
1,rf_weighted_baseline,1161,0,0.12952951943149946,0.09414537965879173
1,rf_weighted_baseline,1163,0,0.031195744680851067,0.09414537965879173
1,rf_weighted_baseline,1167,0,0.047264083074869706,0.09414537965879173
1,rf_weighted_baseline,1174,0,0.09755580286141768,0.09414537965879173
1,rf_weighted_baseline,1183,0,0.09150602945562637,0.09414537965879173
1,rf_weighted_baseline,1185,1,0.03404428657888782,0.09414537965879173
1,rf_weighted_baseline,1186,0,0.08869598960146584,0.09414537965879173
1,rf_weighted_baseline,1190,0,0.10916118579954681,0.09414537965879173
1,rf_weighted_baseline,1194,0,0.02267131202645493,0.09414537965879173
1,rf_weighted_baseline,1203,0,0.10455268909788959,0.09414537965879173
1,rf_weighted_baseline,1217,0,0.14084513366036067,0.09414537965879173
1,rf_weighted_baseline,1221,0,0.10605466396061132,0.09414537965879173
1,rf_weighted_baseline,1223,0,0.2138236484790413,0.09414537965879173
1,rf_weighted_baseline,1230,0,0.13407494837774073,0.09414537965879173
1,rf_weighted_baseline,1247,0,0.05737231626924611,0.09414537965879173
1,rf_weighted_baseline,1248,0,0.0794475539002179,0.09414537965879173
1,rf_weighted_baseline,1251,0,0.07379043727867146,0.09414537965879173
1,rf_weighted_baseline,1257,0,0.06878422374870774,0.09414537965879173
1,rf_weighted_baseline,1262,0,0.07731881056344422,0.09414537965879173
1,rf_weighted_baseline,1267,0,0.13302962402781446,0.09414537965879173
1,rf_weighted_baseline,1278,0,0.07775800385983214,0.09414537965879173
1,rf_weighted_baseline,1279,0,0.15334087952671632,0.09414537965879173
1,rf_weighted_baseline,1287,0,0.04346808510638298,0.09414537965879173
1,rf_weighted_baseline,1296,0,0.07816604217101165,0.09414537965879173
1,rf_weighted_baseline,1306,0,0.09379608681706406,0.09414537965879173
1,rf_weighted_baseline,1322,0,0.05324347498374791,0.09414537965879173
1,rf_weighted_baseline,1323,0,0.050502007204195266,0.09414537965879173
1,rf_weighted_baseline,1326,0,0.1915619770730504,0.09414537965879173
1,rf_weighted_baseline,1339,0,0.04881781187519986,0.09414537965879173
1,rf_weighted_baseline,1347,0,0.03043136203719216,0.09414537965879173
1,rf_weighted_baseline,1356,0,0.05898236508891799,0.09414537965879173
1,rf_weighted_baseline,1362,0,0.05168510638297873,0.09414537965879173
1,rf_weighted_baseline,1368,0,0.04341563004450955,0.09414537965879173
1,rf_weighted_baseline,1369,0,0.10481651783861033,0.09414537965879173
1,rf_weighted_baseline,1373,0,0.027736170212765955,0.09414537965879173
1,rf_weighted_baseline,1378,0,0.03889535302212343,0.09414537965879173
1,rf_weighted_baseline,1381,0,0.04348085106382979,0.09414537965879173
1,rf_weighted_baseline,1384,0,0.038222817399178405,0.09414537965879173
1,rf_weighted_baseline,1402,0,0.07843486095562477,0.09414537965879173
1,rf_weighted_baseline,1406,0,0.06997074663176281,0.09414537965879173
1,rf_weighted_baseline,1409,0,0.04108691817093964,0.09414537965879173
1,rf_weighted_baseline,1414,0,0.027676595744680853,0.09414537965879173
1,rf_weighted_baseline,1416,0,0.026685106382978722,0.09414537965879173
1,rf_weighted_baseline,1420,0,0.08130921069559703,0.09414537965879173
1,rf_weighted_baseline,1426,0,0.034720593988263944,0.09414537965879173
1,rf_weighted_baseline,1429,0,0.057620067941396,0.09414537965879173
1,rf_weighted_baseline,1445,0,0.06513431539195574,0.09414537965879173
1,rf_weighted_baseline,1462,0,0.042711879922341,0.09414537965879173
1,rf_weighted_baseline,1464,0,0.05128995787807232,0.09414537965879173
1,rf_weighted_baseline,1471,0,0.03475744680851064,0.09414537965879173
1,rf_weighted_baseline,1473,0,0.047068238239587765,0.09414537965879173
1,rf_weighted_baseline,1500,0,0.058899447143575145,0.09414537965879173
1,rf_weighted_baseline,1501,0,0.03956315084942293,0.09414537965879173
1,rf_weighted_baseline,1502,0,0.019255187101995613,0.09414537965879173
1,rf_weighted_baseline,1504,0,0.03921095521772627,0.09414537965879173
1,rf_weighted_baseline,1505,0,0.05318808731899594,0.09414537965879173
1,rf_weighted_baseline,1520,0,0.09560455915957408,0.09414537965879173
1,rf_weighted_baseline,1545,0,0.03508360173974375,0.09414537965879173
1,rf_weighted_baseline,1548,0,0.03868510638297872,0.09414537965879173
1,rf_weighted_baseline,1554,0,0.03813551805024646,0.09414537965879173
1,rf_weighted_baseline,1555,0,0.05787821530644649,0.09414537965879173
1,rf_weighted_baseline,1559,0,0.03853852801902798,0.09414537965879173
1,rf_weighted_baseline,1560,0,0.022393177435039567,0.09414537965879173
1,rf_weighted_baseline,1562,0,0.04663145164487707,0.09414537965879173
1,rf_weighted_baseline,1566,0,0.06386358635863586,0.09414537965879173
1,rf_missing,0,0,0.10513654716864317,0.0974857869905633
1,rf_missing,4,0,0.11962230971082712,0.0974857869905633
1,rf_missing,12,0,0.10621276989743063,0.0974857869905633
1,rf_missing,15,0,0.18455843975111313,0.0974857869905633
1,rf_missing,38,1,0.12375918005276579,0.0974857869905633
1,rf_missing,45,1,0.13935800929436085,0.0974857869905633
1,rf_missing,49,1,0.10911558945196857,0.0974857869905633
1,rf_missing,53,0,0.04337956787898102,0.0974857869905633
1,rf_missing,67,0,0.15811116136168357,0.0974857869905633
1,rf_missing,69,0,0.0717201600193963,0.0974857869905633
1,rf_missing,80,0,0.0744316967633659,0.0974857869905633
1,rf_missing,81,0,0.12909107591098604,0.0974857869905633
1,rf_missing,83,0,0.0972443253863344,0.0974857869905633
1,rf_missing,85,0,0.03519234042553191,0.0974857869905633
1,rf_missing,91,0,0.14551217079161435,0.0974857869905633
1,rf_missing,95,0,0.12300562364467396,0.0974857869905633
1,rf_missing,97,0,0.05047860422625157,0.0974857869905633
1,rf_missing,98,0,0.060722238351269484,0.0974857869905633
1,rf_missing,100,0,0.034917755977406886,0.0974857869905633
1,rf_missing,101,0,0.05468108660611383,0.0974857869905633
1,rf_missing,113,0,0.10026448493411488,0.0974857869905633
1,rf_missing,114,0,0.038870681389075845,0.0974857869905633
1,rf_missing,115,1,0.12201240109458858,0.0974857869905633
1,rf_missing,119,0,0.09712504114223039,0.0974857869905633
1,rf_missing,122,0,0.12000439719180632,0.0974857869905633
1,rf_missing,124,0,0.08158619425548967,0.0974857869905633
1,rf_missing,125,0,0.11766271431289296,0.0974857869905633
1,rf_missing,126,0,0.08406569754262867,0.0974857869905633
1,rf_missing,129,0,0.08961211919976071,0.0974857869905633
1,rf_missing,132,0,0.1476460351463158,0.0974857869905633
1,rf_missing,137,0,0.08166914580418852,0.0974857869905633
1,rf_missing,142,0,0.08074166918081963,0.0974857869905633
1,rf_missing,144,0,0.23829650305200262,0.0974857869905633
1,rf_missing,147,0,0.11601870570150272,0.0974857869905633
1,rf_missing,151,0,0.10204144667287553,0.0974857869905633
1,rf_missing,161,0,0.2209621703912493,0.0974857869905633
1,rf_missing,166,0,0.12529767216483975,0.0974857869905633
1,rf_missing,169,1,0.19125993729274995,0.0974857869905633
1,rf_missing,191,0,0.11916633752770843,0.0974857869905633
1,rf_missing,198,0,0.0500644244428555,0.0974857869905633
1,rf_missing,207,0,0.09867406799517522,0.0974857869905633
1,rf_missing,217,0,0.06138857531584075,0.0974857869905633
1,rf_missing,218,1,0.12593423100650028,0.0974857869905633
1,rf_missing,221,0,0.09183888434956736,0.0974857869905633
1,rf_missing,222,1,0.13033737566337308,0.0974857869905633
1,rf_missing,235,1,0.12074805575819786,0.0974857869905633
1,rf_missing,249,0,0.06166566295939097,0.0974857869905633
1,rf_missing,252,0,0.058183301428476344,0.0974857869905633
1,rf_missing,263,0,0.08575782852573922,0.0974857869905633
1,rf_missing,265,0,0.042366252139238544,0.0974857869905633
1,rf_missing,278,0,0.09400327614030261,0.0974857869905633
1,rf_missing,279,0,0.07072639617189586,0.0974857869905633
1,rf_missing,281,0,0.08733760004739252,0.0974857869905633
1,rf_missing,282,1,0.12080472625227616,0.0974857869905633
1,rf_missing,294,1,0.10576250013452838,0.0974857869905633
1,rf_missing,317,0,0.08128911341938067,0.0974857869905633
1,rf_missing,321,1,0.1217662651039703,0.0974857869905633
1,rf_missing,323,1,0.053851493690644806,0.0974857869905633
1,rf_missing,333,0,0.06606329441743393,0.0974857869905633
1,rf_missing,341,0,0.07422738448676255,0.0974857869905633
1,rf_missing,370,0,0.05522239147527901,0.0974857869905633
1,rf_missing,374,0,0.08246114927123471,0.0974857869905633
1,rf_missing,375,0,0.08890716358059987,0.0974857869905633
1,rf_missing,376,0,0.0420829747759839,0.0974857869905633
1,rf_missing,381,0,0.04870815797397244,0.0974857869905633
1,rf_missing,407,0,0.05388182176050612,0.0974857869905633
1,rf_missing,408,0,0.05810065825215755,0.0974857869905633
1,rf_missing,410,0,0.05540425531914893,0.0974857869905633
1,rf_missing,413,0,0.049686712163789636,0.0974857869905633
1,rf_missing,414,0,0.06275801123646434,0.0974857869905633
1,rf_missing,417,0,0.08954468085106383,0.0974857869905633
1,rf_missing,426,0,0.04471139043485242,0.0974857869905633
1,rf_missing,428,0,0.027616240658765293,0.0974857869905633
1,rf_missing,429,0,0.05760382266781274,0.0974857869905633
1,rf_missing,433,0,0.09894460584292186,0.0974857869905633
1,rf_missing,437,0,0.12099794709881162,0.0974857869905633
1,rf_missing,438,0,0.04693562658168526,0.0974857869905633
1,rf_missing,470,0,0.10059113661620232,0.0974857869905633
1,rf_missing,481,0,0.08884720222577301,0.0974857869905633
1,rf_missing,486,0,0.030859574468085106,0.0974857869905633
1,rf_missing,493,0,0.08912041860065463,0.0974857869905633
1,rf_missing,506,0,0.11642270397102901,0.0974857869905633
1,rf_missing,519,0,0.07004431617210541,0.0974857869905633
1,rf_missing,522,0,0.0928086549307449,0.0974857869905633
1,rf_missing,532,0,0.06617394735146166,0.0974857869905633
1,rf_missing,538,0,0.15961584427938977,0.0974857869905633
1,rf_missing,552,0,0.12636070254142803,0.0974857869905633
1,rf_missing,565,0,0.11068428450087266,0.0974857869905633
1,rf_missing,566,0,0.04556530902340265,0.0974857869905633
1,rf_missing,567,0,0.08557023955136997,0.0974857869905633
1,rf_missing,574,0,0.04280885277451085,0.0974857869905633
1,rf_missing,583,1,0.11580137683381687,0.0974857869905633
1,rf_missing,590,0,0.06290555849819353,0.0974857869905633
1,rf_missing,591,0,0.04159181604142652,0.0974857869905633
1,rf_missing,595,0,0.057344100531259094,0.0974857869905633
1,rf_missing,612,0,0.09688492702893581,0.0974857869905633
1,rf_missing,618,0,0.10619877064564638,0.0974857869905633
1,rf_missing,633,0,0.015104935249691415,0.0974857869905633
1,rf_missing,642,0,0.1338854160547439,0.0974857869905633
1,rf_missing,647,0,0.08512132914019507,0.0974857869905633
1,rf_missing,650,0,0.046785212130913995,0.0974857869905633
1,rf_missing,654,0,0.03160340144033404,0.0974857869905633
1,rf_missing,659,0,0.04358471410672256,0.0974857869905633
1,rf_missing,683,0,0.0662462027586152,0.0974857869905633
1,rf_missing,684,0,0.05454468085106382,0.0974857869905633
1,rf_missing,685,0,0.08271621774827041,0.0974857869905633
1,rf_missing,694,0,0.05575432400417079,0.0974857869905633
1,rf_missing,700,0,0.03107646369774029,0.0974857869905633
1,rf_missing,721,0,0.057323198055591995,0.0974857869905633
1,rf_missing,737,0,0.06952225545747713,0.0974857869905633
1,rf_missing,741,0,0.05345620876970548,0.0974857869905633
1,rf_missing,777,0,0.0703531029726858,0.0974857869905633
1,rf_missing,782,0,0.06746808510638298,0.0974857869905633
1,rf_missing,787,0,0.05820696492390885,0.0974857869905633
1,rf_missing,788,0,0.05447305318459887,0.0974857869905633
1,rf_missing,800,0,0.07116602818180198,0.0974857869905633
1,rf_missing,804,0,0.023517303709282622,0.0974857869905633
1,rf_missing,806,0,0.0462253883073202,0.0974857869905633
1,rf_missing,807,0,0.026108690518810925,0.0974857869905633
1,rf_missing,810,0,0.06465346941744006,0.0974857869905633
1,rf_missing,819,0,0.08617794047058681,0.0974857869905633
1,rf_missing,829,0,0.0908140682927011,0.0974857869905633
1,rf_missing,839,0,0.05147572815533981,0.0974857869905633
1,rf_missing,860,0,0.03842976484223236,0.0974857869905633
1,rf_missing,863,0,0.05346338063427997,0.0974857869905633
1,rf_missing,869,0,0.11311156882894371,0.0974857869905633
1,rf_missing,881,0,0.0536338669562795,0.0974857869905633
1,rf_missing,888,0,0.07024250379265798,0.0974857869905633
1,rf_missing,890,0,0.05764402638055241,0.0974857869905633
1,rf_missing,901,0,0.02985565064742859,0.0974857869905633
1,rf_missing,904,0,0.10938140684974591,0.0974857869905633
1,rf_missing,906,0,0.04639925572518732,0.0974857869905633
1,rf_missing,908,0,0.045041082418232466,0.0974857869905633
1,rf_missing,910,0,0.06061616307559964,0.0974857869905633
1,rf_missing,915,0,0.039307240567686606,0.0974857869905633
1,rf_missing,916,0,0.042541690164914985,0.0974857869905633
1,rf_missing,919,0,0.0571094736137527,0.0974857869905633
1,rf_missing,926,1,0.14116946192160928,0.0974857869905633
1,rf_missing,927,0,0.0314595744680851,0.0974857869905633
1,rf_missing,940,0,0.051227734266629674,0.0974857869905633
1,rf_missing,941,0,0.05799435172208774,0.0974857869905633
1,rf_missing,957,0,0.06620126463300008,0.0974857869905633
1,rf_missing,964,0,0.035546740180485856,0.0974857869905633
1,rf_missing,974,0,0.04506092164872232,0.0974857869905633
1,rf_missing,986,0,0.0456517056053119,0.0974857869905633
1,rf_missing,987,0,0.0423999658198893,0.0974857869905633
1,rf_missing,998,0,0.05688388022117102,0.0974857869905633
1,rf_missing,999,0,0.05769291937991117,0.0974857869905633
1,rf_missing,1001,0,0.062403677804090264,0.0974857869905633
1,rf_missing,1021,0,0.09438739860306788,0.0974857869905633
1,rf_missing,1040,0,0.06985543610511764,0.0974857869905633
1,rf_missing,1042,0,0.07282612971351686,0.0974857869905633
1,rf_missing,1043,0,0.045349258088373645,0.0974857869905633
1,rf_missing,1044,0,0.08267067611255705,0.0974857869905633
1,rf_missing,1047,0,0.05802252318874263,0.0974857869905633
1,rf_missing,1051,0,0.038992759298601645,0.0974857869905633
1,rf_missing,1054,0,0.02674575335925045,0.0974857869905633
1,rf_missing,1060,0,0.07648436296512505,0.0974857869905633
1,rf_missing,1063,0,0.09122127659574468,0.0974857869905633
1,rf_missing,1066,0,0.0891231321995159,0.0974857869905633
1,rf_missing,1068,0,0.06514606787636441,0.0974857869905633
1,rf_missing,1072,0,0.02750499001996008,0.0974857869905633
1,rf_missing,1085,0,0.061982842610425685,0.0974857869905633
1,rf_missing,1086,0,0.07056692089975679,0.0974857869905633
1,rf_missing,1093,0,0.054032267785763574,0.0974857869905633
1,rf_missing,1104,0,0.09866130799318298,0.0974857869905633
1,rf_missing,1120,0,0.019723404255319148,0.0974857869905633
1,rf_missing,1141,0,0.09784725871621819,0.0974857869905633
1,rf_missing,1147,0,0.10326934436509105,0.0974857869905633
1,rf_missing,1159,0,0.05354316730103767,0.0974857869905633
1,rf_missing,1161,0,0.0821870216990665,0.0974857869905633
1,rf_missing,1163,0,0.0750738623690713,0.0974857869905633
1,rf_missing,1167,0,0.04626198721128794,0.0974857869905633
1,rf_missing,1174,0,0.140134759120399,0.0974857869905633
1,rf_missing,1183,0,0.09734649224502616,0.0974857869905633
1,rf_missing,1185,1,0.038863508318842624,0.0974857869905633
1,rf_missing,1186,0,0.046340862198670445,0.0974857869905633
1,rf_missing,1190,0,0.08416501732950542,0.0974857869905633
1,rf_missing,1194,0,0.02304716922481288,0.0974857869905633
1,rf_missing,1203,0,0.09296895546335511,0.0974857869905633
1,rf_missing,1217,0,0.1556622842095904,0.0974857869905633
1,rf_missing,1221,0,0.07735639005749863,0.0974857869905633
1,rf_missing,1223,0,0.1927014025563786,0.0974857869905633
1,rf_missing,1230,0,0.12197175466965196,0.0974857869905633
1,rf_missing,1247,0,0.043271240353046525,0.0974857869905633
1,rf_missing,1248,0,0.1017125992711322,0.0974857869905633
1,rf_missing,1251,0,0.05847521996480563,0.0974857869905633
1,rf_missing,1257,0,0.08824589627368531,0.0974857869905633
1,rf_missing,1262,0,0.09288848675832963,0.0974857869905633
1,rf_missing,1267,0,0.13635694764379128,0.0974857869905633
1,rf_missing,1278,0,0.06125669596197003,0.0974857869905633
1,rf_missing,1279,0,0.1295121568589919,0.0974857869905633
1,rf_missing,1287,0,0.05070712597095576,0.0974857869905633
1,rf_missing,1296,0,0.09456474438018066,0.0974857869905633
1,rf_missing,1306,0,0.09410102758708908,0.0974857869905633
1,rf_missing,1322,0,0.057761545587392105,0.0974857869905633
1,rf_missing,1323,0,0.10877859776477389,0.0974857869905633
1,rf_missing,1326,0,0.17369195069889143,0.0974857869905633
1,rf_missing,1339,0,0.05441988363698136,0.0974857869905633
1,rf_missing,1347,0,0.07738154736116508,0.0974857869905633
1,rf_missing,1356,0,0.04301021924564836,0.0974857869905633
1,rf_missing,1362,0,0.07982352404783716,0.0974857869905633
1,rf_missing,1368,0,0.0667150124888727,0.0974857869905633
1,rf_missing,1369,0,0.09416240448607786,0.0974857869905633
1,rf_missing,1373,0,0.04279653105875638,0.0974857869905633
1,rf_missing,1378,0,0.047753191489361704,0.0974857869905633
1,rf_missing,1381,0,0.10085862733313665,0.0974857869905633
1,rf_missing,1384,0,0.027394296951819077,0.0974857869905633
1,rf_missing,1402,0,0.05463105186704264,0.0974857869905633
1,rf_missing,1406,0,0.08075399948146687,0.0974857869905633
1,rf_missing,1409,0,0.0419889279594881,0.0974857869905633
1,rf_missing,1414,0,0.07312650877665121,0.0974857869905633
1,rf_missing,1416,0,0.022837450165764404,0.0974857869905633
1,rf_missing,1420,0,0.09605125164187203,0.0974857869905633
1,rf_missing,1426,0,0.034537761154389605,0.0974857869905633
1,rf_missing,1429,0,0.057496698135362366,0.0974857869905633
1,rf_missing,1445,0,0.05864035720176245,0.0974857869905633
1,rf_missing,1462,0,0.04206256583105119,0.0974857869905633
1,rf_missing,1464,0,0.0541717373677908,0.0974857869905633
1,rf_missing,1471,0,0.04149610540588796,0.0974857869905633
1,rf_missing,1473,0,0.04914546707318006,0.0974857869905633
1,rf_missing,1500,0,0.07421431592968368,0.0974857869905633
1,rf_missing,1501,0,0.023567415001698424,0.0974857869905633
1,rf_missing,1502,0,0.030099345161285342,0.0974857869905633
1,rf_missing,1504,0,0.019251396648044695,0.0974857869905633
1,rf_missing,1505,0,0.05830402943565539,0.0974857869905633
1,rf_missing,1520,0,0.07554077636648958,0.0974857869905633
1,rf_missing,1545,0,0.07060768997932994,0.0974857869905633
1,rf_missing,1548,0,0.06612526411235055,0.0974857869905633
1,rf_missing,1554,0,0.04609432978034355,0.0974857869905633
1,rf_missing,1555,0,0.07295844645754018,0.0974857869905633
1,rf_missing,1559,0,0.02251225785963798,0.0974857869905633
1,rf_missing,1560,0,0.03469787234042553,0.0974857869905633
1,rf_missing,1562,0,0.02371063829787234,0.0974857869905633
1,rf_missing,1566,0,0.05402848419395212,0.0974857869905633
1,rf_missing_pruned,0,0,0.07686779433660891,0.09521452562513026
1,rf_missing_pruned,4,0,0.12060093352103647,0.09521452562513026
1,rf_missing_pruned,12,0,0.07656999752686452,0.09521452562513026
1,rf_missing_pruned,15,0,0.20135479805199574,0.09521452562513026
1,rf_missing_pruned,38,1,0.09032932644442764,0.09521452562513026
1,rf_missing_pruned,45,1,0.1080878069714557,0.09521452562513026
1,rf_missing_pruned,49,1,0.06958734776547609,0.09521452562513026
1,rf_missing_pruned,53,0,0.034375263170008635,0.09521452562513026
1,rf_missing_pruned,67,0,0.11305935086311962,0.09521452562513026
1,rf_missing_pruned,69,0,0.11776199039947441,0.09521452562513026
1,rf_missing_pruned,80,0,0.08966864082431066,0.09521452562513026
1,rf_missing_pruned,81,0,0.09770688846267851,0.09521452562513026
1,rf_missing_pruned,83,0,0.09191333329940962,0.09521452562513026
1,rf_missing_pruned,85,0,0.08809216522641904,0.09521452562513026
1,rf_missing_pruned,91,0,0.1376232745904907,0.09521452562513026
1,rf_missing_pruned,95,0,0.15432890725226,0.09521452562513026
1,rf_missing_pruned,97,0,0.061295465736332586,0.09521452562513026
1,rf_missing_pruned,98,0,0.04695307363680366,0.09521452562513026
1,rf_missing_pruned,100,0,0.03499574468085106,0.09521452562513026
1,rf_missing_pruned,101,0,0.05761338003021065,0.09521452562513026
1,rf_missing_pruned,113,0,0.10149059992344885,0.09521452562513026
1,rf_missing_pruned,114,0,0.0862709490878752,0.09521452562513026
1,rf_missing_pruned,115,1,0.12971435915238155,0.09521452562513026
1,rf_missing_pruned,119,0,0.11248242547366963,0.09521452562513026
1,rf_missing_pruned,122,0,0.0781729457923859,0.09521452562513026
1,rf_missing_pruned,124,0,0.09308005116982847,0.09521452562513026
1,rf_missing_pruned,125,0,0.12607542951464726,0.09521452562513026
1,rf_missing_pruned,126,0,0.10245766149950757,0.09521452562513026
1,rf_missing_pruned,129,0,0.08086628056883997,0.09521452562513026
1,rf_missing_pruned,132,0,0.15688062539870784,0.09521452562513026
1,rf_missing_pruned,137,0,0.11572760620021726,0.09521452562513026
1,rf_missing_pruned,142,0,0.08630906093280194,0.09521452562513026
1,rf_missing_pruned,144,0,0.23208141552947242,0.09521452562513026
1,rf_missing_pruned,147,0,0.09950514736654972,0.09521452562513026
1,rf_missing_pruned,151,0,0.10884421611653991,0.09521452562513026
1,rf_missing_pruned,161,0,0.20009130413071605,0.09521452562513026
1,rf_missing_pruned,166,0,0.1135574927577019,0.09521452562513026
1,rf_missing_pruned,169,1,0.2252433214292664,0.09521452562513026
1,rf_missing_pruned,191,0,0.1591122571597138,0.09521452562513026
1,rf_missing_pruned,198,0,0.05072658868861673,0.09521452562513026
1,rf_missing_pruned,207,0,0.15466270744873858,0.09521452562513026
1,rf_missing_pruned,217,0,0.08582372058536744,0.09521452562513026
1,rf_missing_pruned,218,1,0.11799150399184595,0.09521452562513026
1,rf_missing_pruned,221,0,0.10537095366811033,0.09521452562513026
1,rf_missing_pruned,222,1,0.10183752670612219,0.09521452562513026
1,rf_missing_pruned,235,1,0.1206590092075339,0.09521452562513026
1,rf_missing_pruned,249,0,0.03921125226860254,0.09521452562513026
1,rf_missing_pruned,252,0,0.07375380348660966,0.09521452562513026
1,rf_missing_pruned,263,0,0.038944680851063826,0.09521452562513026
1,rf_missing_pruned,265,0,0.06303105186704264,0.09521452562513026
1,rf_missing_pruned,278,0,0.1215482274699556,0.09521452562513026
1,rf_missing_pruned,279,0,0.0930596707441954,0.09521452562513026
1,rf_missing_pruned,281,0,0.10205801256193006,0.09521452562513026
1,rf_missing_pruned,282,1,0.14190749317920956,0.09521452562513026
1,rf_missing_pruned,294,1,0.1045287724840583,0.09521452562513026
1,rf_missing_pruned,317,0,0.10300238397047792,0.09521452562513026
1,rf_missing_pruned,321,1,0.10798211692843102,0.09521452562513026
1,rf_missing_pruned,323,1,0.06726027313515934,0.09521452562513026
1,rf_missing_pruned,333,0,0.0734268751466248,0.09521452562513026
1,rf_missing_pruned,341,0,0.060799049589976194,0.09521452562513026
1,rf_missing_pruned,370,0,0.04641479161790563,0.09521452562513026
1,rf_missing_pruned,374,0,0.05429481149682718,0.09521452562513026
1,rf_missing_pruned,375,0,0.09643509087717098,0.09521452562513026
1,rf_missing_pruned,376,0,0.06895412904315731,0.09521452562513026
1,rf_missing_pruned,381,0,0.07393005241235552,0.09521452562513026
1,rf_missing_pruned,407,0,0.04274893617021276,0.09521452562513026
1,rf_missing_pruned,408,0,0.06267649773349124,0.09521452562513026
1,rf_missing_pruned,410,0,0.09669472536306194,0.09521452562513026
1,rf_missing_pruned,413,0,0.05075080853685967,0.09521452562513026
1,rf_missing_pruned,414,0,0.06908773220648476,0.09521452562513026
1,rf_missing_pruned,417,0,0.10419421016338094,0.09521452562513026
1,rf_missing_pruned,426,0,0.022520364741641336,0.09521452562513026
1,rf_missing_pruned,428,0,0.05158045878757363,0.09521452562513026
1,rf_missing_pruned,429,0,0.04632371810487912,0.09521452562513026
1,rf_missing_pruned,433,0,0.0816719099875733,0.09521452562513026
1,rf_missing_pruned,437,0,0.09891227032268077,0.09521452562513026
1,rf_missing_pruned,438,0,0.061892486495330704,0.09521452562513026
1,rf_missing_pruned,470,0,0.11906621695759656,0.09521452562513026
1,rf_missing_pruned,481,0,0.06929185584474441,0.09521452562513026
1,rf_missing_pruned,486,0,0.0657364521927732,0.09521452562513026
1,rf_missing_pruned,493,0,0.08417271636953928,0.09521452562513026
1,rf_missing_pruned,506,0,0.08921366336616028,0.09521452562513026
1,rf_missing_pruned,519,0,0.04563772221132806,0.09521452562513026
1,rf_missing_pruned,522,0,0.08052744316510804,0.09521452562513026
1,rf_missing_pruned,532,0,0.07581188556081316,0.09521452562513026
1,rf_missing_pruned,538,0,0.13599411452711588,0.09521452562513026
1,rf_missing_pruned,552,0,0.10755525061817275,0.09521452562513026
1,rf_missing_pruned,565,0,0.09737604004021305,0.09521452562513026
1,rf_missing_pruned,566,0,0.07701427183052056,0.09521452562513026
1,rf_missing_pruned,567,0,0.06946810108699514,0.09521452562513026
1,rf_missing_pruned,574,0,0.04299148936170213,0.09521452562513026
1,rf_missing_pruned,583,1,0.10804639018731749,0.09521452562513026
1,rf_missing_pruned,590,0,0.07669915642028816,0.09521452562513026
1,rf_missing_pruned,591,0,0.05728583850763997,0.09521452562513026
1,rf_missing_pruned,595,0,0.09084638760065385,0.09521452562513026
1,rf_missing_pruned,612,0,0.04591832085984754,0.09521452562513026
1,rf_missing_pruned,618,0,0.12477700738150727,0.09521452562513026
1,rf_missing_pruned,633,0,0.033631764626109596,0.09521452562513026
1,rf_missing_pruned,642,0,0.054416645801057005,0.09521452562513026
1,rf_missing_pruned,647,0,0.09955821314345102,0.09521452562513026
1,rf_missing_pruned,650,0,0.0770043730933588,0.09521452562513026
1,rf_missing_pruned,654,0,0.01155078389487403,0.09521452562513026
1,rf_missing_pruned,659,0,0.04470267931202704,0.09521452562513026
1,rf_missing_pruned,683,0,0.06040583936633829,0.09521452562513026
1,rf_missing_pruned,684,0,0.05151730370928262,0.09521452562513026
1,rf_missing_pruned,685,0,0.05445229138135679,0.09521452562513026
1,rf_missing_pruned,694,0,0.06201125472258852,0.09521452562513026
1,rf_missing_pruned,700,0,0.046515249973797294,0.09521452562513026
1,rf_missing_pruned,721,0,0.04970932309473851,0.09521452562513026
1,rf_missing_pruned,737,0,0.06278180451834109,0.09521452562513026
1,rf_missing_pruned,741,0,0.0388537631617393,0.09521452562513026
1,rf_missing_pruned,777,0,0.08009281623386498,0.09521452562513026
1,rf_missing_pruned,782,0,0.07340235405000672,0.09521452562513026
1,rf_missing_pruned,787,0,0.050594896974275036,0.09521452562513026
1,rf_missing_pruned,788,0,0.0426951203352916,0.09521452562513026
1,rf_missing_pruned,800,0,0.07737117406841211,0.09521452562513026
1,rf_missing_pruned,804,0,0.05314405966448653,0.09521452562513026
1,rf_missing_pruned,806,0,0.06943234064740055,0.09521452562513026
1,rf_missing_pruned,807,0,0.035674728935541654,0.09521452562513026
1,rf_missing_pruned,810,0,0.12888113237462778,0.09521452562513026
1,rf_missing_pruned,819,0,0.08842308375820855,0.09521452562513026
1,rf_missing_pruned,829,0,0.08636279947501334,0.09521452562513026
1,rf_missing_pruned,839,0,0.08823638902951982,0.09521452562513026
1,rf_missing_pruned,860,0,0.039744680851063835,0.09521452562513026
1,rf_missing_pruned,863,0,0.050179588473930156,0.09521452562513026
1,rf_missing_pruned,869,0,0.09335773775625765,0.09521452562513026
1,rf_missing_pruned,881,0,0.0770152570111837,0.09521452562513026
1,rf_missing_pruned,888,0,0.03760286956749724,0.09521452562513026
1,rf_missing_pruned,890,0,0.06265617021276595,0.09521452562513026
1,rf_missing_pruned,901,0,0.04200876388844171,0.09521452562513026
1,rf_missing_pruned,904,0,0.09253256078553639,0.09521452562513026
1,rf_missing_pruned,906,0,0.0667321521548648,0.09521452562513026
1,rf_missing_pruned,908,0,0.034843988647878736,0.09521452562513026
1,rf_missing_pruned,910,0,0.053854970039841736,0.09521452562513026
1,rf_missing_pruned,915,0,0.01974468085106383,0.09521452562513026
1,rf_missing_pruned,916,0,0.04577604288825599,0.09521452562513026
1,rf_missing_pruned,919,0,0.06460285262830869,0.09521452562513026
1,rf_missing_pruned,926,1,0.12047819508269116,0.09521452562513026
1,rf_missing_pruned,927,0,0.05044996375730184,0.09521452562513026
1,rf_missing_pruned,940,0,0.07493737509598247,0.09521452562513026
1,rf_missing_pruned,941,0,0.07013364387774972,0.09521452562513026
1,rf_missing_pruned,957,0,0.06314186882840407,0.09521452562513026
1,rf_missing_pruned,964,0,0.034091586960765176,0.09521452562513026
1,rf_missing_pruned,974,0,0.05703420589717327,0.09521452562513026
1,rf_missing_pruned,986,0,0.04972173449154014,0.09521452562513026
1,rf_missing_pruned,987,0,0.0305658138392351,0.09521452562513026
1,rf_missing_pruned,998,0,0.08383449419287764,0.09521452562513026
1,rf_missing_pruned,999,0,0.04127470156605307,0.09521452562513026
1,rf_missing_pruned,1001,0,0.054906382978723405,0.09521452562513026
1,rf_missing_pruned,1021,0,0.07503670435555343,0.09521452562513026
1,rf_missing_pruned,1040,0,0.08227799590158177,0.09521452562513026
1,rf_missing_pruned,1042,0,0.07768644853805988,0.09521452562513026
1,rf_missing_pruned,1043,0,0.04334090074522087,0.09521452562513026
1,rf_missing_pruned,1044,0,0.05771732777233166,0.09521452562513026
1,rf_missing_pruned,1047,0,0.06587920974972626,0.09521452562513026
1,rf_missing_pruned,1051,0,0.07711404433782142,0.09521452562513026
1,rf_missing_pruned,1054,0,0.06448322698363534,0.09521452562513026
1,rf_missing_pruned,1060,0,0.05818364697891819,0.09521452562513026
1,rf_missing_pruned,1063,0,0.08558545488626595,0.09521452562513026
1,rf_missing_pruned,1066,0,0.10375802739914827,0.09521452562513026
1,rf_missing_pruned,1068,0,0.04990993465079164,0.09521452562513026
1,rf_missing_pruned,1072,0,0.05766386849243953,0.09521452562513026
1,rf_missing_pruned,1085,0,0.07359213531395718,0.09521452562513026
1,rf_missing_pruned,1086,0,0.04630818330605565,0.09521452562513026
1,rf_missing_pruned,1093,0,0.06955431662691018,0.09521452562513026
1,rf_missing_pruned,1104,0,0.09448287497279775,0.09521452562513026
1,rf_missing_pruned,1120,0,0.05128886109732892,0.09521452562513026
1,rf_missing_pruned,1141,0,0.06890503278257754,0.09521452562513026
1,rf_missing_pruned,1147,0,0.06970769557010852,0.09521452562513026
1,rf_missing_pruned,1159,0,0.061467607192059286,0.09521452562513026
1,rf_missing_pruned,1161,0,0.09282136819238736,0.09521452562513026
1,rf_missing_pruned,1163,0,0.06630212765957447,0.09521452562513026
1,rf_missing_pruned,1167,0,0.03947234042553192,0.09521452562513026
1,rf_missing_pruned,1174,0,0.12942050239603475,0.09521452562513026
1,rf_missing_pruned,1183,0,0.09248675916839623,0.09521452562513026
1,rf_missing_pruned,1185,1,0.03859399532704665,0.09521452562513026
1,rf_missing_pruned,1186,0,0.03749715896112562,0.09521452562513026
1,rf_missing_pruned,1190,0,0.0926851029771759,0.09521452562513026
1,rf_missing_pruned,1194,0,0.015330484968558876,0.09521452562513026
1,rf_missing_pruned,1203,0,0.08066857158285086,0.09521452562513026
1,rf_missing_pruned,1217,0,0.12370513693701647,0.09521452562513026
1,rf_missing_pruned,1221,0,0.11621930117597547,0.09521452562513026
1,rf_missing_pruned,1223,0,0.19848623178902172,0.09521452562513026
1,rf_missing_pruned,1230,0,0.0734524268720778,0.09521452562513026
1,rf_missing_pruned,1247,0,0.08162281573158668,0.09521452562513026
1,rf_missing_pruned,1248,0,0.0787415335909493,0.09521452562513026
1,rf_missing_pruned,1251,0,0.054490823954653746,0.09521452562513026
1,rf_missing_pruned,1257,0,0.08785944888599377,0.09521452562513026
1,rf_missing_pruned,1262,0,0.10755941665589572,0.09521452562513026
1,rf_missing_pruned,1267,0,0.16022885211317375,0.09521452562513026
1,rf_missing_pruned,1278,0,0.0764031494813751,0.09521452562513026
1,rf_missing_pruned,1279,0,0.1541926426494478,0.09521452562513026
1,rf_missing_pruned,1287,0,0.05794421441458863,0.09521452562513026
1,rf_missing_pruned,1296,0,0.08922598859964614,0.09521452562513026
1,rf_missing_pruned,1306,0,0.08151441720186306,0.09521452562513026
1,rf_missing_pruned,1322,0,0.06481023873969441,0.09521452562513026
1,rf_missing_pruned,1323,0,0.062212881380931305,0.09521452562513026
1,rf_missing_pruned,1326,0,0.16358496363758654,0.09521452562513026
1,rf_missing_pruned,1339,0,0.05892144848258766,0.09521452562513026
1,rf_missing_pruned,1347,0,0.07049869739699864,0.09521452562513026
1,rf_missing_pruned,1356,0,0.04560578086039736,0.09521452562513026
1,rf_missing_pruned,1362,0,0.053043936432346166,0.09521452562513026
1,rf_missing_pruned,1368,0,0.06019039423444271,0.09521452562513026
1,rf_missing_pruned,1369,0,0.11682942720098818,0.09521452562513026
1,rf_missing_pruned,1373,0,0.0504856473808437,0.09521452562513026
1,rf_missing_pruned,1378,0,0.05028997007583885,0.09521452562513026
1,rf_missing_pruned,1381,0,0.058625993312305655,0.09521452562513026
1,rf_missing_pruned,1384,0,0.03924854451148513,0.09521452562513026
1,rf_missing_pruned,1402,0,0.06406794705271647,0.09521452562513026
1,rf_missing_pruned,1406,0,0.07896958256376384,0.09521452562513026
1,rf_missing_pruned,1409,0,0.050509383612570326,0.09521452562513026
1,rf_missing_pruned,1414,0,0.04645137710543879,0.09521452562513026
1,rf_missing_pruned,1416,0,0.06573723188237045,0.09521452562513026
1,rf_missing_pruned,1420,0,0.06254347775871243,0.09521452562513026
1,rf_missing_pruned,1426,0,0.038668251502290855,0.09521452562513026
1,rf_missing_pruned,1429,0,0.068034001114968,0.09521452562513026
1,rf_missing_pruned,1445,0,0.04153259165314408,0.09521452562513026
1,rf_missing_pruned,1462,0,0.042699608341272365,0.09521452562513026
1,rf_missing_pruned,1464,0,0.03589071038251366,0.09521452562513026
1,rf_missing_pruned,1471,0,0.04454583488474371,0.09521452562513026
1,rf_missing_pruned,1473,0,0.046100281403700864,0.09521452562513026
1,rf_missing_pruned,1500,0,0.04308527094349341,0.09521452562513026
1,rf_missing_pruned,1501,0,0.03401593566983864,0.09521452562513026
1,rf_missing_pruned,1502,0,0.023482587064676614,0.09521452562513026
1,rf_missing_pruned,1504,0,0.014435826366613027,0.09521452562513026
1,rf_missing_pruned,1505,0,0.06248483731357474,0.09521452562513026
1,rf_missing_pruned,1520,0,0.0851091842790706,0.09521452562513026
1,rf_missing_pruned,1545,0,0.07670083001450687,0.09521452562513026
1,rf_missing_pruned,1548,0,0.06526794529848817,0.09521452562513026
1,rf_missing_pruned,1554,0,0.07083556830572652,0.09521452562513026
1,rf_missing_pruned,1555,0,0.04137128354725895,0.09521452562513026
1,rf_missing_pruned,1559,0,0.027748936170212766,0.09521452562513026
1,rf_missing_pruned,1560,0,0.022248544511485124,0.09521452562513026
1,rf_missing_pruned,1562,0,0.04258455352655386,0.09521452562513026
1,rf_missing_pruned,1566,0,0.08348510638297872,0.09521452562513026
1,balanced_rf,0,0,0.45599999999999996,0.442
1,balanced_rf,4,0,0.4833333333333333,0.442
1,balanced_rf,12,0,0.3753333333333333,0.442
1,balanced_rf,15,0,0.652,0.442
1,balanced_rf,38,1,0.4866666666666667,0.442
1,balanced_rf,45,1,0.4853333333333334,0.442
1,balanced_rf,49,1,0.4226666666666667,0.442
1,balanced_rf,53,0,0.33799999999999997,0.442
1,balanced_rf,67,0,0.4680000000000001,0.442
1,balanced_rf,69,0,0.39333333333333337,0.442
1,balanced_rf,80,0,0.398,0.442
1,balanced_rf,81,0,0.4753333333333334,0.442
1,balanced_rf,83,0,0.4213333333333334,0.442
1,balanced_rf,85,0,0.4060000000000001,0.442
1,balanced_rf,91,0,0.482,0.442
1,balanced_rf,95,0,0.5306666666666666,0.442
1,balanced_rf,97,0,0.4593333333333333,0.442
1,balanced_rf,98,0,0.36666666666666664,0.442
1,balanced_rf,100,0,0.3086666666666667,0.442
1,balanced_rf,101,0,0.39333333333333337,0.442
1,balanced_rf,113,0,0.40866666666666673,0.442
1,balanced_rf,114,0,0.39133333333333337,0.442
1,balanced_rf,115,1,0.4926666666666667,0.442
1,balanced_rf,119,0,0.44800000000000006,0.442
1,balanced_rf,122,0,0.4053333333333334,0.442
1,balanced_rf,124,0,0.38200000000000006,0.442
1,balanced_rf,125,0,0.472,0.442
1,balanced_rf,126,0,0.45266666666666666,0.442
1,balanced_rf,129,0,0.43,0.442
1,balanced_rf,132,0,0.5073333333333333,0.442
1,balanced_rf,137,0,0.4620000000000001,0.442
1,balanced_rf,142,0,0.42466666666666675,0.442
1,balanced_rf,144,0,0.568,0.442
1,balanced_rf,147,0,0.4433333333333334,0.442
1,balanced_rf,151,0,0.4466666666666667,0.442
1,balanced_rf,161,0,0.5806666666666667,0.442
1,balanced_rf,166,0,0.4486666666666666,0.442
1,balanced_rf,169,1,0.6140000000000001,0.442
1,balanced_rf,191,0,0.4673333333333333,0.442
1,balanced_rf,198,0,0.4406666666666667,0.442
1,balanced_rf,207,0,0.508,0.442
1,balanced_rf,217,0,0.4113333333333334,0.442
1,balanced_rf,218,1,0.41,0.442
1,balanced_rf,221,0,0.4053333333333333,0.442
1,balanced_rf,222,1,0.466,0.442
1,balanced_rf,235,1,0.4126666666666667,0.442
1,balanced_rf,249,0,0.36333333333333334,0.442
1,balanced_rf,252,0,0.3413333333333333,0.442
1,balanced_rf,263,0,0.39,0.442
1,balanced_rf,265,0,0.34933333333333333,0.442
1,balanced_rf,278,0,0.4013333333333333,0.442
1,balanced_rf,279,0,0.37266666666666665,0.442
1,balanced_rf,281,0,0.31533333333333324,0.442
1,balanced_rf,282,1,0.49666666666666665,0.442
1,balanced_rf,294,1,0.43533333333333335,0.442
1,balanced_rf,317,0,0.45266666666666666,0.442
1,balanced_rf,321,1,0.42066666666666674,0.442
1,balanced_rf,323,1,0.35999999999999993,0.442
1,balanced_rf,333,0,0.39666666666666667,0.442
1,balanced_rf,341,0,0.3086666666666667,0.442
1,balanced_rf,370,0,0.338,0.442
1,balanced_rf,374,0,0.4173333333333334,0.442
1,balanced_rf,375,0,0.392,0.442
1,balanced_rf,376,0,0.3393333333333333,0.442
1,balanced_rf,381,0,0.3306666666666666,0.442
1,balanced_rf,407,0,0.366,0.442
1,balanced_rf,408,0,0.3186666666666667,0.442
1,balanced_rf,410,0,0.45933333333333337,0.442
1,balanced_rf,413,0,0.25466666666666665,0.442
1,balanced_rf,414,0,0.351,0.442
1,balanced_rf,417,0,0.416,0.442
1,balanced_rf,426,0,0.2273333333333333,0.442
1,balanced_rf,428,0,0.2786666666666667,0.442
1,balanced_rf,429,0,0.3873333333333333,0.442
1,balanced_rf,433,0,0.38533333333333336,0.442
1,balanced_rf,437,0,0.41733333333333333,0.442
1,balanced_rf,438,0,0.35466666666666663,0.442
1,balanced_rf,470,0,0.4766666666666667,0.442
1,balanced_rf,481,0,0.4179999999999999,0.442
1,balanced_rf,486,0,0.32666666666666666,0.442
1,balanced_rf,493,0,0.474,0.442
1,balanced_rf,506,0,0.4873333333333333,0.442
1,balanced_rf,519,0,0.324,0.442
1,balanced_rf,522,0,0.4253333333333334,0.442
1,balanced_rf,532,0,0.41733333333333333,0.442
1,balanced_rf,538,0,0.5126666666666667,0.442
1,balanced_rf,552,0,0.39666666666666656,0.442
1,balanced_rf,565,0,0.4193333333333334,0.442
1,balanced_rf,566,0,0.3400000000000001,0.442
1,balanced_rf,567,0,0.4526666666666666,0.442
1,balanced_rf,574,0,0.26133333333333336,0.442
1,balanced_rf,583,1,0.3953333333333333,0.442
1,balanced_rf,590,0,0.4686666666666667,0.442
1,balanced_rf,591,0,0.2753333333333333,0.442
1,balanced_rf,595,0,0.38666666666666666,0.442
1,balanced_rf,612,0,0.358,0.442
1,balanced_rf,618,0,0.45666666666666667,0.442
1,balanced_rf,633,0,0.29466666666666663,0.442
1,balanced_rf,642,0,0.37133333333333335,0.442
1,balanced_rf,647,0,0.366,0.442
1,balanced_rf,650,0,0.3086666666666667,0.442
1,balanced_rf,654,0,0.23666666666666664,0.442
1,balanced_rf,659,0,0.27466666666666667,0.442
1,balanced_rf,683,0,0.4126666666666666,0.442
1,balanced_rf,684,0,0.286,0.442
1,balanced_rf,685,0,0.372,0.442
1,balanced_rf,694,0,0.2766666666666666,0.442
1,balanced_rf,700,0,0.2606666666666666,0.442
1,balanced_rf,721,0,0.29133333333333333,0.442
1,balanced_rf,737,0,0.36199999999999993,0.442
1,balanced_rf,741,0,0.3226666666666666,0.442
1,balanced_rf,777,0,0.31133333333333324,0.442
1,balanced_rf,782,0,0.3766666666666667,0.442
1,balanced_rf,787,0,0.342,0.442
1,balanced_rf,788,0,0.304,0.442
1,balanced_rf,800,0,0.3,0.442
1,balanced_rf,804,0,0.2799999999999999,0.442
1,balanced_rf,806,0,0.302,0.442
1,balanced_rf,807,0,0.3053333333333333,0.442
1,balanced_rf,810,0,0.4073333333333334,0.442
1,balanced_rf,819,0,0.36599999999999994,0.442
1,balanced_rf,829,0,0.33333333333333337,0.442
1,balanced_rf,839,0,0.32933333333333337,0.442
1,balanced_rf,860,0,0.252,0.442
1,balanced_rf,863,0,0.36933333333333335,0.442
1,balanced_rf,869,0,0.4373333333333333,0.442
1,balanced_rf,881,0,0.3373333333333334,0.442
1,balanced_rf,888,0,0.332,0.442
1,balanced_rf,890,0,0.336,0.442
1,balanced_rf,901,0,0.296,0.442
1,balanced_rf,904,0,0.386,0.442
1,balanced_rf,906,0,0.30533333333333335,0.442
1,balanced_rf,908,0,0.3226666666666667,0.442
1,balanced_rf,910,0,0.35333333333333333,0.442
1,balanced_rf,915,0,0.2913333333333334,0.442
1,balanced_rf,916,0,0.3053333333333333,0.442
1,balanced_rf,919,0,0.2993333333333334,0.442
1,balanced_rf,926,1,0.4446666666666667,0.442
1,balanced_rf,927,0,0.266,0.442
1,balanced_rf,940,0,0.3853333333333333,0.442
1,balanced_rf,941,0,0.4266666666666667,0.442
1,balanced_rf,957,0,0.328,0.442
1,balanced_rf,964,0,0.30666666666666664,0.442
1,balanced_rf,974,0,0.3499999999999999,0.442
1,balanced_rf,986,0,0.37600000000000006,0.442
1,balanced_rf,987,0,0.31533333333333335,0.442
1,balanced_rf,998,0,0.38600000000000007,0.442
1,balanced_rf,999,0,0.3506666666666667,0.442
1,balanced_rf,1001,0,0.33333333333333337,0.442
1,balanced_rf,1021,0,0.42333333333333334,0.442
1,balanced_rf,1040,0,0.33866666666666667,0.442
1,balanced_rf,1042,0,0.34800000000000003,0.442
1,balanced_rf,1043,0,0.30600000000000005,0.442
1,balanced_rf,1044,0,0.32466666666666666,0.442
1,balanced_rf,1047,0,0.4386666666666667,0.442
1,balanced_rf,1051,0,0.39466666666666667,0.442
1,balanced_rf,1054,0,0.294,0.442
1,balanced_rf,1060,0,0.392,0.442
1,balanced_rf,1063,0,0.3993333333333333,0.442
1,balanced_rf,1066,0,0.39133333333333337,0.442
1,balanced_rf,1068,0,0.3406666666666666,0.442
1,balanced_rf,1072,0,0.24533333333333335,0.442
1,balanced_rf,1085,0,0.3466666666666667,0.442
1,balanced_rf,1086,0,0.312,0.442
1,balanced_rf,1093,0,0.32,0.442
1,balanced_rf,1104,0,0.4433333333333333,0.442
1,balanced_rf,1120,0,0.3173333333333333,0.442
1,balanced_rf,1141,0,0.3586666666666667,0.442
1,balanced_rf,1147,0,0.4106666666666666,0.442
1,balanced_rf,1159,0,0.33466666666666667,0.442
1,balanced_rf,1161,0,0.458,0.442
1,balanced_rf,1163,0,0.4333333333333333,0.442
1,balanced_rf,1167,0,0.3873333333333333,0.442
1,balanced_rf,1174,0,0.582,0.442
1,balanced_rf,1183,0,0.41866666666666663,0.442
1,balanced_rf,1185,1,0.30666666666666675,0.442
1,balanced_rf,1186,0,0.3873333333333333,0.442
1,balanced_rf,1190,0,0.4733333333333334,0.442
1,balanced_rf,1194,0,0.27066666666666667,0.442
1,balanced_rf,1203,0,0.40333333333333343,0.442
1,balanced_rf,1217,0,0.552,0.442
1,balanced_rf,1221,0,0.29,0.442
1,balanced_rf,1223,0,0.5233333333333333,0.442
1,balanced_rf,1230,0,0.43,0.442
1,balanced_rf,1247,0,0.33999999999999997,0.442
1,balanced_rf,1248,0,0.4119999999999999,0.442
1,balanced_rf,1251,0,0.33533333333333337,0.442
1,balanced_rf,1257,0,0.3466666666666667,0.442
1,balanced_rf,1262,0,0.36133333333333334,0.442
1,balanced_rf,1267,0,0.5033333333333333,0.442
1,balanced_rf,1278,0,0.382,0.442
1,balanced_rf,1279,0,0.388,0.442
1,balanced_rf,1287,0,0.26,0.442
1,balanced_rf,1296,0,0.3806666666666667,0.442
1,balanced_rf,1306,0,0.36733333333333335,0.442
1,balanced_rf,1322,0,0.28733333333333333,0.442
1,balanced_rf,1323,0,0.426,0.442
1,balanced_rf,1326,0,0.5066666666666667,0.442
1,balanced_rf,1339,0,0.29666666666666663,0.442
1,balanced_rf,1347,0,0.4266666666666667,0.442
1,balanced_rf,1356,0,0.386,0.442
1,balanced_rf,1362,0,0.3113333333333333,0.442
1,balanced_rf,1368,0,0.3106666666666667,0.442
1,balanced_rf,1369,0,0.4413333333333333,0.442
1,balanced_rf,1373,0,0.30333333333333334,0.442
1,balanced_rf,1378,0,0.37066666666666676,0.442
1,balanced_rf,1381,0,0.3926666666666666,0.442
1,balanced_rf,1384,0,0.2873333333333334,0.442
1,balanced_rf,1402,0,0.382,0.442
1,balanced_rf,1406,0,0.3793333333333333,0.442
1,balanced_rf,1409,0,0.3126666666666667,0.442
1,balanced_rf,1414,0,0.2733333333333333,0.442
1,balanced_rf,1416,0,0.29,0.442
1,balanced_rf,1420,0,0.31199999999999994,0.442
1,balanced_rf,1426,0,0.25533333333333336,0.442
1,balanced_rf,1429,0,0.35600000000000004,0.442
1,balanced_rf,1445,0,0.30933333333333324,0.442
1,balanced_rf,1462,0,0.2873333333333333,0.442
1,balanced_rf,1464,0,0.328,0.442
1,balanced_rf,1471,0,0.31400000000000006,0.442
1,balanced_rf,1473,0,0.3380000000000001,0.442
1,balanced_rf,1500,0,0.39866666666666667,0.442
1,balanced_rf,1501,0,0.2993333333333334,0.442
1,balanced_rf,1502,0,0.3286666666666666,0.442
1,balanced_rf,1504,0,0.262,0.442
1,balanced_rf,1505,0,0.3373333333333333,0.442
1,balanced_rf,1520,0,0.4193333333333334,0.442
1,balanced_rf,1545,0,0.368,0.442
1,balanced_rf,1548,0,0.296,0.442
1,balanced_rf,1554,0,0.354,0.442
1,balanced_rf,1555,0,0.3573333333333334,0.442
1,balanced_rf,1559,0,0.24600000000000002,0.442
1,balanced_rf,1560,0,0.20266666666666666,0.442
1,balanced_rf,1562,0,0.2813333333333333,0.442
1,balanced_rf,1566,0,0.2820000000000001,0.442
1,balanced_rf_missing,0,0,0.442,0.43333333333333335
1,balanced_rf_missing,4,0,0.437,0.43333333333333335
1,balanced_rf_missing,12,0,0.37933333333333336,0.43333333333333335
1,balanced_rf_missing,15,0,0.6126666666666666,0.43333333333333335
1,balanced_rf_missing,38,1,0.508,0.43333333333333335
1,balanced_rf_missing,45,1,0.48000000000000004,0.43333333333333335
1,balanced_rf_missing,49,1,0.4446666666666667,0.43333333333333335
1,balanced_rf_missing,53,0,0.36333333333333323,0.43333333333333335
1,balanced_rf_missing,67,0,0.4376666666666667,0.43333333333333335
1,balanced_rf_missing,69,0,0.39866666666666667,0.43333333333333335
1,balanced_rf_missing,80,0,0.414,0.43333333333333335
1,balanced_rf_missing,81,0,0.49733333333333324,0.43333333333333335
1,balanced_rf_missing,83,0,0.4226666666666667,0.43333333333333335
1,balanced_rf_missing,85,0,0.45399999999999996,0.43333333333333335
1,balanced_rf_missing,91,0,0.5046666666666667,0.43333333333333335
1,balanced_rf_missing,95,0,0.5033333333333334,0.43333333333333335
1,balanced_rf_missing,97,0,0.43,0.43333333333333335
1,balanced_rf_missing,98,0,0.38666666666666666,0.43333333333333335
1,balanced_rf_missing,100,0,0.32466666666666677,0.43333333333333335
1,balanced_rf_missing,101,0,0.3573333333333333,0.43333333333333335
1,balanced_rf_missing,113,0,0.4773333333333334,0.43333333333333335
1,balanced_rf_missing,114,0,0.358,0.43333333333333335
1,balanced_rf_missing,115,1,0.5086666666666667,0.43333333333333335
1,balanced_rf_missing,119,0,0.4650000000000001,0.43333333333333335
1,balanced_rf_missing,122,0,0.5013333333333333,0.43333333333333335
1,balanced_rf_missing,124,0,0.39766666666666667,0.43333333333333335
1,balanced_rf_missing,125,0,0.4833333333333334,0.43333333333333335
1,balanced_rf_missing,126,0,0.412,0.43333333333333335
1,balanced_rf_missing,129,0,0.4746666666666667,0.43333333333333335
1,balanced_rf_missing,132,0,0.4773333333333334,0.43333333333333335
1,balanced_rf_missing,137,0,0.45199999999999996,0.43333333333333335
1,balanced_rf_missing,142,0,0.40066666666666667,0.43333333333333335
1,balanced_rf_missing,144,0,0.6139999999999999,0.43333333333333335
1,balanced_rf_missing,147,0,0.418,0.43333333333333335
1,balanced_rf_missing,151,0,0.4233333333333334,0.43333333333333335
1,balanced_rf_missing,161,0,0.5753333333333334,0.43333333333333335
1,balanced_rf_missing,166,0,0.44933333333333336,0.43333333333333335
1,balanced_rf_missing,169,1,0.554,0.43333333333333335
1,balanced_rf_missing,191,0,0.4623333333333334,0.43333333333333335
1,balanced_rf_missing,198,0,0.3826666666666667,0.43333333333333335
1,balanced_rf_missing,207,0,0.48566666666666664,0.43333333333333335
1,balanced_rf_missing,217,0,0.3873333333333333,0.43333333333333335
1,balanced_rf_missing,218,1,0.4566666666666667,0.43333333333333335
1,balanced_rf_missing,221,0,0.3966666666666666,0.43333333333333335
1,balanced_rf_missing,222,1,0.494,0.43333333333333335
1,balanced_rf_missing,235,1,0.46199999999999997,0.43333333333333335
1,balanced_rf_missing,249,0,0.34733333333333327,0.43333333333333335
1,balanced_rf_missing,252,0,0.368,0.43333333333333335
1,balanced_rf_missing,263,0,0.40066666666666667,0.43333333333333335
1,balanced_rf_missing,265,0,0.362,0.43333333333333335
1,balanced_rf_missing,278,0,0.44066666666666676,0.43333333333333335
1,balanced_rf_missing,279,0,0.416,0.43333333333333335
1,balanced_rf_missing,281,0,0.3706666666666667,0.43333333333333335
1,balanced_rf_missing,282,1,0.472,0.43333333333333335
1,balanced_rf_missing,294,1,0.4026666666666666,0.43333333333333335
1,balanced_rf_missing,317,0,0.4493333333333333,0.43333333333333335
1,balanced_rf_missing,321,1,0.42599999999999993,0.43333333333333335
1,balanced_rf_missing,323,1,0.38533333333333336,0.43333333333333335
1,balanced_rf_missing,333,0,0.358,0.43333333333333335
1,balanced_rf_missing,341,0,0.3626666666666667,0.43333333333333335
1,balanced_rf_missing,370,0,0.3793333333333333,0.43333333333333335
1,balanced_rf_missing,374,0,0.366,0.43333333333333335
1,balanced_rf_missing,375,0,0.42,0.43333333333333335
1,balanced_rf_missing,376,0,0.3666666666666667,0.43333333333333335
1,balanced_rf_missing,381,0,0.35733333333333334,0.43333333333333335
1,balanced_rf_missing,407,0,0.4053333333333333,0.43333333333333335
1,balanced_rf_missing,408,0,0.3353333333333333,0.43333333333333335
1,balanced_rf_missing,410,0,0.36300000000000004,0.43333333333333335
1,balanced_rf_missing,413,0,0.30866666666666664,0.43333333333333335
1,balanced_rf_missing,414,0,0.36499999999999994,0.43333333333333335
1,balanced_rf_missing,417,0,0.43933333333333335,0.43333333333333335
1,balanced_rf_missing,426,0,0.322,0.43333333333333335
1,balanced_rf_missing,428,0,0.29333333333333333,0.43333333333333335
1,balanced_rf_missing,429,0,0.3026666666666667,0.43333333333333335
1,balanced_rf_missing,433,0,0.4356666666666666,0.43333333333333335
1,balanced_rf_missing,437,0,0.4226666666666667,0.43333333333333335
1,balanced_rf_missing,438,0,0.354,0.43333333333333335
1,balanced_rf_missing,470,0,0.4473333333333333,0.43333333333333335
1,balanced_rf_missing,481,0,0.44333333333333336,0.43333333333333335
1,balanced_rf_missing,486,0,0.3946666666666666,0.43333333333333335
1,balanced_rf_missing,493,0,0.414,0.43333333333333335
1,balanced_rf_missing,506,0,0.46599999999999986,0.43333333333333335
1,balanced_rf_missing,519,0,0.41,0.43333333333333335
1,balanced_rf_missing,522,0,0.4079999999999999,0.43333333333333335
1,balanced_rf_missing,532,0,0.3573333333333334,0.43333333333333335
1,balanced_rf_missing,538,0,0.49199999999999994,0.43333333333333335
1,balanced_rf_missing,552,0,0.43133333333333335,0.43333333333333335
1,balanced_rf_missing,565,0,0.434,0.43333333333333335
1,balanced_rf_missing,566,0,0.3673333333333333,0.43333333333333335
1,balanced_rf_missing,567,0,0.414,0.43333333333333335
1,balanced_rf_missing,574,0,0.3516666666666667,0.43333333333333335
1,balanced_rf_missing,583,1,0.3536666666666667,0.43333333333333335
1,balanced_rf_missing,590,0,0.49733333333333324,0.43333333333333335
1,balanced_rf_missing,591,0,0.3773333333333334,0.43333333333333335
1,balanced_rf_missing,595,0,0.43533333333333324,0.43333333333333335
1,balanced_rf_missing,612,0,0.32566666666666666,0.43333333333333335
1,balanced_rf_missing,618,0,0.39666666666666667,0.43333333333333335
1,balanced_rf_missing,633,0,0.327,0.43333333333333335
1,balanced_rf_missing,642,0,0.43799999999999994,0.43333333333333335
1,balanced_rf_missing,647,0,0.4030000000000001,0.43333333333333335
1,balanced_rf_missing,650,0,0.3446666666666667,0.43333333333333335
1,balanced_rf_missing,654,0,0.31799999999999995,0.43333333333333335
1,balanced_rf_missing,659,0,0.3443333333333333,0.43333333333333335
1,balanced_rf_missing,683,0,0.38599999999999995,0.43333333333333335
1,balanced_rf_missing,684,0,0.30933333333333335,0.43333333333333335
1,balanced_rf_missing,685,0,0.378,0.43333333333333335
1,balanced_rf_missing,694,0,0.324,0.43333333333333335
1,balanced_rf_missing,700,0,0.30999999999999994,0.43333333333333335
1,balanced_rf_missing,721,0,0.254,0.43333333333333335
1,balanced_rf_missing,737,0,0.37133333333333335,0.43333333333333335
1,balanced_rf_missing,741,0,0.3013333333333334,0.43333333333333335
1,balanced_rf_missing,777,0,0.33466666666666667,0.43333333333333335
1,balanced_rf_missing,782,0,0.3446666666666666,0.43333333333333335
1,balanced_rf_missing,787,0,0.35433333333333333,0.43333333333333335
1,balanced_rf_missing,788,0,0.32466666666666677,0.43333333333333335
1,balanced_rf_missing,800,0,0.38666666666666666,0.43333333333333335
1,balanced_rf_missing,804,0,0.3046666666666667,0.43333333333333335
1,balanced_rf_missing,806,0,0.33866666666666667,0.43333333333333335
1,balanced_rf_missing,807,0,0.2806666666666666,0.43333333333333335
1,balanced_rf_missing,810,0,0.3890000000000001,0.43333333333333335
1,balanced_rf_missing,819,0,0.3753333333333333,0.43333333333333335
1,balanced_rf_missing,829,0,0.3366666666666667,0.43333333333333335
1,balanced_rf_missing,839,0,0.41400000000000003,0.43333333333333335
1,balanced_rf_missing,860,0,0.29066666666666663,0.43333333333333335
1,balanced_rf_missing,863,0,0.39066666666666666,0.43333333333333335
1,balanced_rf_missing,869,0,0.39866666666666667,0.43333333333333335
1,balanced_rf_missing,881,0,0.40266666666666673,0.43333333333333335
1,balanced_rf_missing,888,0,0.364,0.43333333333333335
1,balanced_rf_missing,890,0,0.36700000000000005,0.43333333333333335
1,balanced_rf_missing,901,0,0.29266666666666663,0.43333333333333335
1,balanced_rf_missing,904,0,0.4626666666666666,0.43333333333333335
1,balanced_rf_missing,906,0,0.2786666666666667,0.43333333333333335
1,balanced_rf_missing,908,0,0.302,0.43333333333333335
1,balanced_rf_missing,910,0,0.402,0.43333333333333335
1,balanced_rf_missing,915,0,0.37933333333333336,0.43333333333333335
1,balanced_rf_missing,916,0,0.3486666666666666,0.43333333333333335
1,balanced_rf_missing,919,0,0.3323333333333333,0.43333333333333335
1,balanced_rf_missing,926,1,0.4506666666666667,0.43333333333333335
1,balanced_rf_missing,927,0,0.28,0.43333333333333335
1,balanced_rf_missing,940,0,0.342,0.43333333333333335
1,balanced_rf_missing,941,0,0.3439999999999999,0.43333333333333335
1,balanced_rf_missing,957,0,0.3473333333333334,0.43333333333333335
1,balanced_rf_missing,964,0,0.36933333333333335,0.43333333333333335
1,balanced_rf_missing,974,0,0.32533333333333336,0.43333333333333335
1,balanced_rf_missing,986,0,0.32733333333333337,0.43333333333333335
1,balanced_rf_missing,987,0,0.32533333333333336,0.43333333333333335
1,balanced_rf_missing,998,0,0.3746666666666668,0.43333333333333335
1,balanced_rf_missing,999,0,0.36200000000000004,0.43333333333333335
1,balanced_rf_missing,1001,0,0.3046666666666667,0.43333333333333335
1,balanced_rf_missing,1021,0,0.334,0.43333333333333335
1,balanced_rf_missing,1040,0,0.37933333333333336,0.43333333333333335
1,balanced_rf_missing,1042,0,0.372,0.43333333333333335
1,balanced_rf_missing,1043,0,0.3533333333333334,0.43333333333333335
1,balanced_rf_missing,1044,0,0.348,0.43333333333333335
1,balanced_rf_missing,1047,0,0.436,0.43333333333333335
1,balanced_rf_missing,1051,0,0.3933333333333333,0.43333333333333335
1,balanced_rf_missing,1054,0,0.3760000000000001,0.43333333333333335
1,balanced_rf_missing,1060,0,0.41800000000000004,0.43333333333333335
1,balanced_rf_missing,1063,0,0.48433333333333334,0.43333333333333335
1,balanced_rf_missing,1066,0,0.4206666666666667,0.43333333333333335
1,balanced_rf_missing,1068,0,0.364,0.43333333333333335
1,balanced_rf_missing,1072,0,0.326,0.43333333333333335
1,balanced_rf_missing,1085,0,0.38066666666666665,0.43333333333333335
1,balanced_rf_missing,1086,0,0.33333333333333337,0.43333333333333335
1,balanced_rf_missing,1093,0,0.3653333333333334,0.43333333333333335
1,balanced_rf_missing,1104,0,0.48333333333333334,0.43333333333333335
1,balanced_rf_missing,1120,0,0.302,0.43333333333333335
1,balanced_rf_missing,1141,0,0.35266666666666674,0.43333333333333335
1,balanced_rf_missing,1147,0,0.43333333333333335,0.43333333333333335
1,balanced_rf_missing,1159,0,0.3473333333333333,0.43333333333333335
1,balanced_rf_missing,1161,0,0.48400000000000004,0.43333333333333335
1,balanced_rf_missing,1163,0,0.39000000000000007,0.43333333333333335
1,balanced_rf_missing,1167,0,0.37466666666666676,0.43333333333333335
1,balanced_rf_missing,1174,0,0.5253333333333332,0.43333333333333335
1,balanced_rf_missing,1183,0,0.4213333333333334,0.43333333333333335
1,balanced_rf_missing,1185,1,0.33966666666666656,0.43333333333333335
1,balanced_rf_missing,1186,0,0.42533333333333334,0.43333333333333335
1,balanced_rf_missing,1190,0,0.484,0.43333333333333335
1,balanced_rf_missing,1194,0,0.3126666666666667,0.43333333333333335
1,balanced_rf_missing,1203,0,0.4273333333333333,0.43333333333333335
1,balanced_rf_missing,1217,0,0.4903333333333333,0.43333333333333335
1,balanced_rf_missing,1221,0,0.37800000000000006,0.43333333333333335
1,balanced_rf_missing,1223,0,0.4806666666666667,0.43333333333333335
1,balanced_rf_missing,1230,0,0.4243333333333333,0.43333333333333335
1,balanced_rf_missing,1247,0,0.33433333333333337,0.43333333333333335
1,balanced_rf_missing,1248,0,0.3846666666666666,0.43333333333333335
1,balanced_rf_missing,1251,0,0.3693333333333333,0.43333333333333335
1,balanced_rf_missing,1257,0,0.3853333333333333,0.43333333333333335
1,balanced_rf_missing,1262,0,0.37900000000000006,0.43333333333333335
1,balanced_rf_missing,1267,0,0.5113333333333334,0.43333333333333335
1,balanced_rf_missing,1278,0,0.3766666666666667,0.43333333333333335
1,balanced_rf_missing,1279,0,0.4543333333333333,0.43333333333333335
1,balanced_rf_missing,1287,0,0.356,0.43333333333333335
1,balanced_rf_missing,1296,0,0.3886666666666666,0.43333333333333335
1,balanced_rf_missing,1306,0,0.39000000000000007,0.43333333333333335
1,balanced_rf_missing,1322,0,0.386,0.43333333333333335
1,balanced_rf_missing,1323,0,0.43733333333333335,0.43333333333333335
1,balanced_rf_missing,1326,0,0.5693333333333334,0.43333333333333335
1,balanced_rf_missing,1339,0,0.3126666666666667,0.43333333333333335
1,balanced_rf_missing,1347,0,0.3666666666666667,0.43333333333333335
1,balanced_rf_missing,1356,0,0.33566666666666667,0.43333333333333335
1,balanced_rf_missing,1362,0,0.33066666666666666,0.43333333333333335
1,balanced_rf_missing,1368,0,0.32400000000000007,0.43333333333333335
1,balanced_rf_missing,1369,0,0.3926666666666666,0.43333333333333335
1,balanced_rf_missing,1373,0,0.31799999999999995,0.43333333333333335
1,balanced_rf_missing,1378,0,0.342,0.43333333333333335
1,balanced_rf_missing,1381,0,0.44800000000000006,0.43333333333333335
1,balanced_rf_missing,1384,0,0.3006666666666667,0.43333333333333335
1,balanced_rf_missing,1402,0,0.4193333333333334,0.43333333333333335
1,balanced_rf_missing,1406,0,0.39200000000000007,0.43333333333333335
1,balanced_rf_missing,1409,0,0.3456666666666667,0.43333333333333335
1,balanced_rf_missing,1414,0,0.33533333333333337,0.43333333333333335
1,balanced_rf_missing,1416,0,0.3486666666666666,0.43333333333333335
1,balanced_rf_missing,1420,0,0.36199999999999993,0.43333333333333335
1,balanced_rf_missing,1426,0,0.3533333333333334,0.43333333333333335
1,balanced_rf_missing,1429,0,0.312,0.43333333333333335
1,balanced_rf_missing,1445,0,0.30666666666666675,0.43333333333333335
1,balanced_rf_missing,1462,0,0.31866666666666665,0.43333333333333335
1,balanced_rf_missing,1464,0,0.376,0.43333333333333335
1,balanced_rf_missing,1471,0,0.3333333333333333,0.43333333333333335
1,balanced_rf_missing,1473,0,0.304,0.43333333333333335
1,balanced_rf_missing,1500,0,0.396,0.43333333333333335
1,balanced_rf_missing,1501,0,0.32933333333333337,0.43333333333333335
1,balanced_rf_missing,1502,0,0.25433333333333336,0.43333333333333335
1,balanced_rf_missing,1504,0,0.29933333333333334,0.43333333333333335
1,balanced_rf_missing,1505,0,0.3266666666666666,0.43333333333333335
1,balanced_rf_missing,1520,0,0.4453333333333333,0.43333333333333335
1,balanced_rf_missing,1545,0,0.36,0.43333333333333335
1,balanced_rf_missing,1548,0,0.2886666666666667,0.43333333333333335
1,balanced_rf_missing,1554,0,0.24999999999999997,0.43333333333333335
1,balanced_rf_missing,1555,0,0.334,0.43333333333333335
1,balanced_rf_missing,1559,0,0.2733333333333334,0.43333333333333335
1,balanced_rf_missing,1560,0,0.296,0.43333333333333335
1,balanced_rf_missing,1562,0,0.2573333333333333,0.43333333333333335
1,balanced_rf_missing,1566,0,0.34933333333333333,0.43333333333333335
1,balanced_rf_missing_leaf5,0,0,0.4469666666666665,0.43391269841269847
1,balanced_rf_missing_leaf5,4,0,0.4675809523809523,0.43391269841269847
1,balanced_rf_missing_leaf5,12,0,0.413084126984127,0.43391269841269847
1,balanced_rf_missing_leaf5,15,0,0.6102666666666661,0.43391269841269847
1,balanced_rf_missing_leaf5,38,1,0.4960380952380951,0.43391269841269847
1,balanced_rf_missing_leaf5,45,1,0.5290126984126985,0.43391269841269847
1,balanced_rf_missing_leaf5,49,1,0.4289253968253966,0.43391269841269847
1,balanced_rf_missing_leaf5,53,0,0.38927619047619044,0.43391269841269847
1,balanced_rf_missing_leaf5,67,0,0.49183968253968235,0.43391269841269847
1,balanced_rf_missing_leaf5,69,0,0.4523634920634922,0.43391269841269847
1,balanced_rf_missing_leaf5,80,0,0.4078777777777778,0.43391269841269847
1,balanced_rf_missing_leaf5,81,0,0.47054126984127004,0.43391269841269847
1,balanced_rf_missing_leaf5,83,0,0.41733333333333333,0.43391269841269847
1,balanced_rf_missing_leaf5,85,0,0.41352222222222196,0.43391269841269847
1,balanced_rf_missing_leaf5,91,0,0.47125396825396804,0.43391269841269847
1,balanced_rf_missing_leaf5,95,0,0.5304333333333332,0.43391269841269847
1,balanced_rf_missing_leaf5,97,0,0.443284126984127,0.43391269841269847
1,balanced_rf_missing_leaf5,98,0,0.40093650793650815,0.43391269841269847
1,balanced_rf_missing_leaf5,100,0,0.3522492063492064,0.43391269841269847
1,balanced_rf_missing_leaf5,101,0,0.41000158730158726,0.43391269841269847
1,balanced_rf_missing_leaf5,113,0,0.5070999999999998,0.43391269841269847
1,balanced_rf_missing_leaf5,114,0,0.38103650793650784,0.43391269841269847
1,balanced_rf_missing_leaf5,115,1,0.5158079365079364,0.43391269841269847
1,balanced_rf_missing_leaf5,119,0,0.43696666666666667,0.43391269841269847
1,balanced_rf_missing_leaf5,122,0,0.5369714285714285,0.43391269841269847
1,balanced_rf_missing_leaf5,124,0,0.43174761904761894,0.43391269841269847
1,balanced_rf_missing_leaf5,125,0,0.5133920634920636,0.43391269841269847
1,balanced_rf_missing_leaf5,126,0,0.43542857142857144,0.43391269841269847
1,balanced_rf_missing_leaf5,129,0,0.5136476190476188,0.43391269841269847
1,balanced_rf_missing_leaf5,132,0,0.5739476190476192,0.43391269841269847
1,balanced_rf_missing_leaf5,137,0,0.5055301587301588,0.43391269841269847
1,balanced_rf_missing_leaf5,142,0,0.4450396825396824,0.43391269841269847
1,balanced_rf_missing_leaf5,144,0,0.5937238095238097,0.43391269841269847
1,balanced_rf_missing_leaf5,147,0,0.4767460317460316,0.43391269841269847
1,balanced_rf_missing_leaf5,151,0,0.43436825396825385,0.43391269841269847
1,balanced_rf_missing_leaf5,161,0,0.550931746031746,0.43391269841269847
1,balanced_rf_missing_leaf5,166,0,0.4458174603174603,0.43391269841269847
1,balanced_rf_missing_leaf5,169,1,0.554536507936508,0.43391269841269847
1,balanced_rf_missing_leaf5,191,0,0.43200793650793634,0.43391269841269847
1,balanced_rf_missing_leaf5,198,0,0.4480412698412698,0.43391269841269847
1,balanced_rf_missing_leaf5,207,0,0.516247619047619,0.43391269841269847
1,balanced_rf_missing_leaf5,217,0,0.3805873015873018,0.43391269841269847
1,balanced_rf_missing_leaf5,218,1,0.4522904761904762,0.43391269841269847
1,balanced_rf_missing_leaf5,221,0,0.42696031746031754,0.43391269841269847
1,balanced_rf_missing_leaf5,222,1,0.4606984126984128,0.43391269841269847
1,balanced_rf_missing_leaf5,235,1,0.4401523809523808,0.43391269841269847
1,balanced_rf_missing_leaf5,249,0,0.3889476190476192,0.43391269841269847
1,balanced_rf_missing_leaf5,252,0,0.3752507936507936,0.43391269841269847
1,balanced_rf_missing_leaf5,263,0,0.3769079365079366,0.43391269841269847
1,balanced_rf_missing_leaf5,265,0,0.36203492063492065,0.43391269841269847
1,balanced_rf_missing_leaf5,278,0,0.4383301587301587,0.43391269841269847
1,balanced_rf_missing_leaf5,279,0,0.41230634920634907,0.43391269841269847
1,balanced_rf_missing_leaf5,281,0,0.42291428571428574,0.43391269841269847
1,balanced_rf_missing_leaf5,282,1,0.506931746031746,0.43391269841269847
1,balanced_rf_missing_leaf5,294,1,0.5039,0.43391269841269847
1,balanced_rf_missing_leaf5,317,0,0.43662222222222224,0.43391269841269847
1,balanced_rf_missing_leaf5,321,1,0.4373031746031746,0.43391269841269847
1,balanced_rf_missing_leaf5,323,1,0.37809523809523804,0.43391269841269847
1,balanced_rf_missing_leaf5,333,0,0.34192063492063496,0.43391269841269847
1,balanced_rf_missing_leaf5,341,0,0.36868888888888884,0.43391269841269847
1,balanced_rf_missing_leaf5,370,0,0.40906984126984125,0.43391269841269847
1,balanced_rf_missing_leaf5,374,0,0.4318428571428572,0.43391269841269847
1,balanced_rf_missing_leaf5,375,0,0.4459079365079366,0.43391269841269847
1,balanced_rf_missing_leaf5,376,0,0.35730158730158734,0.43391269841269847
1,balanced_rf_missing_leaf5,381,0,0.4131380952380953,0.43391269841269847
1,balanced_rf_missing_leaf5,407,0,0.34251904761904767,0.43391269841269847
1,balanced_rf_missing_leaf5,408,0,0.3508507936507936,0.43391269841269847
1,balanced_rf_missing_leaf5,410,0,0.43062698412698414,0.43391269841269847
1,balanced_rf_missing_leaf5,413,0,0.34122539682539677,0.43391269841269847
1,balanced_rf_missing_leaf5,414,0,0.3706222222222222,0.43391269841269847
1,balanced_rf_missing_leaf5,417,0,0.48325238095238104,0.43391269841269847
1,balanced_rf_missing_leaf5,426,0,0.30984285714285725,0.43391269841269847
1,balanced_rf_missing_leaf5,428,0,0.29713174603174597,0.43391269841269847
1,balanced_rf_missing_leaf5,429,0,0.37305238095238097,0.43391269841269847
1,balanced_rf_missing_leaf5,433,0,0.46987619047619034,0.43391269841269847
1,balanced_rf_missing_leaf5,437,0,0.43916984126984115,0.43391269841269847
1,balanced_rf_missing_leaf5,438,0,0.3444888888888888,0.43391269841269847
1,balanced_rf_missing_leaf5,470,0,0.482673015873016,0.43391269841269847
1,balanced_rf_missing_leaf5,481,0,0.42256507936507937,0.43391269841269847
1,balanced_rf_missing_leaf5,486,0,0.388247619047619,0.43391269841269847
1,balanced_rf_missing_leaf5,493,0,0.42370476190476186,0.43391269841269847
1,balanced_rf_missing_leaf5,506,0,0.5088158730158728,0.43391269841269847
1,balanced_rf_missing_leaf5,519,0,0.39700793650793637,0.43391269841269847
1,balanced_rf_missing_leaf5,522,0,0.44258253968253963,0.43391269841269847
1,balanced_rf_missing_leaf5,532,0,0.39365396825396826,0.43391269841269847
1,balanced_rf_missing_leaf5,538,0,0.5208079365079363,0.43391269841269847
1,balanced_rf_missing_leaf5,552,0,0.44761269841269813,0.43391269841269847
1,balanced_rf_missing_leaf5,565,0,0.41081111111111107,0.43391269841269847
1,balanced_rf_missing_leaf5,566,0,0.4051190476190476,0.43391269841269847
1,balanced_rf_missing_leaf5,567,0,0.44499047619047616,0.43391269841269847
1,balanced_rf_missing_leaf5,574,0,0.3860857142857143,0.43391269841269847
1,balanced_rf_missing_leaf5,583,1,0.4127555555555555,0.43391269841269847
1,balanced_rf_missing_leaf5,590,0,0.47190793650793655,0.43391269841269847
1,balanced_rf_missing_leaf5,591,0,0.37220634920634904,0.43391269841269847
1,balanced_rf_missing_leaf5,595,0,0.43050476190476183,0.43391269841269847
1,balanced_rf_missing_leaf5,612,0,0.3907698412698414,0.43391269841269847
1,balanced_rf_missing_leaf5,618,0,0.4067857142857144,0.43391269841269847
1,balanced_rf_missing_leaf5,633,0,0.35126190476190466,0.43391269841269847
1,balanced_rf_missing_leaf5,642,0,0.39530476190476205,0.43391269841269847
1,balanced_rf_missing_leaf5,647,0,0.4267682539682538,0.43391269841269847
1,balanced_rf_missing_leaf5,650,0,0.3981206349206349,0.43391269841269847
1,balanced_rf_missing_leaf5,654,0,0.342379365079365,0.43391269841269847
1,balanced_rf_missing_leaf5,659,0,0.28621587301587337,0.43391269841269847
1,balanced_rf_missing_leaf5,683,0,0.3654222222222222,0.43391269841269847
1,balanced_rf_missing_leaf5,684,0,0.3378396825396826,0.43391269841269847
1,balanced_rf_missing_leaf5,685,0,0.3488238095238096,0.43391269841269847
1,balanced_rf_missing_leaf5,694,0,0.32288571428571433,0.43391269841269847
1,balanced_rf_missing_leaf5,700,0,0.33350158730158735,0.43391269841269847
1,balanced_rf_missing_leaf5,721,0,0.28637936507936507,0.43391269841269847
1,balanced_rf_missing_leaf5,737,0,0.37906507936507944,0.43391269841269847
1,balanced_rf_missing_leaf5,741,0,0.29318730158730166,0.43391269841269847
1,balanced_rf_missing_leaf5,777,0,0.35947619047619056,0.43391269841269847
1,balanced_rf_missing_leaf5,782,0,0.369268253968254,0.43391269841269847
1,balanced_rf_missing_leaf5,787,0,0.36202857142857126,0.43391269841269847
1,balanced_rf_missing_leaf5,788,0,0.3586873015873015,0.43391269841269847
1,balanced_rf_missing_leaf5,800,0,0.428852380952381,0.43391269841269847
1,balanced_rf_missing_leaf5,804,0,0.3261603174603175,0.43391269841269847
1,balanced_rf_missing_leaf5,806,0,0.37035555555555555,0.43391269841269847
1,balanced_rf_missing_leaf5,807,0,0.3099349206349208,0.43391269841269847
1,balanced_rf_missing_leaf5,810,0,0.4403634920634922,0.43391269841269847
1,balanced_rf_missing_leaf5,819,0,0.422909523809524,0.43391269841269847
1,balanced_rf_missing_leaf5,829,0,0.4188888888888888,0.43391269841269847
1,balanced_rf_missing_leaf5,839,0,0.41279206349206354,0.43391269841269847
1,balanced_rf_missing_leaf5,860,0,0.3094444444444444,0.43391269841269847
1,balanced_rf_missing_leaf5,863,0,0.37703809523809517,0.43391269841269847
1,balanced_rf_missing_leaf5,869,0,0.4261428571428572,0.43391269841269847
1,balanced_rf_missing_leaf5,881,0,0.4285968253968256,0.43391269841269847
1,balanced_rf_missing_leaf5,888,0,0.38542857142857145,0.43391269841269847
1,balanced_rf_missing_leaf5,890,0,0.3557984126984127,0.43391269841269847
1,balanced_rf_missing_leaf5,901,0,0.2792650793650795,0.43391269841269847
1,balanced_rf_missing_leaf5,904,0,0.4454968253968254,0.43391269841269847
1,balanced_rf_missing_leaf5,906,0,0.3430460317460317,0.43391269841269847
1,balanced_rf_missing_leaf5,908,0,0.35994761904761907,0.43391269841269847
1,balanced_rf_missing_leaf5,910,0,0.39308095238095253,0.43391269841269847
1,balanced_rf_missing_leaf5,915,0,0.33950158730158736,0.43391269841269847
1,balanced_rf_missing_leaf5,916,0,0.3565809523809524,0.43391269841269847
1,balanced_rf_missing_leaf5,919,0,0.33737142857142854,0.43391269841269847
1,balanced_rf_missing_leaf5,926,1,0.49165714285714285,0.43391269841269847
1,balanced_rf_missing_leaf5,927,0,0.2933238095238097,0.43391269841269847
1,balanced_rf_missing_leaf5,940,0,0.38210158730158716,0.43391269841269847
1,balanced_rf_missing_leaf5,941,0,0.3577603174603175,0.43391269841269847
1,balanced_rf_missing_leaf5,957,0,0.4031539682539684,0.43391269841269847
1,balanced_rf_missing_leaf5,964,0,0.35302539682539685,0.43391269841269847
1,balanced_rf_missing_leaf5,974,0,0.39315873015873004,0.43391269841269847
1,balanced_rf_missing_leaf5,986,0,0.3697984126984127,0.43391269841269847
1,balanced_rf_missing_leaf5,987,0,0.3367698412698414,0.43391269841269847
1,balanced_rf_missing_leaf5,998,0,0.3569809523809526,0.43391269841269847
1,balanced_rf_missing_leaf5,999,0,0.40678095238095247,0.43391269841269847
1,balanced_rf_missing_leaf5,1001,0,0.3102492063492065,0.43391269841269847
1,balanced_rf_missing_leaf5,1021,0,0.36934603174603176,0.43391269841269847
1,balanced_rf_missing_leaf5,1040,0,0.4040269841269842,0.43391269841269847
1,balanced_rf_missing_leaf5,1042,0,0.3635015873015872,0.43391269841269847
1,balanced_rf_missing_leaf5,1043,0,0.36476984126984124,0.43391269841269847
1,balanced_rf_missing_leaf5,1044,0,0.36681587301587315,0.43391269841269847
1,balanced_rf_missing_leaf5,1047,0,0.4192460317460317,0.43391269841269847
1,balanced_rf_missing_leaf5,1051,0,0.4111999999999999,0.43391269841269847
1,balanced_rf_missing_leaf5,1054,0,0.3799714285714287,0.43391269841269847
1,balanced_rf_missing_leaf5,1060,0,0.4112333333333333,0.43391269841269847
1,balanced_rf_missing_leaf5,1063,0,0.4570539682539684,0.43391269841269847
1,balanced_rf_missing_leaf5,1066,0,0.402993650793651,0.43391269841269847
1,balanced_rf_missing_leaf5,1068,0,0.33570317460317456,0.43391269841269847
1,balanced_rf_missing_leaf5,1072,0,0.3034444444444444,0.43391269841269847
1,balanced_rf_missing_leaf5,1085,0,0.37955079365079347,0.43391269841269847
1,balanced_rf_missing_leaf5,1086,0,0.3543063492063492,0.43391269841269847
1,balanced_rf_missing_leaf5,1093,0,0.35710793650793665,0.43391269841269847
1,balanced_rf_missing_leaf5,1104,0,0.5046190476190476,0.43391269841269847
1,balanced_rf_missing_leaf5,1120,0,0.3133539682539682,0.43391269841269847
1,balanced_rf_missing_leaf5,1141,0,0.38209999999999994,0.43391269841269847
1,balanced_rf_missing_leaf5,1147,0,0.4668333333333334,0.43391269841269847
1,balanced_rf_missing_leaf5,1159,0,0.3488873015873017,0.43391269841269847
1,balanced_rf_missing_leaf5,1161,0,0.4485888888888888,0.43391269841269847
1,balanced_rf_missing_leaf5,1163,0,0.3626444444444444,0.43391269841269847
1,balanced_rf_missing_leaf5,1167,0,0.39304603174603164,0.43391269841269847
1,balanced_rf_missing_leaf5,1174,0,0.5394888888888887,0.43391269841269847
1,balanced_rf_missing_leaf5,1183,0,0.453568253968254,0.43391269841269847
1,balanced_rf_missing_leaf5,1185,1,0.35790476190476206,0.43391269841269847
1,balanced_rf_missing_leaf5,1186,0,0.45655714285714283,0.43391269841269847
1,balanced_rf_missing_leaf5,1190,0,0.5075301587301587,0.43391269841269847
1,balanced_rf_missing_leaf5,1194,0,0.2844015873015874,0.43391269841269847
1,balanced_rf_missing_leaf5,1203,0,0.44607619047619035,0.43391269841269847
1,balanced_rf_missing_leaf5,1217,0,0.5147809523809523,0.43391269841269847
1,balanced_rf_missing_leaf5,1221,0,0.3422015873015875,0.43391269841269847
1,balanced_rf_missing_leaf5,1223,0,0.5136111111111111,0.43391269841269847
1,balanced_rf_missing_leaf5,1230,0,0.41706031746031746,0.43391269841269847
1,balanced_rf_missing_leaf5,1247,0,0.3891396825396826,0.43391269841269847
1,balanced_rf_missing_leaf5,1248,0,0.4365793650793649,0.43391269841269847
1,balanced_rf_missing_leaf5,1251,0,0.3728968253968254,0.43391269841269847
1,balanced_rf_missing_leaf5,1257,0,0.39571904761904764,0.43391269841269847
1,balanced_rf_missing_leaf5,1262,0,0.3827904761904761,0.43391269841269847
1,balanced_rf_missing_leaf5,1267,0,0.5272079365079365,0.43391269841269847
1,balanced_rf_missing_leaf5,1278,0,0.4352285714285716,0.43391269841269847
1,balanced_rf_missing_leaf5,1279,0,0.4265587301587302,0.43391269841269847
1,balanced_rf_missing_leaf5,1287,0,0.3667095238095241,0.43391269841269847
1,balanced_rf_missing_leaf5,1296,0,0.42195396825396836,0.43391269841269847
1,balanced_rf_missing_leaf5,1306,0,0.418020634920635,0.43391269841269847
1,balanced_rf_missing_leaf5,1322,0,0.3946555555555556,0.43391269841269847
1,balanced_rf_missing_leaf5,1323,0,0.4539825396825396,0.43391269841269847
1,balanced_rf_missing_leaf5,1326,0,0.5573793650793651,0.43391269841269847
1,balanced_rf_missing_leaf5,1339,0,0.28602698412698435,0.43391269841269847
1,balanced_rf_missing_leaf5,1347,0,0.3728714285714285,0.43391269841269847
1,balanced_rf_missing_leaf5,1356,0,0.3638746031746031,0.43391269841269847
1,balanced_rf_missing_leaf5,1362,0,0.3559015873015874,0.43391269841269847
1,balanced_rf_missing_leaf5,1368,0,0.38083650793650786,0.43391269841269847
1,balanced_rf_missing_leaf5,1369,0,0.4236190476190477,0.43391269841269847
1,balanced_rf_missing_leaf5,1373,0,0.3191841269841269,0.43391269841269847
1,balanced_rf_missing_leaf5,1378,0,0.3785650793650793,0.43391269841269847
1,balanced_rf_missing_leaf5,1381,0,0.398946031746032,0.43391269841269847
1,balanced_rf_missing_leaf5,1384,0,0.29944126984126984,0.43391269841269847
1,balanced_rf_missing_leaf5,1402,0,0.4482888888888889,0.43391269841269847
1,balanced_rf_missing_leaf5,1406,0,0.41353333333333353,0.43391269841269847
1,balanced_rf_missing_leaf5,1409,0,0.30909206349206353,0.43391269841269847
1,balanced_rf_missing_leaf5,1414,0,0.3501285714285713,0.43391269841269847
1,balanced_rf_missing_leaf5,1416,0,0.33939523809523825,0.43391269841269847
1,balanced_rf_missing_leaf5,1420,0,0.3340888888888888,0.43391269841269847
1,balanced_rf_missing_leaf5,1426,0,0.31296984126984134,0.43391269841269847
1,balanced_rf_missing_leaf5,1429,0,0.36301746031746035,0.43391269841269847
1,balanced_rf_missing_leaf5,1445,0,0.32658095238095247,0.43391269841269847
1,balanced_rf_missing_leaf5,1462,0,0.3101936507936507,0.43391269841269847
1,balanced_rf_missing_leaf5,1464,0,0.3713142857142857,0.43391269841269847
1,balanced_rf_missing_leaf5,1471,0,0.3779825396825396,0.43391269841269847
1,balanced_rf_missing_leaf5,1473,0,0.3174904761904763,0.43391269841269847
1,balanced_rf_missing_leaf5,1500,0,0.41314761904761904,0.43391269841269847
1,balanced_rf_missing_leaf5,1501,0,0.3228206349206349,0.43391269841269847
1,balanced_rf_missing_leaf5,1502,0,0.3009380952380953,0.43391269841269847
1,balanced_rf_missing_leaf5,1504,0,0.2737539682539683,0.43391269841269847
1,balanced_rf_missing_leaf5,1505,0,0.36786349206349206,0.43391269841269847
1,balanced_rf_missing_leaf5,1520,0,0.44131428571428577,0.43391269841269847
1,balanced_rf_missing_leaf5,1545,0,0.36900952380952406,0.43391269841269847
1,balanced_rf_missing_leaf5,1548,0,0.3421746031746032,0.43391269841269847
1,balanced_rf_missing_leaf5,1554,0,0.3330206349206348,0.43391269841269847
1,balanced_rf_missing_leaf5,1555,0,0.33992539682539696,0.43391269841269847
1,balanced_rf_missing_leaf5,1559,0,0.2827730158730159,0.43391269841269847
1,balanced_rf_missing_leaf5,1560,0,0.3198396825396825,0.43391269841269847
1,balanced_rf_missing_leaf5,1562,0,0.27691269841269855,0.43391269841269847
1,balanced_rf_missing_leaf5,1566,0,0.37411269841269834,0.43391269841269847
2,rf_weighted_baseline,3,0,0.1077412972319847,0.08843248711851191
2,rf_weighted_baseline,7,0,0.12829772247977847,0.08843248711851191
2,rf_weighted_baseline,16,0,0.06129359349459214,0.08843248711851191
2,rf_weighted_baseline,27,0,0.19719778731061513,0.08843248711851191
2,rf_weighted_baseline,28,0,0.0895224617585468,0.08843248711851191
2,rf_weighted_baseline,30,0,0.07833182960842536,0.08843248711851191
2,rf_weighted_baseline,32,0,0.10969937357312755,0.08843248711851191
2,rf_weighted_baseline,39,0,0.07051489361702128,0.08843248711851191
2,rf_weighted_baseline,56,0,0.09785834101801821,0.08843248711851191
2,rf_weighted_baseline,60,0,0.23846387942715475,0.08843248711851191
2,rf_weighted_baseline,71,0,0.12905109810316912,0.08843248711851191
2,rf_weighted_baseline,74,0,0.06249881469369991,0.08843248711851191
2,rf_weighted_baseline,89,0,0.08691914893617021,0.08843248711851191
2,rf_weighted_baseline,90,0,0.08968058236637605,0.08843248711851191
2,rf_weighted_baseline,92,0,0.1751988793778015,0.08843248711851191
2,rf_weighted_baseline,93,0,0.15426679706974422,0.08843248711851191
2,rf_weighted_baseline,99,0,0.14381702471712124,0.08843248711851191
2,rf_weighted_baseline,106,0,0.11006083910108519,0.08843248711851191
2,rf_weighted_baseline,110,0,0.13925711290622245,0.08843248711851191
2,rf_weighted_baseline,120,0,0.07752778723553255,0.08843248711851191
2,rf_weighted_baseline,127,0,0.11726286917615462,0.08843248711851191
2,rf_weighted_baseline,135,0,0.08542271462762835,0.08843248711851191
2,rf_weighted_baseline,136,0,0.06267234042553191,0.08843248711851191
2,rf_weighted_baseline,143,0,0.13855557396454798,0.08843248711851191
2,rf_weighted_baseline,148,0,0.0902118347447943,0.08843248711851191
2,rf_weighted_baseline,155,0,0.04231359032739264,0.08843248711851191
2,rf_weighted_baseline,156,0,0.09031006113355158,0.08843248711851191
2,rf_weighted_baseline,158,1,0.0937601555226231,0.08843248711851191
2,rf_weighted_baseline,160,0,0.14078419394970307,0.08843248711851191
2,rf_weighted_baseline,164,0,0.13421702127659574,0.08843248711851191
2,rf_weighted_baseline,188,1,0.2148493875734753,0.08843248711851191
2,rf_weighted_baseline,196,0,0.1426198655560007,0.08843248711851191
2,rf_weighted_baseline,197,0,0.09046870927270696,0.08843248711851191
2,rf_weighted_baseline,200,0,0.14484238344995587,0.08843248711851191
2,rf_weighted_baseline,203,0,0.16107972777611154,0.08843248711851191
2,rf_weighted_baseline,210,0,0.13686830414893267,0.08843248711851191
2,rf_weighted_baseline,211,0,0.09483281631181235,0.08843248711851191
2,rf_weighted_baseline,214,0,0.16514242544814245,0.08843248711851191
2,rf_weighted_baseline,225,0,0.11367319148936171,0.08843248711851191
2,rf_weighted_baseline,227,0,0.14055611172818536,0.08843248711851191
2,rf_weighted_baseline,239,0,0.09016551482889225,0.08843248711851191
2,rf_weighted_baseline,243,1,0.27052845014901256,0.08843248711851191
2,rf_weighted_baseline,251,0,0.09283627678393452,0.08843248711851191
2,rf_weighted_baseline,253,0,0.14063044727407115,0.08843248711851191
2,rf_weighted_baseline,257,0,0.07523404255319148,0.08843248711851191
2,rf_weighted_baseline,260,0,0.035452923686818634,0.08843248711851191
2,rf_weighted_baseline,271,0,0.133665626743326,0.08843248711851191
2,rf_weighted_baseline,274,0,0.10633490625658311,0.08843248711851191
2,rf_weighted_baseline,276,0,0.10334013357972655,0.08843248711851191
2,rf_weighted_baseline,286,0,0.06937374047504095,0.08843248711851191
2,rf_weighted_baseline,292,0,0.07832113847742038,0.08843248711851191
2,rf_weighted_baseline,301,0,0.07745455614023013,0.08843248711851191
2,rf_weighted_baseline,311,0,0.09727605184734568,0.08843248711851191
2,rf_weighted_baseline,327,1,0.07904340425531917,0.08843248711851191
2,rf_weighted_baseline,339,0,0.047438297872340426,0.08843248711851191
2,rf_weighted_baseline,347,0,0.15278066289347444,0.08843248711851191
2,rf_weighted_baseline,360,0,0.134041611095407,0.08843248711851191
2,rf_weighted_baseline,361,0,0.06094972412861485,0.08843248711851191
2,rf_weighted_baseline,368,1,0.0930296046542101,0.08843248711851191
2,rf_weighted_baseline,371,0,0.09800206208086505,0.08843248711851191
2,rf_weighted_baseline,378,0,0.08836551064073109,0.08843248711851191
2,rf_weighted_baseline,379,0,0.14492376447629074,0.08843248711851191
2,rf_weighted_baseline,396,0,0.06207128711479541,0.08843248711851191
2,rf_weighted_baseline,401,0,0.0712808510638298,0.08843248711851191
2,rf_weighted_baseline,409,0,0.02348936170212766,0.08843248711851191
2,rf_weighted_baseline,411,0,0.05620578549690838,0.08843248711851191
2,rf_weighted_baseline,415,0,0.07692455751155089,0.08843248711851191
2,rf_weighted_baseline,418,0,0.0648353817659924,0.08843248711851191
2,rf_weighted_baseline,441,1,0.05886520598273938,0.08843248711851191
2,rf_weighted_baseline,451,0,0.05095459748070099,0.08843248711851191
2,rf_weighted_baseline,454,0,0.06253100639967808,0.08843248711851191
2,rf_weighted_baseline,466,0,0.1038352971123873,0.08843248711851191
2,rf_weighted_baseline,467,0,0.06670470347849594,0.08843248711851191
2,rf_weighted_baseline,468,0,0.02312195652628716,0.08843248711851191
2,rf_weighted_baseline,482,0,0.046453722650156785,0.08843248711851191
2,rf_weighted_baseline,483,0,0.1218423878994313,0.08843248711851191
2,rf_weighted_baseline,491,0,0.05046914571569659,0.08843248711851191
2,rf_weighted_baseline,494,0,0.06197081000373273,0.08843248711851191
2,rf_weighted_baseline,508,1,0.08906043843603324,0.08843248711851191
2,rf_weighted_baseline,511,0,0.07036840672169424,0.08843248711851191
2,rf_weighted_baseline,514,0,0.08265028362553208,0.08843248711851191
2,rf_weighted_baseline,516,0,0.0665006645060971,0.08843248711851191
2,rf_weighted_baseline,529,0,0.10571921906491001,0.08843248711851191
2,rf_weighted_baseline,543,0,0.08609341637754463,0.08843248711851191
2,rf_weighted_baseline,546,0,0.06643564076424743,0.08843248711851191
2,rf_weighted_baseline,547,0,0.06674773464851046,0.08843248711851191
2,rf_weighted_baseline,554,0,0.06508497517260085,0.08843248711851191
2,rf_weighted_baseline,562,0,0.053914234155750564,0.08843248711851191
2,rf_weighted_baseline,568,0,0.026647735814661053,0.08843248711851191
2,rf_weighted_baseline,578,0,0.09800610542997223,0.08843248711851191
2,rf_weighted_baseline,585,0,0.05501281377002152,0.08843248711851191
2,rf_weighted_baseline,599,0,0.06255975383773323,0.08843248711851191
2,rf_weighted_baseline,602,0,0.0737244155890193,0.08843248711851191
2,rf_weighted_baseline,608,0,0.027232778597008636,0.08843248711851191
2,rf_weighted_baseline,610,0,0.08599432835471324,0.08843248711851191
2,rf_weighted_baseline,614,0,0.05773880258790967,0.08843248711851191
2,rf_weighted_baseline,616,0,0.08288244938503797,0.08843248711851191
2,rf_weighted_baseline,623,0,0.06671181499466013,0.08843248711851191
2,rf_weighted_baseline,624,0,0.02638439335475788,0.08843248711851191
2,rf_weighted_baseline,626,0,0.04944986667980817,0.08843248711851191
2,rf_weighted_baseline,634,1,0.14286781467766457,0.08843248711851191
2,rf_weighted_baseline,637,0,0.08112766700662886,0.08843248711851191
2,rf_weighted_baseline,638,0,0.04713335886892703,0.08843248711851191
2,rf_weighted_baseline,645,0,0.04697991287946755,0.08843248711851191
2,rf_weighted_baseline,646,0,0.03036943907156673,0.08843248711851191
2,rf_weighted_baseline,651,0,0.07796919945382882,0.08843248711851191
2,rf_weighted_baseline,653,0,0.0598436438102829,0.08843248711851191
2,rf_weighted_baseline,656,0,0.030393613073856234,0.08843248711851191
2,rf_weighted_baseline,657,0,0.08520473493490924,0.08843248711851191
2,rf_weighted_baseline,667,0,0.08862259066261591,0.08843248711851191
2,rf_weighted_baseline,670,0,0.07330231945816743,0.08843248711851191
2,rf_weighted_baseline,673,0,0.05359186981945518,0.08843248711851191
2,rf_weighted_baseline,686,0,0.10569253170191086,0.08843248711851191
2,rf_weighted_baseline,690,0,0.08821416045037671,0.08843248711851191
2,rf_weighted_baseline,696,0,0.05085452342794814,0.08843248711851191
2,rf_weighted_baseline,699,0,0.050792864317242364,0.08843248711851191
2,rf_weighted_baseline,716,0,0.07401146662335553,0.08843248711851191
2,rf_weighted_baseline,723,0,0.07582657305449697,0.08843248711851191
2,rf_weighted_baseline,727,0,0.05880636279219993,0.08843248711851191
2,rf_weighted_baseline,732,0,0.056719172945110044,0.08843248711851191
2,rf_weighted_baseline,734,0,0.023377868499180665,0.08843248711851191
2,rf_weighted_baseline,744,0,0.08655351582087027,0.08843248711851191
2,rf_weighted_baseline,749,0,0.043209254970538916,0.08843248711851191
2,rf_weighted_baseline,755,0,0.035459574468085106,0.08843248711851191
2,rf_weighted_baseline,758,0,0.05646427623866159,0.08843248711851191
2,rf_weighted_baseline,778,0,0.05779101565661959,0.08843248711851191
2,rf_weighted_baseline,784,0,0.05371038537406756,0.08843248711851191
2,rf_weighted_baseline,823,0,0.07139717484320965,0.08843248711851191
2,rf_weighted_baseline,824,0,0.05785921528027214,0.08843248711851191
2,rf_weighted_baseline,830,0,0.031023307171347363,0.08843248711851191
2,rf_weighted_baseline,831,1,0.06266155594656522,0.08843248711851191
2,rf_weighted_baseline,836,0,0.051195744680851064,0.08843248711851191
2,rf_weighted_baseline,848,0,0.06236230151231851,0.08843248711851191
2,rf_weighted_baseline,849,0,0.05070896286771994,0.08843248711851191
2,rf_weighted_baseline,852,0,0.04,0.08843248711851191
2,rf_weighted_baseline,859,0,0.034759505706572484,0.08843248711851191
2,rf_weighted_baseline,874,0,0.08002305113943982,0.08843248711851191
2,rf_weighted_baseline,882,0,0.05009922500114875,0.08843248711851191
2,rf_weighted_baseline,889,0,0.11492977308298478,0.08843248711851191
2,rf_weighted_baseline,897,0,0.0976990020380995,0.08843248711851191
2,rf_weighted_baseline,900,0,0.023360205430886113,0.08843248711851191
2,rf_weighted_baseline,933,0,0.04991963485173476,0.08843248711851191
2,rf_weighted_baseline,942,0,0.04710212765957447,0.08843248711851191
2,rf_weighted_baseline,943,0,0.07870528290623802,0.08843248711851191
2,rf_weighted_baseline,948,0,0.02681875665991405,0.08843248711851191
2,rf_weighted_baseline,950,0,0.03547185106530397,0.08843248711851191
2,rf_weighted_baseline,951,0,0.050371700609934685,0.08843248711851191
2,rf_weighted_baseline,952,0,0.045824736803357136,0.08843248711851191
2,rf_weighted_baseline,961,0,0.048837839744873233,0.08843248711851191
2,rf_weighted_baseline,965,0,0.053399806031312926,0.08843248711851191
2,rf_weighted_baseline,968,0,0.05451494037877017,0.08843248711851191
2,rf_weighted_baseline,970,0,0.09433259661415126,0.08843248711851191
2,rf_weighted_baseline,980,0,0.03425599367114961,0.08843248711851191
2,rf_weighted_baseline,985,0,0.09771538906991255,0.08843248711851191
2,rf_weighted_baseline,992,0,0.023548936170212767,0.08843248711851191
2,rf_weighted_baseline,997,0,0.027778723404255322,0.08843248711851191
2,rf_weighted_baseline,1017,0,0.032,0.08843248711851191
2,rf_weighted_baseline,1022,0,0.08957445737627914,0.08843248711851191
2,rf_weighted_baseline,1025,0,0.08107519845980661,0.08843248711851191
2,rf_weighted_baseline,1030,0,0.1089246712225162,0.08843248711851191
2,rf_weighted_baseline,1035,0,0.05452315671597808,0.08843248711851191
2,rf_weighted_baseline,1046,0,0.05839561032631403,0.08843248711851191
2,rf_weighted_baseline,1055,0,0.07839527116672468,0.08843248711851191
2,rf_weighted_baseline,1056,0,0.07491453442920831,0.08843248711851191
2,rf_weighted_baseline,1079,0,0.07476883698608222,0.08843248711851191
2,rf_weighted_baseline,1088,0,0.059198607041236674,0.08843248711851191
2,rf_weighted_baseline,1096,0,0.058528082463327614,0.08843248711851191
2,rf_weighted_baseline,1101,0,0.03921281956414139,0.08843248711851191
2,rf_weighted_baseline,1105,0,0.061507443500434106,0.08843248711851191
2,rf_weighted_baseline,1119,0,0.054706547986148275,0.08843248711851191
2,rf_weighted_baseline,1121,0,0.093098361681407,0.08843248711851191
2,rf_weighted_baseline,1125,0,0.03077309230523116,0.08843248711851191
2,rf_weighted_baseline,1126,0,0.031151336494344126,0.08843248711851191
2,rf_weighted_baseline,1132,0,0.10652989592454956,0.08843248711851191
2,rf_weighted_baseline,1146,0,0.1108128127191957,0.08843248711851191
2,rf_weighted_baseline,1151,1,0.07593336463661829,0.08843248711851191
2,rf_weighted_baseline,1168,0,0.058876595744680855,0.08843248711851191
2,rf_weighted_baseline,1172,0,0.03835908938431675,0.08843248711851191
2,rf_weighted_baseline,1176,0,0.05893903257315157,0.08843248711851191
2,rf_weighted_baseline,1187,0,0.09869436001350894,0.08843248711851191
2,rf_weighted_baseline,1188,0,0.08507176169519673,0.08843248711851191
2,rf_weighted_baseline,1193,0,0.0466297394788939,0.08843248711851191
2,rf_weighted_baseline,1195,0,0.052754910704059896,0.08843248711851191
2,rf_weighted_baseline,1235,0,0.07719907070199786,0.08843248711851191
2,rf_weighted_baseline,1250,0,0.12805960880973968,0.08843248711851191
2,rf_weighted_baseline,1255,0,0.10168349370772582,0.08843248711851191
2,rf_weighted_baseline,1264,0,0.035459574468085106,0.08843248711851191
2,rf_weighted_baseline,1276,0,0.031241674253909172,0.08843248711851191
2,rf_weighted_baseline,1280,0,0.15555024232223438,0.08843248711851191
2,rf_weighted_baseline,1285,0,0.04369126706891077,0.08843248711851191
2,rf_weighted_baseline,1292,0,0.09363077528112909,0.08843248711851191
2,rf_weighted_baseline,1293,0,0.04995869502352637,0.08843248711851191
2,rf_weighted_baseline,1297,0,0.10492897257962126,0.08843248711851191
2,rf_weighted_baseline,1298,0,0.08321276595744681,0.08843248711851191
2,rf_weighted_baseline,1299,0,0.07616765857807553,0.08843248711851191
2,rf_weighted_baseline,1304,0,0.11184509044063608,0.08843248711851191
2,rf_weighted_baseline,1324,1,0.1283898863296653,0.08843248711851191
2,rf_weighted_baseline,1325,1,0.04628474719516575,0.08843248711851191
2,rf_weighted_baseline,1327,1,0.07799681118691563,0.08843248711851191
2,rf_weighted_baseline,1329,1,0.06658030288952896,0.08843248711851191
2,rf_weighted_baseline,1331,0,0.09672562462037736,0.08843248711851191
2,rf_weighted_baseline,1335,0,0.0464087987698954,0.08843248711851191
2,rf_weighted_baseline,1342,1,0.058665295755376726,0.08843248711851191
2,rf_weighted_baseline,1372,0,0.035055415314340664,0.08843248711851191
2,rf_weighted_baseline,1374,0,0.08897432842759943,0.08843248711851191
2,rf_weighted_baseline,1391,0,0.058209047708964456,0.08843248711851191
2,rf_weighted_baseline,1392,0,0.023007736943907155,0.08843248711851191
2,rf_weighted_baseline,1399,0,0.04290280579808426,0.08843248711851191
2,rf_weighted_baseline,1401,0,0.05711875240479202,0.08843248711851191
2,rf_weighted_baseline,1410,0,0.06273507014028057,0.08843248711851191
2,rf_weighted_baseline,1419,0,0.01966216547425917,0.08843248711851191
2,rf_weighted_baseline,1425,0,0.0629971733381964,0.08843248711851191
2,rf_weighted_baseline,1428,0,0.037086784456903825,0.08843248711851191
2,rf_weighted_baseline,1443,1,0.09324454281198231,0.08843248711851191
2,rf_weighted_baseline,1449,0,0.04313565365114515,0.08843248711851191
2,rf_weighted_baseline,1457,0,0.05367118991244887,0.08843248711851191
2,rf_weighted_baseline,1458,0,0.16152220339208134,0.08843248711851191
2,rf_weighted_baseline,1461,0,0.035519999999999996,0.08843248711851191
2,rf_weighted_baseline,1465,0,0.02251446526624928,0.08843248711851191
2,rf_weighted_baseline,1476,0,0.015300751879699249,0.08843248711851191
2,rf_weighted_baseline,1483,0,0.016,0.08843248711851191
2,rf_weighted_baseline,1485,0,0.026567998583126903,0.08843248711851191
2,rf_weighted_baseline,1489,0,0.091543343764166,0.08843248711851191
2,rf_weighted_baseline,1507,0,0.06310356311596385,0.08843248711851191
2,rf_weighted_baseline,1511,0,0.0510878650053542,0.08843248711851191
2,rf_weighted_baseline,1516,0,0.0274936170212766,0.08843248711851191
2,rf_weighted_baseline,1518,0,0.03387806553867598,0.08843248711851191
2,rf_weighted_baseline,1534,0,0.02983750290891827,0.08843248711851191
2,rf_weighted_baseline,1539,0,0.06611140180630204,0.08843248711851191
2,rf_weighted_baseline,1544,0,0.06971487192986774,0.08843248711851191
2,rf_weighted_baseline,1547,0,0.062205509958494935,0.08843248711851191
2,rf_weighted_baseline,1550,0,0.02,0.08843248711851191
2,rf_weighted_baseline,1558,0,0.031009312824535153,0.08843248711851191
2,rf_weighted_baseline,1561,0,0.03515079201424688,0.08843248711851191
2,rf_weighted_baseline,1564,0,0.030785121261717004,0.08843248711851191
2,rf_missing,3,0,0.11634641342828003,0.10998814723273907
2,rf_missing,7,0,0.10821330437228828,0.10998814723273907
2,rf_missing,16,0,0.058280389739510836,0.10998814723273907
2,rf_missing,27,0,0.17644164465151108,0.10998814723273907
2,rf_missing,28,0,0.08594886168933638,0.10998814723273907
2,rf_missing,30,0,0.08173974956979722,0.10998814723273907
2,rf_missing,32,0,0.0995658934563963,0.10998814723273907
2,rf_missing,39,0,0.07000466272809268,0.10998814723273907
2,rf_missing,56,0,0.13674956363641227,0.10998814723273907
2,rf_missing,60,0,0.28081165206043146,0.10998814723273907
2,rf_missing,71,0,0.1285901941894499,0.10998814723273907
2,rf_missing,74,0,0.09316226296541266,0.10998814723273907
2,rf_missing,89,0,0.11571109518337325,0.10998814723273907
2,rf_missing,90,0,0.06681461517206198,0.10998814723273907
2,rf_missing,92,0,0.15991916811132692,0.10998814723273907
2,rf_missing,93,0,0.1414587284793166,0.10998814723273907
2,rf_missing,99,0,0.1438931724787082,0.10998814723273907
2,rf_missing,106,0,0.09452660224934548,0.10998814723273907
2,rf_missing,110,0,0.16162989555982055,0.10998814723273907
2,rf_missing,120,0,0.08612480053937792,0.10998814723273907
2,rf_missing,127,0,0.16070171993618282,0.10998814723273907
2,rf_missing,135,0,0.08131876665434676,0.10998814723273907
2,rf_missing,136,0,0.064,0.10998814723273907
2,rf_missing,143,0,0.11987941733097658,0.10998814723273907
2,rf_missing,148,0,0.10134276630760368,0.10998814723273907
2,rf_missing,155,0,0.10942781107325432,0.10998814723273907
2,rf_missing,156,0,0.13486513503858097,0.10998814723273907
2,rf_missing,158,1,0.09415284355551878,0.10998814723273907
2,rf_missing,160,0,0.11301052297601545,0.10998814723273907
2,rf_missing,164,0,0.06535614374099956,0.10998814723273907
2,rf_missing,188,1,0.22135663517585377,0.10998814723273907
2,rf_missing,196,0,0.08533697967958576,0.10998814723273907
2,rf_missing,197,0,0.069600759784546,0.10998814723273907
2,rf_missing,200,0,0.12630257837038694,0.10998814723273907
2,rf_missing,203,0,0.13365768561470703,0.10998814723273907
2,rf_missing,210,0,0.15523324825132637,0.10998814723273907
2,rf_missing,211,0,0.09717850455327856,0.10998814723273907
2,rf_missing,214,0,0.1246570680585407,0.10998814723273907
2,rf_missing,225,0,0.13825013939037917,0.10998814723273907
2,rf_missing,227,0,0.15642185966599093,0.10998814723273907
2,rf_missing,239,0,0.0825302843248269,0.10998814723273907
2,rf_missing,243,1,0.23576313434188337,0.10998814723273907
2,rf_missing,251,0,0.11419038928921674,0.10998814723273907
2,rf_missing,253,0,0.1369899526376182,0.10998814723273907
2,rf_missing,257,0,0.07880043470991162,0.10998814723273907
2,rf_missing,260,0,0.06256943907156673,0.10998814723273907
2,rf_missing,271,0,0.1152496708710239,0.10998814723273907
2,rf_missing,274,0,0.11764218832863112,0.10998814723273907
2,rf_missing,276,0,0.09755203526849487,0.10998814723273907
2,rf_missing,286,0,0.0528519784372339,0.10998814723273907
2,rf_missing,292,0,0.0698360148578246,0.10998814723273907
2,rf_missing,301,0,0.11929021973062745,0.10998814723273907
2,rf_missing,311,0,0.06158531942975787,0.10998814723273907
2,rf_missing,327,1,0.09218800814000401,0.10998814723273907
2,rf_missing,339,0,0.05766567510896943,0.10998814723273907
2,rf_missing,347,0,0.13936585522359385,0.10998814723273907
2,rf_missing,360,0,0.093611537788899,0.10998814723273907
2,rf_missing,361,0,0.030497668587627823,0.10998814723273907
2,rf_missing,368,1,0.12601457088776222,0.10998814723273907
2,rf_missing,371,0,0.09271130860200488,0.10998814723273907
2,rf_missing,378,0,0.031035369683802865,0.10998814723273907
2,rf_missing,379,0,0.1139131028984669,0.10998814723273907
2,rf_missing,396,0,0.06123393083910298,0.10998814723273907
2,rf_missing,401,0,0.10956132665212084,0.10998814723273907
2,rf_missing,409,0,0.03806543374114032,0.10998814723273907
2,rf_missing,411,0,0.06635052079712302,0.10998814723273907
2,rf_missing,415,0,0.07027850111146396,0.10998814723273907
2,rf_missing,418,0,0.04573102371676512,0.10998814723273907
2,rf_missing,441,1,0.036,0.10998814723273907
2,rf_missing,451,0,0.05370193101820899,0.10998814723273907
2,rf_missing,454,0,0.05162301197906299,0.10998814723273907
2,rf_missing,466,0,0.10279143604357713,0.10998814723273907
2,rf_missing,467,0,0.06279664348182819,0.10998814723273907
2,rf_missing,468,0,0.0538965953223748,0.10998814723273907
2,rf_missing,482,0,0.05502096885720801,0.10998814723273907
2,rf_missing,483,0,0.15932125110655573,0.10998814723273907
2,rf_missing,491,0,0.038763825839813686,0.10998814723273907
2,rf_missing,494,0,0.05948936170212766,0.10998814723273907
2,rf_missing,508,1,0.06998239395336239,0.10998814723273907
2,rf_missing,511,0,0.04988769513238767,0.10998814723273907
2,rf_missing,514,0,0.06767043614644888,0.10998814723273907
2,rf_missing,516,0,0.09060715143249647,0.10998814723273907
2,rf_missing,529,0,0.07666320968305557,0.10998814723273907
2,rf_missing,543,0,0.08613803006979737,0.10998814723273907
2,rf_missing,546,0,0.08406601948041363,0.10998814723273907
2,rf_missing,547,0,0.04562025717264548,0.10998814723273907
2,rf_missing,554,0,0.10451631448817134,0.10998814723273907
2,rf_missing,562,0,0.04096958436661392,0.10998814723273907
2,rf_missing,568,0,0.026544703138358446,0.10998814723273907
2,rf_missing,578,0,0.06225974800669216,0.10998814723273907
2,rf_missing,585,0,0.10032910316021207,0.10998814723273907
2,rf_missing,599,0,0.06288255393183056,0.10998814723273907
2,rf_missing,602,0,0.07060925363053024,0.10998814723273907
2,rf_missing,608,0,0.01905732763050689,0.10998814723273907
2,rf_missing,610,0,0.03174468085106383,0.10998814723273907
2,rf_missing,614,0,0.05864794064409707,0.10998814723273907
2,rf_missing,616,0,0.08968600518395585,0.10998814723273907
2,rf_missing,623,0,0.03447453497147697,0.10998814723273907
2,rf_missing,624,0,0.06445665018698912,0.10998814723273907
2,rf_missing,626,0,0.0657166699591899,0.10998814723273907
2,rf_missing,634,1,0.139664508106812,0.10998814723273907
2,rf_missing,637,0,0.05438297732601555,0.10998814723273907
2,rf_missing,638,0,0.07520173600084684,0.10998814723273907
2,rf_missing,645,0,0.0976028623603856,0.10998814723273907
2,rf_missing,646,0,0.03415622786901856,0.10998814723273907
2,rf_missing,651,0,0.06541240518988806,0.10998814723273907
2,rf_missing,653,0,0.06669021276595745,0.10998814723273907
2,rf_missing,656,0,0.054752826626503465,0.10998814723273907
2,rf_missing,657,0,0.06995119780746238,0.10998814723273907
2,rf_missing,667,0,0.04874138531412228,0.10998814723273907
2,rf_missing,670,0,0.09433488963018274,0.10998814723273907
2,rf_missing,673,0,0.0582182052856413,0.10998814723273907
2,rf_missing,686,0,0.07462410198983546,0.10998814723273907
2,rf_missing,690,0,0.09357247179525834,0.10998814723273907
2,rf_missing,696,0,0.06095527598853973,0.10998814723273907
2,rf_missing,699,0,0.05871217469245376,0.10998814723273907
2,rf_missing,716,0,0.06182588827166964,0.10998814723273907
2,rf_missing,723,0,0.053448404255319146,0.10998814723273907
2,rf_missing,727,0,0.07190357255652179,0.10998814723273907
2,rf_missing,732,0,0.026077385185401595,0.10998814723273907
2,rf_missing,734,0,0.023295466235891765,0.10998814723273907
2,rf_missing,744,0,0.03192350956130484,0.10998814723273907
2,rf_missing,749,0,0.03516883908624098,0.10998814723273907
2,rf_missing,755,0,0.06070019658925161,0.10998814723273907
2,rf_missing,758,0,0.05083039992415152,0.10998814723273907
2,rf_missing,778,0,0.0934418793454616,0.10998814723273907
2,rf_missing,784,0,0.07339034789016846,0.10998814723273907
2,rf_missing,823,0,0.05050625093178284,0.10998814723273907
2,rf_missing,824,0,0.06072206812965671,0.10998814723273907
2,rf_missing,830,0,0.04685748921513059,0.10998814723273907
2,rf_missing,831,1,0.06667305288000348,0.10998814723273907
2,rf_missing,836,0,0.06719220802572698,0.10998814723273907
2,rf_missing,848,0,0.0854425518640419,0.10998814723273907
2,rf_missing,849,0,0.08178158576464094,0.10998814723273907
2,rf_missing,852,0,0.04692765957446809,0.10998814723273907
2,rf_missing,859,0,0.05351414076922449,0.10998814723273907
2,rf_missing,874,0,0.0739072026777597,0.10998814723273907
2,rf_missing,882,0,0.047074691465597826,0.10998814723273907
2,rf_missing,889,0,0.07001572448323692,0.10998814723273907
2,rf_missing,897,0,0.11285691107579483,0.10998814723273907
2,rf_missing,900,0,0.02,0.10998814723273907
2,rf_missing,933,0,0.05072986192620414,0.10998814723273907
2,rf_missing,942,0,0.06038066849774819,0.10998814723273907
2,rf_missing,943,0,0.05870176279671623,0.10998814723273907
2,rf_missing,948,0,0.06078536231776256,0.10998814723273907
2,rf_missing,950,0,0.023302704831353004,0.10998814723273907
2,rf_missing,951,0,0.061861636624299145,0.10998814723273907
2,rf_missing,952,0,0.06730953822538695,0.10998814723273907
2,rf_missing,961,0,0.050073645484163105,0.10998814723273907
2,rf_missing,965,0,0.022784741011304472,0.10998814723273907
2,rf_missing,968,0,0.03493805101680969,0.10998814723273907
2,rf_missing,970,0,0.13721236968757716,0.10998814723273907
2,rf_missing,980,0,0.06190852551703615,0.10998814723273907
2,rf_missing,985,0,0.10217840643768926,0.10998814723273907
2,rf_missing,992,0,0.049592677632080216,0.10998814723273907
2,rf_missing,997,0,0.031438297872340426,0.10998814723273907
2,rf_missing,1017,0,0.03873617021276596,0.10998814723273907
2,rf_missing,1022,0,0.08876880758037567,0.10998814723273907
2,rf_missing,1025,0,0.08298236694139294,0.10998814723273907
2,rf_missing,1030,0,0.11276711273360639,0.10998814723273907
2,rf_missing,1035,0,0.054428189823361735,0.10998814723273907
2,rf_missing,1046,0,0.0672584743955997,0.10998814723273907
2,rf_missing,1055,0,0.10455620591989122,0.10998814723273907
2,rf_missing,1056,0,0.054337618514371036,0.10998814723273907
2,rf_missing,1079,0,0.06620481036077706,0.10998814723273907
2,rf_missing,1088,0,0.06956534913169549,0.10998814723273907
2,rf_missing,1096,0,0.05482585904834871,0.10998814723273907
2,rf_missing,1101,0,0.02756313229001817,0.10998814723273907
2,rf_missing,1105,0,0.06190272802439929,0.10998814723273907
2,rf_missing,1119,0,0.06004065778649731,0.10998814723273907
2,rf_missing,1121,0,0.06588270166597655,0.10998814723273907
2,rf_missing,1125,0,0.06981806374242311,0.10998814723273907
2,rf_missing,1126,0,0.043185841083789867,0.10998814723273907
2,rf_missing,1132,0,0.08241023786823717,0.10998814723273907
2,rf_missing,1146,0,0.06249677030125086,0.10998814723273907
2,rf_missing,1151,1,0.04989806447135654,0.10998814723273907
2,rf_missing,1168,0,0.08399684824302017,0.10998814723273907
2,rf_missing,1172,0,0.0465349062565831,0.10998814723273907
2,rf_missing,1176,0,0.060739553688268805,0.10998814723273907
2,rf_missing,1187,0,0.07846522460484778,0.10998814723273907
2,rf_missing,1188,0,0.09710702181580522,0.10998814723273907
2,rf_missing,1193,0,0.05017462160685709,0.10998814723273907
2,rf_missing,1195,0,0.04236769344765534,0.10998814723273907
2,rf_missing,1235,0,0.05452610370911426,0.10998814723273907
2,rf_missing,1250,0,0.09656820554970075,0.10998814723273907
2,rf_missing,1255,0,0.058942643506752636,0.10998814723273907
2,rf_missing,1264,0,0.05806949834606004,0.10998814723273907
2,rf_missing,1276,0,0.047212765957446806,0.10998814723273907
2,rf_missing,1280,0,0.15923856198812222,0.10998814723273907
2,rf_missing,1285,0,0.05440851063829787,0.10998814723273907
2,rf_missing,1292,0,0.12936537328555156,0.10998814723273907
2,rf_missing,1293,0,0.0702522622536547,0.10998814723273907
2,rf_missing,1297,0,0.08557301036448417,0.10998814723273907
2,rf_missing,1298,0,0.0856965599522768,0.10998814723273907
2,rf_missing,1299,0,0.08266275247960453,0.10998814723273907
2,rf_missing,1304,0,0.1143116387869769,0.10998814723273907
2,rf_missing,1324,1,0.0898000414916665,0.10998814723273907
2,rf_missing,1325,1,0.07772905476107429,0.10998814723273907
2,rf_missing,1327,1,0.05409541734860884,0.10998814723273907
2,rf_missing,1329,1,0.05388829373329951,0.10998814723273907
2,rf_missing,1331,0,0.09362205299493712,0.10998814723273907
2,rf_missing,1335,0,0.027294172062904718,0.10998814723273907
2,rf_missing,1342,1,0.07042453055002303,0.10998814723273907
2,rf_missing,1372,0,0.018852923686818634,0.10998814723273907
2,rf_missing,1374,0,0.069677223387318,0.10998814723273907
2,rf_missing,1391,0,0.03927525563239849,0.10998814723273907
2,rf_missing,1392,0,0.015682706907863903,0.10998814723273907
2,rf_missing,1399,0,0.022515888323481167,0.10998814723273907
2,rf_missing,1401,0,0.04216205581567876,0.10998814723273907
2,rf_missing,1410,0,0.07410919165855928,0.10998814723273907
2,rf_missing,1419,0,0.0653224634380434,0.10998814723273907
2,rf_missing,1425,0,0.05801700479964128,0.10998814723273907
2,rf_missing,1428,0,0.015727659574468086,0.10998814723273907
2,rf_missing,1443,1,0.0709235929674518,0.10998814723273907
2,rf_missing,1449,0,0.06127938151368724,0.10998814723273907
2,rf_missing,1457,0,0.0227396167615797,0.10998814723273907
2,rf_missing,1458,0,0.1427923077007176,0.10998814723273907
2,rf_missing,1461,0,0.08062952387152407,0.10998814723273907
2,rf_missing,1465,0,0.026642721604145932,0.10998814723273907
2,rf_missing,1476,0,0.02754468085106383,0.10998814723273907
2,rf_missing,1483,0,0.03356306446265211,0.10998814723273907
2,rf_missing,1485,0,0.061566064527264056,0.10998814723273907
2,rf_missing,1489,0,0.11313536596351956,0.10998814723273907
2,rf_missing,1507,0,0.0504943670379527,0.10998814723273907
2,rf_missing,1511,0,0.04891764000947754,0.10998814723273907
2,rf_missing,1516,0,0.026714328524337513,0.10998814723273907
2,rf_missing,1518,0,0.03794411229484322,0.10998814723273907
2,rf_missing,1534,0,0.01883039610899548,0.10998814723273907
2,rf_missing,1539,0,0.058554063579353555,0.10998814723273907
2,rf_missing,1544,0,0.05043590365483486,0.10998814723273907
2,rf_missing,1547,0,0.038701512380870426,0.10998814723273907
2,rf_missing,1550,0,0.014706645439318707,0.10998814723273907
2,rf_missing,1558,0,0.031174468085106384,0.10998814723273907
2,rf_missing,1561,0,0.07037625016935811,0.10998814723273907
2,rf_missing,1564,0,0.05010817231787084,0.10998814723273907
2,rf_missing_pruned,3,0,0.14775242882242742,0.10085542150140893
2,rf_missing_pruned,7,0,0.12897432462165692,0.10085542150140893
2,rf_missing_pruned,16,0,0.061868720840891685,0.10085542150140893
2,rf_missing_pruned,27,0,0.17998354627583305,0.10085542150140893
2,rf_missing_pruned,28,0,0.16692109905958571,0.10085542150140893
2,rf_missing_pruned,30,0,0.11267920054121382,0.10085542150140893
2,rf_missing_pruned,32,0,0.09249555784687272,0.10085542150140893
2,rf_missing_pruned,39,0,0.11728594919286005,0.10085542150140893
2,rf_missing_pruned,56,0,0.08351248751248751,0.10085542150140893
2,rf_missing_pruned,60,0,0.21202483311696987,0.10085542150140893
2,rf_missing_pruned,71,0,0.13717397392732017,0.10085542150140893
2,rf_missing_pruned,74,0,0.08187457205970654,0.10085542150140893
2,rf_missing_pruned,89,0,0.08958805108510212,0.10085542150140893
2,rf_missing_pruned,90,0,0.09621154666435691,0.10085542150140893
2,rf_missing_pruned,92,0,0.15270747465385096,0.10085542150140893
2,rf_missing_pruned,93,0,0.15873200123275663,0.10085542150140893
2,rf_missing_pruned,99,0,0.19087574183972084,0.10085542150140893
2,rf_missing_pruned,106,0,0.07684212726690672,0.10085542150140893
2,rf_missing_pruned,110,0,0.17553114856312546,0.10085542150140893
2,rf_missing_pruned,120,0,0.11638877334797125,0.10085542150140893
2,rf_missing_pruned,127,0,0.12613479443289072,0.10085542150140893
2,rf_missing_pruned,135,0,0.1393552485752875,0.10085542150140893
2,rf_missing_pruned,136,0,0.09602259086560985,0.10085542150140893
2,rf_missing_pruned,143,0,0.16043733233382307,0.10085542150140893
2,rf_missing_pruned,148,0,0.1307861532015051,0.10085542150140893
2,rf_missing_pruned,155,0,0.056139446828359384,0.10085542150140893
2,rf_missing_pruned,156,0,0.1572381693717196,0.10085542150140893
2,rf_missing_pruned,158,1,0.06673102329593208,0.10085542150140893
2,rf_missing_pruned,160,0,0.11558265307762103,0.10085542150140893
2,rf_missing_pruned,164,0,0.11713751314822342,0.10085542150140893
2,rf_missing_pruned,188,1,0.23070031072184735,0.10085542150140893
2,rf_missing_pruned,196,0,0.12049294717293864,0.10085542150140893
2,rf_missing_pruned,197,0,0.10959922630560927,0.10085542150140893
2,rf_missing_pruned,200,0,0.16277123136193072,0.10085542150140893
2,rf_missing_pruned,203,0,0.16969717709185111,0.10085542150140893
2,rf_missing_pruned,210,0,0.10477311784163454,0.10085542150140893
2,rf_missing_pruned,211,0,0.07325600742599006,0.10085542150140893
2,rf_missing_pruned,214,0,0.1933684272159872,0.10085542150140893
2,rf_missing_pruned,225,0,0.11536566627325037,0.10085542150140893
2,rf_missing_pruned,227,0,0.15893604730274552,0.10085542150140893
2,rf_missing_pruned,239,0,0.06638711618999517,0.10085542150140893
2,rf_missing_pruned,243,1,0.27205552565552993,0.10085542150140893
2,rf_missing_pruned,251,0,0.1317699403084115,0.10085542150140893
2,rf_missing_pruned,253,0,0.13035018439312945,0.10085542150140893
2,rf_missing_pruned,257,0,0.06477939440056699,0.10085542150140893
2,rf_missing_pruned,260,0,0.04749361702127659,0.10085542150140893
2,rf_missing_pruned,271,0,0.09348478199259747,0.10085542150140893
2,rf_missing_pruned,274,0,0.09329377065276616,0.10085542150140893
2,rf_missing_pruned,276,0,0.10048836394912368,0.10085542150140893
2,rf_missing_pruned,286,0,0.06935685282342098,0.10085542150140893
2,rf_missing_pruned,292,0,0.10524348773933738,0.10085542150140893
2,rf_missing_pruned,301,0,0.12781284027520057,0.10085542150140893
2,rf_missing_pruned,311,0,0.11304585951384706,0.10085542150140893
2,rf_missing_pruned,327,1,0.06812083916026554,0.10085542150140893
2,rf_missing_pruned,339,0,0.05050670373323663,0.10085542150140893
2,rf_missing_pruned,347,0,0.10637859135731476,0.10085542150140893
2,rf_missing_pruned,360,0,0.12773345891709872,0.10085542150140893
2,rf_missing_pruned,361,0,0.04106166643088669,0.10085542150140893
2,rf_missing_pruned,368,1,0.09530674839867673,0.10085542150140893
2,rf_missing_pruned,371,0,0.09177018526097937,0.10085542150140893
2,rf_missing_pruned,378,0,0.08548744952778328,0.10085542150140893
2,rf_missing_pruned,379,0,0.1406173434013574,0.10085542150140893
2,rf_missing_pruned,396,0,0.07293725763374784,0.10085542150140893
2,rf_missing_pruned,401,0,0.05493304653133969,0.10085542150140893
2,rf_missing_pruned,409,0,0.027438180019782394,0.10085542150140893
2,rf_missing_pruned,411,0,0.06964706504503505,0.10085542150140893
2,rf_missing_pruned,415,0,0.08577133150537593,0.10085542150140893
2,rf_missing_pruned,418,0,0.08170676240342334,0.10085542150140893
2,rf_missing_pruned,441,1,0.0477404255319149,0.10085542150140893
2,rf_missing_pruned,451,0,0.050973690871285414,0.10085542150140893
2,rf_missing_pruned,454,0,0.0655374335892674,0.10085542150140893
2,rf_missing_pruned,466,0,0.08457934694118022,0.10085542150140893
2,rf_missing_pruned,467,0,0.0854634364147864,0.10085542150140893
2,rf_missing_pruned,468,0,0.0578608391010852,0.10085542150140893
2,rf_missing_pruned,482,0,0.01896757700857415,0.10085542150140893
2,rf_missing_pruned,483,0,0.1208379303911958,0.10085542150140893
2,rf_missing_pruned,491,0,0.06444694497151907,0.10085542150140893
2,rf_missing_pruned,494,0,0.07138845724786552,0.10085542150140893
2,rf_missing_pruned,508,1,0.07427721162674876,0.10085542150140893
2,rf_missing_pruned,511,0,0.05841932422294526,0.10085542150140893
2,rf_missing_pruned,514,0,0.06960677574877608,0.10085542150140893
2,rf_missing_pruned,516,0,0.08068605889632118,0.10085542150140893
2,rf_missing_pruned,529,0,0.06958271971520022,0.10085542150140893
2,rf_missing_pruned,543,0,0.05856170212765958,0.10085542150140893
2,rf_missing_pruned,546,0,0.05057863508866784,0.10085542150140893
2,rf_missing_pruned,547,0,0.034751921051612185,0.10085542150140893
2,rf_missing_pruned,554,0,0.057724720458438086,0.10085542150140893
2,rf_missing_pruned,562,0,0.06486132322518828,0.10085542150140893
2,rf_missing_pruned,568,0,0.046077584607342195,0.10085542150140893
2,rf_missing_pruned,578,0,0.09020590446768108,0.10085542150140893
2,rf_missing_pruned,585,0,0.058902873538360996,0.10085542150140893
2,rf_missing_pruned,599,0,0.08867947256868437,0.10085542150140893
2,rf_missing_pruned,602,0,0.07436013685661198,0.10085542150140893
2,rf_missing_pruned,608,0,0.023753191489361704,0.10085542150140893
2,rf_missing_pruned,610,0,0.043273919910805536,0.10085542150140893
2,rf_missing_pruned,614,0,0.04976265020269633,0.10085542150140893
2,rf_missing_pruned,616,0,0.10816127068032183,0.10085542150140893
2,rf_missing_pruned,623,0,0.029617739897011667,0.10085542150140893
2,rf_missing_pruned,624,0,0.05097872340425533,0.10085542150140893
2,rf_missing_pruned,626,0,0.0416354745245652,0.10085542150140893
2,rf_missing_pruned,634,1,0.10003801089887364,0.10085542150140893
2,rf_missing_pruned,637,0,0.04133285315051419,0.10085542150140893
2,rf_missing_pruned,638,0,0.04244645143038526,0.10085542150140893
2,rf_missing_pruned,645,0,0.04223823269580764,0.10085542150140893
2,rf_missing_pruned,646,0,0.019283932177915554,0.10085542150140893
2,rf_missing_pruned,651,0,0.06537464644776256,0.10085542150140893
2,rf_missing_pruned,653,0,0.0347279865473994,0.10085542150140893
2,rf_missing_pruned,656,0,0.02961036899009453,0.10085542150140893
2,rf_missing_pruned,657,0,0.06999154695825356,0.10085542150140893
2,rf_missing_pruned,667,0,0.07939400467383155,0.10085542150140893
2,rf_missing_pruned,670,0,0.051506382978723404,0.10085542150140893
2,rf_missing_pruned,673,0,0.049624936339410355,0.10085542150140893
2,rf_missing_pruned,686,0,0.06126904300228065,0.10085542150140893
2,rf_missing_pruned,690,0,0.08857580699682624,0.10085542150140893
2,rf_missing_pruned,696,0,0.062142274746530064,0.10085542150140893
2,rf_missing_pruned,699,0,0.04966965990953259,0.10085542150140893
2,rf_missing_pruned,716,0,0.08249489730484202,0.10085542150140893
2,rf_missing_pruned,723,0,0.035861309851403414,0.10085542150140893
2,rf_missing_pruned,727,0,0.0711560291748493,0.10085542150140893
2,rf_missing_pruned,732,0,0.02982955152892649,0.10085542150140893
2,rf_missing_pruned,734,0,0.030390042722389064,0.10085542150140893
2,rf_missing_pruned,744,0,0.0630424211445488,0.10085542150140893
2,rf_missing_pruned,749,0,0.04291063829787234,0.10085542150140893
2,rf_missing_pruned,755,0,0.044626976585489746,0.10085542150140893
2,rf_missing_pruned,758,0,0.062850698966929,0.10085542150140893
2,rf_missing_pruned,778,0,0.057970307572945884,0.10085542150140893
2,rf_missing_pruned,784,0,0.06705312680356537,0.10085542150140893
2,rf_missing_pruned,823,0,0.03513617021276595,0.10085542150140893
2,rf_missing_pruned,824,0,0.05669644863570684,0.10085542150140893
2,rf_missing_pruned,830,0,0.0286910504593137,0.10085542150140893
2,rf_missing_pruned,831,1,0.04952629544962026,0.10085542150140893
2,rf_missing_pruned,836,0,0.05472639561828523,0.10085542150140893
2,rf_missing_pruned,848,0,0.05472931299502609,0.10085542150140893
2,rf_missing_pruned,849,0,0.057486147674263466,0.10085542150140893
2,rf_missing_pruned,852,0,0.05347429247154513,0.10085542150140893
2,rf_missing_pruned,859,0,0.03585674931129476,0.10085542150140893
2,rf_missing_pruned,874,0,0.09598948667659686,0.10085542150140893
2,rf_missing_pruned,882,0,0.03927102803738317,0.10085542150140893
2,rf_missing_pruned,889,0,0.06981358233447563,0.10085542150140893
2,rf_missing_pruned,897,0,0.10114238277967585,0.10085542150140893
2,rf_missing_pruned,900,0,0.0338709332079405,0.10085542150140893
2,rf_missing_pruned,933,0,0.05404262787274552,0.10085542150140893
2,rf_missing_pruned,942,0,0.04662930543663867,0.10085542150140893
2,rf_missing_pruned,943,0,0.0826944065227863,0.10085542150140893
2,rf_missing_pruned,948,0,0.06043508299747146,0.10085542150140893
2,rf_missing_pruned,950,0,0.022927659574468084,0.10085542150140893
2,rf_missing_pruned,951,0,0.022942161532761723,0.10085542150140893
2,rf_missing_pruned,952,0,0.07033170189389688,0.10085542150140893
2,rf_missing_pruned,961,0,0.037887492378424495,0.10085542150140893
2,rf_missing_pruned,965,0,0.049271816780267076,0.10085542150140893
2,rf_missing_pruned,968,0,0.047595744680851065,0.10085542150140893
2,rf_missing_pruned,970,0,0.0881636261328166,0.10085542150140893
2,rf_missing_pruned,980,0,0.030926212935155028,0.10085542150140893
2,rf_missing_pruned,985,0,0.082152487842281,0.10085542150140893
2,rf_missing_pruned,992,0,0.06516904671113977,0.10085542150140893
2,rf_missing_pruned,997,0,0.03487641825740106,0.10085542150140893
2,rf_missing_pruned,1017,0,0.05443904258247311,0.10085542150140893
2,rf_missing_pruned,1022,0,0.06562347031542701,0.10085542150140893
2,rf_missing_pruned,1025,0,0.07842528848629544,0.10085542150140893
2,rf_missing_pruned,1030,0,0.08226262788365094,0.10085542150140893
2,rf_missing_pruned,1035,0,0.035248713886302865,0.10085542150140893
2,rf_missing_pruned,1046,0,0.07260230415944696,0.10085542150140893
2,rf_missing_pruned,1055,0,0.057230198943309246,0.10085542150140893
2,rf_missing_pruned,1056,0,0.0336284489205075,0.10085542150140893
2,rf_missing_pruned,1079,0,0.07719083633386944,0.10085542150140893
2,rf_missing_pruned,1088,0,0.06760319651315083,0.10085542150140893
2,rf_missing_pruned,1096,0,0.042524179267217056,0.10085542150140893
2,rf_missing_pruned,1101,0,0.03933589344404082,0.10085542150140893
2,rf_missing_pruned,1105,0,0.06444847322178884,0.10085542150140893
2,rf_missing_pruned,1119,0,0.03007137937309188,0.10085542150140893
2,rf_missing_pruned,1121,0,0.061680060130288775,0.10085542150140893
2,rf_missing_pruned,1125,0,0.03459056757662832,0.10085542150140893
2,rf_missing_pruned,1126,0,0.06685717900596756,0.10085542150140893
2,rf_missing_pruned,1132,0,0.092,0.10085542150140893
2,rf_missing_pruned,1146,0,0.049441018424121436,0.10085542150140893
2,rf_missing_pruned,1151,1,0.07503928071980528,0.10085542150140893
2,rf_missing_pruned,1168,0,0.03894711246200608,0.10085542150140893
2,rf_missing_pruned,1172,0,0.034126894266272696,0.10085542150140893
2,rf_missing_pruned,1176,0,0.07885439295313969,0.10085542150140893
2,rf_missing_pruned,1187,0,0.07079880344533855,0.10085542150140893
2,rf_missing_pruned,1188,0,0.08039478354807711,0.10085542150140893
2,rf_missing_pruned,1193,0,0.062769402804576,0.10085542150140893
2,rf_missing_pruned,1195,0,0.04560873582782334,0.10085542150140893
2,rf_missing_pruned,1235,0,0.06528317055463685,0.10085542150140893
2,rf_missing_pruned,1250,0,0.11146462477032243,0.10085542150140893
2,rf_missing_pruned,1255,0,0.059736170212765956,0.10085542150140893
2,rf_missing_pruned,1264,0,0.06146677236597537,0.10085542150140893
2,rf_missing_pruned,1276,0,0.03869429515978638,0.10085542150140893
2,rf_missing_pruned,1280,0,0.15653654618900717,0.10085542150140893
2,rf_missing_pruned,1285,0,0.038976915290576786,0.10085542150140893
2,rf_missing_pruned,1292,0,0.07692180862397682,0.10085542150140893
2,rf_missing_pruned,1293,0,0.078322929800646,0.10085542150140893
2,rf_missing_pruned,1297,0,0.11232101033064763,0.10085542150140893
2,rf_missing_pruned,1298,0,0.07829908814589666,0.10085542150140893
2,rf_missing_pruned,1299,0,0.12097556517769549,0.10085542150140893
2,rf_missing_pruned,1304,0,0.0925309040630279,0.10085542150140893
2,rf_missing_pruned,1324,1,0.1369023704416876,0.10085542150140893
2,rf_missing_pruned,1325,1,0.071227758320305,0.10085542150140893
2,rf_missing_pruned,1327,1,0.06689561945257537,0.10085542150140893
2,rf_missing_pruned,1329,1,0.06133975215118049,0.10085542150140893
2,rf_missing_pruned,1331,0,0.06120703516494172,0.10085542150140893
2,rf_missing_pruned,1335,0,0.015389139409336297,0.10085542150140893
2,rf_missing_pruned,1342,1,0.060622637127366256,0.10085542150140893
2,rf_missing_pruned,1372,0,0.06566777445020196,0.10085542150140893
2,rf_missing_pruned,1374,0,0.12057609195749332,0.10085542150140893
2,rf_missing_pruned,1391,0,0.042895578330893115,0.10085542150140893
2,rf_missing_pruned,1392,0,0.03481813022785486,0.10085542150140893
2,rf_missing_pruned,1399,0,0.03784309934292558,0.10085542150140893
2,rf_missing_pruned,1401,0,0.05368967909993869,0.10085542150140893
2,rf_missing_pruned,1410,0,0.04990073470081114,0.10085542150140893
2,rf_missing_pruned,1419,0,0.0599594998692587,0.10085542150140893
2,rf_missing_pruned,1425,0,0.038767496188761345,0.10085542150140893
2,rf_missing_pruned,1428,0,0.02740425531914894,0.10085542150140893
2,rf_missing_pruned,1443,1,0.09245861762374015,0.10085542150140893
2,rf_missing_pruned,1449,0,0.06840067895651039,0.10085542150140893
2,rf_missing_pruned,1457,0,0.061188594840957775,0.10085542150140893
2,rf_missing_pruned,1458,0,0.11292707963576362,0.10085542150140893
2,rf_missing_pruned,1461,0,0.09049580586800986,0.10085542150140893
2,rf_missing_pruned,1465,0,0.022621276595744682,0.10085542150140893
2,rf_missing_pruned,1476,0,0.030631515131105444,0.10085542150140893
2,rf_missing_pruned,1483,0,0.03745950272481077,0.10085542150140893
2,rf_missing_pruned,1485,0,0.05793524358987273,0.10085542150140893
2,rf_missing_pruned,1489,0,0.06806395132309313,0.10085542150140893
2,rf_missing_pruned,1507,0,0.06301113637549663,0.10085542150140893
2,rf_missing_pruned,1511,0,0.03520955679249969,0.10085542150140893
2,rf_missing_pruned,1516,0,0.04693365027693533,0.10085542150140893
2,rf_missing_pruned,1518,0,0.029815392457554657,0.10085542150140893
2,rf_missing_pruned,1534,0,0.030646808510638297,0.10085542150140893
2,rf_missing_pruned,1539,0,0.030617719943669963,0.10085542150140893
2,rf_missing_pruned,1544,0,0.057416963820370315,0.10085542150140893
2,rf_missing_pruned,1547,0,0.05817448607860575,0.10085542150140893
2,rf_missing_pruned,1550,0,0.039170212765957446,0.10085542150140893
2,rf_missing_pruned,1558,0,0.02690212765957447,0.10085542150140893
2,rf_missing_pruned,1561,0,0.051273605021461215,0.10085542150140893
2,rf_missing_pruned,1564,0,0.04784300718629077,0.10085542150140893
2,balanced_rf,3,0,0.47333333333333333,0.4366666666666667
2,balanced_rf,7,0,0.54,0.4366666666666667
2,balanced_rf,16,0,0.2853333333333333,0.4366666666666667
2,balanced_rf,27,0,0.5946666666666668,0.4366666666666667
2,balanced_rf,28,0,0.5093333333333334,0.4366666666666667
2,balanced_rf,30,0,0.38933333333333336,0.4366666666666667
2,balanced_rf,32,0,0.45366666666666666,0.4366666666666667
2,balanced_rf,39,0,0.36333333333333334,0.4366666666666667
2,balanced_rf,56,0,0.4933333333333333,0.4366666666666667
2,balanced_rf,60,0,0.6090000000000001,0.4366666666666667
2,balanced_rf,71,0,0.5666666666666665,0.4366666666666667
2,balanced_rf,74,0,0.4406666666666667,0.4366666666666667
2,balanced_rf,89,0,0.4253333333333334,0.4366666666666667
2,balanced_rf,90,0,0.4610000000000001,0.4366666666666667
2,balanced_rf,92,0,0.4593333333333333,0.4366666666666667
2,balanced_rf,93,0,0.558,0.4366666666666667
2,balanced_rf,99,0,0.5513333333333332,0.4366666666666667
2,balanced_rf,106,0,0.44399999999999995,0.4366666666666667
2,balanced_rf,110,0,0.6133333333333334,0.4366666666666667
2,balanced_rf,120,0,0.37933333333333336,0.4366666666666667
2,balanced_rf,127,0,0.5093333333333333,0.4366666666666667
2,balanced_rf,135,0,0.448,0.4366666666666667
2,balanced_rf,136,0,0.434,0.4366666666666667
2,balanced_rf,143,0,0.5226666666666667,0.4366666666666667
2,balanced_rf,148,0,0.4793333333333334,0.4366666666666667
2,balanced_rf,155,0,0.45600000000000007,0.4366666666666667
2,balanced_rf,156,0,0.4606666666666667,0.4366666666666667
2,balanced_rf,158,1,0.4176666666666667,0.4366666666666667
2,balanced_rf,160,0,0.49799999999999994,0.4366666666666667
2,balanced_rf,164,0,0.4173333333333333,0.4366666666666667
2,balanced_rf,188,1,0.629,0.4366666666666667
2,balanced_rf,196,0,0.43000000000000005,0.4366666666666667
2,balanced_rf,197,0,0.40066666666666656,0.4366666666666667
2,balanced_rf,200,0,0.5203333333333332,0.4366666666666667
2,balanced_rf,203,0,0.5066666666666666,0.4366666666666667
2,balanced_rf,210,0,0.4593333333333333,0.4366666666666667
2,balanced_rf,211,0,0.3973333333333333,0.4366666666666667
2,balanced_rf,214,0,0.48999999999999994,0.4366666666666667
2,balanced_rf,225,0,0.4739999999999999,0.4366666666666667
2,balanced_rf,227,0,0.5166666666666667,0.4366666666666667
2,balanced_rf,239,0,0.42666666666666664,0.4366666666666667
2,balanced_rf,243,1,0.6720000000000002,0.4366666666666667
2,balanced_rf,251,0,0.45466666666666666,0.4366666666666667
2,balanced_rf,253,0,0.44133333333333336,0.4366666666666667
2,balanced_rf,257,0,0.39266666666666666,0.4366666666666667
2,balanced_rf,260,0,0.29,0.4366666666666667
2,balanced_rf,271,0,0.4533333333333333,0.4366666666666667
2,balanced_rf,274,0,0.43933333333333335,0.4366666666666667
2,balanced_rf,276,0,0.4746666666666666,0.4366666666666667
2,balanced_rf,286,0,0.393,0.4366666666666667
2,balanced_rf,292,0,0.386,0.4366666666666667
2,balanced_rf,301,0,0.472,0.4366666666666667
2,balanced_rf,311,0,0.38466666666666677,0.4366666666666667
2,balanced_rf,327,1,0.456,0.4366666666666667
2,balanced_rf,339,0,0.3373333333333333,0.4366666666666667
2,balanced_rf,347,0,0.516,0.4366666666666667
2,balanced_rf,360,0,0.4706666666666667,0.4366666666666667
2,balanced_rf,361,0,0.36333333333333334,0.4366666666666667
2,balanced_rf,368,1,0.43799999999999994,0.4366666666666667
2,balanced_rf,371,0,0.4346666666666667,0.4366666666666667
2,balanced_rf,378,0,0.32333333333333336,0.4366666666666667
2,balanced_rf,379,0,0.5000000000000001,0.4366666666666667
2,balanced_rf,396,0,0.33800000000000013,0.4366666666666667
2,balanced_rf,401,0,0.458,0.4366666666666667
2,balanced_rf,409,0,0.33133333333333337,0.4366666666666667
2,balanced_rf,411,0,0.3226666666666667,0.4366666666666667
2,balanced_rf,415,0,0.382,0.4366666666666667
2,balanced_rf,418,0,0.3506666666666667,0.4366666666666667
2,balanced_rf,441,1,0.34800000000000003,0.4366666666666667
2,balanced_rf,451,0,0.4006666666666666,0.4366666666666667
2,balanced_rf,454,0,0.37800000000000006,0.4366666666666667
2,balanced_rf,466,0,0.43533333333333335,0.4366666666666667
2,balanced_rf,467,0,0.3493333333333334,0.4366666666666667
2,balanced_rf,468,0,0.2773333333333333,0.4366666666666667
2,balanced_rf,482,0,0.3193333333333333,0.4366666666666667
2,balanced_rf,483,0,0.5073333333333333,0.4366666666666667
2,balanced_rf,491,0,0.278,0.4366666666666667
2,balanced_rf,494,0,0.3086666666666667,0.4366666666666667
2,balanced_rf,508,1,0.44466666666666665,0.4366666666666667
2,balanced_rf,511,0,0.40333333333333327,0.4366666666666667
2,balanced_rf,514,0,0.3753333333333333,0.4366666666666667
2,balanced_rf,516,0,0.4093333333333333,0.4366666666666667
2,balanced_rf,529,0,0.4153333333333334,0.4366666666666667
2,balanced_rf,543,0,0.4286666666666667,0.4366666666666667
2,balanced_rf,546,0,0.3626666666666667,0.4366666666666667
2,balanced_rf,547,0,0.33133333333333337,0.4366666666666667
2,balanced_rf,554,0,0.3766666666666667,0.4366666666666667
2,balanced_rf,562,0,0.29333333333333333,0.4366666666666667
2,balanced_rf,568,0,0.2253333333333333,0.4366666666666667
2,balanced_rf,578,0,0.4113333333333333,0.4366666666666667
2,balanced_rf,585,0,0.38699999999999996,0.4366666666666667
2,balanced_rf,599,0,0.37966666666666665,0.4366666666666667
2,balanced_rf,602,0,0.4060000000000001,0.4366666666666667
2,balanced_rf,608,0,0.2726666666666666,0.4366666666666667
2,balanced_rf,610,0,0.332,0.4366666666666667
2,balanced_rf,614,0,0.37133333333333335,0.4366666666666667
2,balanced_rf,616,0,0.4106666666666666,0.4366666666666667
2,balanced_rf,623,0,0.2836666666666667,0.4366666666666667
2,balanced_rf,624,0,0.252,0.4366666666666667
2,balanced_rf,626,0,0.31733333333333325,0.4366666666666667
2,balanced_rf,634,1,0.48,0.4366666666666667
2,balanced_rf,637,0,0.35000000000000003,0.4366666666666667
2,balanced_rf,638,0,0.30933333333333335,0.4366666666666667
2,balanced_rf,645,0,0.36666666666666664,0.4366666666666667
2,balanced_rf,646,0,0.251,0.4366666666666667
2,balanced_rf,651,0,0.36333333333333334,0.4366666666666667
2,balanced_rf,653,0,0.37700000000000006,0.4366666666666667
2,balanced_rf,656,0,0.35733333333333334,0.4366666666666667
2,balanced_rf,657,0,0.41733333333333333,0.4366666666666667
2,balanced_rf,667,0,0.32166666666666666,0.4366666666666667
2,balanced_rf,670,0,0.39599999999999996,0.4366666666666667
2,balanced_rf,673,0,0.24133333333333332,0.4366666666666667
2,balanced_rf,686,0,0.35333333333333333,0.4366666666666667
2,balanced_rf,690,0,0.44133333333333336,0.4366666666666667
2,balanced_rf,696,0,0.34600000000000003,0.4366666666666667
2,balanced_rf,699,0,0.272,0.4366666666666667
2,balanced_rf,716,0,0.3433333333333334,0.4366666666666667
2,balanced_rf,723,0,0.3623333333333333,0.4366666666666667
2,balanced_rf,727,0,0.3386666666666666,0.4366666666666667
2,balanced_rf,732,0,0.2833333333333333,0.4366666666666667
2,balanced_rf,734,0,0.2766666666666666,0.4366666666666667
2,balanced_rf,744,0,0.31000000000000005,0.4366666666666667
2,balanced_rf,749,0,0.2506666666666667,0.4366666666666667
2,balanced_rf,755,0,0.30133333333333334,0.4366666666666667
2,balanced_rf,758,0,0.2806666666666667,0.4366666666666667
2,balanced_rf,778,0,0.4043333333333333,0.4366666666666667
2,balanced_rf,784,0,0.3226666666666666,0.4366666666666667
2,balanced_rf,823,0,0.3166666666666667,0.4366666666666667
2,balanced_rf,824,0,0.356,0.4366666666666667
2,balanced_rf,830,0,0.2086666666666667,0.4366666666666667
2,balanced_rf,831,1,0.3333333333333333,0.4366666666666667
2,balanced_rf,836,0,0.36466666666666664,0.4366666666666667
2,balanced_rf,848,0,0.38066666666666676,0.4366666666666667
2,balanced_rf,849,0,0.38266666666666665,0.4366666666666667
2,balanced_rf,852,0,0.33866666666666656,0.4366666666666667
2,balanced_rf,859,0,0.3153333333333333,0.4366666666666667
2,balanced_rf,874,0,0.4053333333333333,0.4366666666666667
2,balanced_rf,882,0,0.24333333333333335,0.4366666666666667
2,balanced_rf,889,0,0.402,0.4366666666666667
2,balanced_rf,897,0,0.3973333333333333,0.4366666666666667
2,balanced_rf,900,0,0.2706666666666666,0.4366666666666667
2,balanced_rf,933,0,0.322,0.4366666666666667
2,balanced_rf,942,0,0.414,0.4366666666666667
2,balanced_rf,943,0,0.4043333333333334,0.4366666666666667
2,balanced_rf,948,0,0.258,0.4366666666666667
2,balanced_rf,950,0,0.24600000000000002,0.4366666666666667
2,balanced_rf,951,0,0.3473333333333333,0.4366666666666667
2,balanced_rf,952,0,0.381,0.4366666666666667
2,balanced_rf,961,0,0.31666666666666676,0.4366666666666667
2,balanced_rf,965,0,0.3106666666666667,0.4366666666666667
2,balanced_rf,968,0,0.3126666666666667,0.4366666666666667
2,balanced_rf,970,0,0.3966666666666666,0.4366666666666667
2,balanced_rf,980,0,0.3366666666666666,0.4366666666666667
2,balanced_rf,985,0,0.39733333333333337,0.4366666666666667
2,balanced_rf,992,0,0.2733333333333334,0.4366666666666667
2,balanced_rf,997,0,0.2573333333333333,0.4366666666666667
2,balanced_rf,1017,0,0.3266666666666666,0.4366666666666667
2,balanced_rf,1022,0,0.3773333333333333,0.4366666666666667
2,balanced_rf,1025,0,0.3896666666666666,0.4366666666666667
2,balanced_rf,1030,0,0.322,0.4366666666666667
2,balanced_rf,1035,0,0.2913333333333334,0.4366666666666667
2,balanced_rf,1046,0,0.3426666666666667,0.4366666666666667
2,balanced_rf,1055,0,0.44733333333333336,0.4366666666666667
2,balanced_rf,1056,0,0.3786666666666667,0.4366666666666667
2,balanced_rf,1079,0,0.43466666666666665,0.4366666666666667
2,balanced_rf,1088,0,0.4026666666666667,0.4366666666666667
2,balanced_rf,1096,0,0.2966666666666667,0.4366666666666667
2,balanced_rf,1101,0,0.38999999999999996,0.4366666666666667
2,balanced_rf,1105,0,0.3980000000000001,0.4366666666666667
2,balanced_rf,1119,0,0.24333333333333335,0.4366666666666667
2,balanced_rf,1121,0,0.312,0.4366666666666667
2,balanced_rf,1125,0,0.2876666666666666,0.4366666666666667
2,balanced_rf,1126,0,0.3453333333333333,0.4366666666666667
2,balanced_rf,1132,0,0.39199999999999996,0.4366666666666667
2,balanced_rf,1146,0,0.4136666666666667,0.4366666666666667
2,balanced_rf,1151,1,0.3126666666666667,0.4366666666666667
2,balanced_rf,1168,0,0.354,0.4366666666666667
2,balanced_rf,1172,0,0.312,0.4366666666666667
2,balanced_rf,1176,0,0.3173333333333333,0.4366666666666667
2,balanced_rf,1187,0,0.4413333333333333,0.4366666666666667
2,balanced_rf,1188,0,0.38599999999999995,0.4366666666666667
2,balanced_rf,1193,0,0.42533333333333334,0.4366666666666667
2,balanced_rf,1195,0,0.3353333333333333,0.4366666666666667
2,balanced_rf,1235,0,0.346,0.4366666666666667
2,balanced_rf,1250,0,0.424,0.4366666666666667
2,balanced_rf,1255,0,0.35533333333333333,0.4366666666666667
2,balanced_rf,1264,0,0.3486666666666667,0.4366666666666667
2,balanced_rf,1276,0,0.2933333333333334,0.4366666666666667
2,balanced_rf,1280,0,0.44333333333333336,0.4366666666666667
2,balanced_rf,1285,0,0.32000000000000006,0.4366666666666667
2,balanced_rf,1292,0,0.42,0.4366666666666667
2,balanced_rf,1293,0,0.40266666666666673,0.4366666666666667
2,balanced_rf,1297,0,0.4426666666666667,0.4366666666666667
2,balanced_rf,1298,0,0.39066666666666666,0.4366666666666667
2,balanced_rf,1299,0,0.38133333333333336,0.4366666666666667
2,balanced_rf,1304,0,0.4013333333333334,0.4366666666666667
2,balanced_rf,1324,1,0.4026666666666667,0.4366666666666667
2,balanced_rf,1325,1,0.3493333333333334,0.4366666666666667
2,balanced_rf,1327,1,0.33266666666666667,0.4366666666666667
2,balanced_rf,1329,1,0.3246666666666666,0.4366666666666667
2,balanced_rf,1331,0,0.3433333333333333,0.4366666666666667
2,balanced_rf,1335,0,0.2533333333333333,0.4366666666666667
2,balanced_rf,1342,1,0.226,0.4366666666666667
2,balanced_rf,1372,0,0.24533333333333335,0.4366666666666667
2,balanced_rf,1374,0,0.4030000000000001,0.4366666666666667
2,balanced_rf,1391,0,0.234,0.4366666666666667
2,balanced_rf,1392,0,0.22466666666666665,0.4366666666666667
2,balanced_rf,1399,0,0.2820000000000001,0.4366666666666667
2,balanced_rf,1401,0,0.374,0.4366666666666667
2,balanced_rf,1410,0,0.4276666666666667,0.4366666666666667
2,balanced_rf,1419,0,0.314,0.4366666666666667
2,balanced_rf,1425,0,0.3293333333333333,0.4366666666666667
2,balanced_rf,1428,0,0.216,0.4366666666666667
2,balanced_rf,1443,1,0.388,0.4366666666666667
2,balanced_rf,1449,0,0.2633333333333333,0.4366666666666667
2,balanced_rf,1457,0,0.22799999999999998,0.4366666666666667
2,balanced_rf,1458,0,0.47200000000000003,0.4366666666666667
2,balanced_rf,1461,0,0.34,0.4366666666666667
2,balanced_rf,1465,0,0.206,0.4366666666666667
2,balanced_rf,1476,0,0.282,0.4366666666666667
2,balanced_rf,1483,0,0.21333333333333335,0.4366666666666667
2,balanced_rf,1485,0,0.32133333333333336,0.4366666666666667
2,balanced_rf,1489,0,0.3813333333333333,0.4366666666666667
2,balanced_rf,1507,0,0.33866666666666667,0.4366666666666667
2,balanced_rf,1511,0,0.25733333333333336,0.4366666666666667
2,balanced_rf,1516,0,0.2773333333333333,0.4366666666666667
2,balanced_rf,1518,0,0.2846666666666666,0.4366666666666667
2,balanced_rf,1534,0,0.202,0.4366666666666667
2,balanced_rf,1539,0,0.343,0.4366666666666667
2,balanced_rf,1544,0,0.3006666666666666,0.4366666666666667
2,balanced_rf,1547,0,0.2933333333333334,0.4366666666666667
2,balanced_rf,1550,0,0.2786666666666666,0.4366666666666667
2,balanced_rf,1558,0,0.2693333333333333,0.4366666666666667
2,balanced_rf,1561,0,0.31133333333333335,0.4366666666666667
2,balanced_rf,1564,0,0.2963333333333334,0.4366666666666667
2,balanced_rf_missing,3,0,0.4893333333333333,0.45199999999999996
2,balanced_rf_missing,7,0,0.5036666666666667,0.45199999999999996
2,balanced_rf_missing,16,0,0.35733333333333334,0.45199999999999996
2,balanced_rf_missing,27,0,0.5466666666666666,0.45199999999999996
2,balanced_rf_missing,28,0,0.4666666666666666,0.45199999999999996
2,balanced_rf_missing,30,0,0.4033333333333333,0.45199999999999996
2,balanced_rf_missing,32,0,0.47766666666666663,0.45199999999999996
2,balanced_rf_missing,39,0,0.34933333333333333,0.45199999999999996
2,balanced_rf_missing,56,0,0.482,0.45199999999999996
2,balanced_rf_missing,60,0,0.6333333333333335,0.45199999999999996
2,balanced_rf_missing,71,0,0.5113333333333333,0.45199999999999996
2,balanced_rf_missing,74,0,0.412,0.45199999999999996
2,balanced_rf_missing,89,0,0.42533333333333334,0.45199999999999996
2,balanced_rf_missing,90,0,0.41999999999999993,0.45199999999999996
2,balanced_rf_missing,92,0,0.4716666666666666,0.45199999999999996
2,balanced_rf_missing,93,0,0.5266666666666666,0.45199999999999996
2,balanced_rf_missing,99,0,0.5113333333333334,0.45199999999999996
2,balanced_rf_missing,106,0,0.38733333333333336,0.45199999999999996
2,balanced_rf_missing,110,0,0.524,0.45199999999999996
2,balanced_rf_missing,120,0,0.4323333333333333,0.45199999999999996
2,balanced_rf_missing,127,0,0.51,0.45199999999999996
2,balanced_rf_missing,135,0,0.448,0.45199999999999996
2,balanced_rf_missing,136,0,0.32733333333333337,0.45199999999999996
2,balanced_rf_missing,143,0,0.532,0.45199999999999996
2,balanced_rf_missing,148,0,0.3913333333333333,0.45199999999999996
2,balanced_rf_missing,155,0,0.38399999999999995,0.45199999999999996
2,balanced_rf_missing,156,0,0.49333333333333335,0.45199999999999996
2,balanced_rf_missing,158,1,0.3726666666666667,0.45199999999999996
2,balanced_rf_missing,160,0,0.46,0.45199999999999996
2,balanced_rf_missing,164,0,0.438,0.45199999999999996
2,balanced_rf_missing,188,1,0.588,0.45199999999999996
2,balanced_rf_missing,196,0,0.486,0.45199999999999996
2,balanced_rf_missing,197,0,0.5143333333333333,0.45199999999999996
2,balanced_rf_missing,200,0,0.5360000000000001,0.45199999999999996
2,balanced_rf_missing,203,0,0.5626666666666666,0.45199999999999996
2,balanced_rf_missing,210,0,0.5166666666666667,0.45199999999999996
2,balanced_rf_missing,211,0,0.4273333333333333,0.45199999999999996
2,balanced_rf_missing,214,0,0.5496666666666667,0.45199999999999996
2,balanced_rf_missing,225,0,0.4673333333333334,0.45199999999999996
2,balanced_rf_missing,227,0,0.5093333333333334,0.45199999999999996
2,balanced_rf_missing,239,0,0.41200000000000003,0.45199999999999996
2,balanced_rf_missing,243,1,0.5946666666666667,0.45199999999999996
2,balanced_rf_missing,251,0,0.4013333333333334,0.45199999999999996
2,balanced_rf_missing,253,0,0.4353333333333333,0.45199999999999996
2,balanced_rf_missing,257,0,0.4456666666666667,0.45199999999999996
2,balanced_rf_missing,260,0,0.30033333333333323,0.45199999999999996
2,balanced_rf_missing,271,0,0.5046666666666667,0.45199999999999996
2,balanced_rf_missing,274,0,0.445,0.45199999999999996
2,balanced_rf_missing,276,0,0.44733333333333336,0.45199999999999996
2,balanced_rf_missing,286,0,0.418,0.45199999999999996
2,balanced_rf_missing,292,0,0.392,0.45199999999999996
2,balanced_rf_missing,301,0,0.398,0.45199999999999996
2,balanced_rf_missing,311,0,0.372,0.45199999999999996
2,balanced_rf_missing,327,1,0.447,0.45199999999999996
2,balanced_rf_missing,339,0,0.31266666666666665,0.45199999999999996
2,balanced_rf_missing,347,0,0.532,0.45199999999999996
2,balanced_rf_missing,360,0,0.5063333333333333,0.45199999999999996
2,balanced_rf_missing,361,0,0.3213333333333333,0.45199999999999996
2,balanced_rf_missing,368,1,0.42933333333333323,0.45199999999999996
2,balanced_rf_missing,371,0,0.5013333333333334,0.45199999999999996
2,balanced_rf_missing,378,0,0.3980000000000001,0.45199999999999996
2,balanced_rf_missing,379,0,0.43,0.45199999999999996
2,balanced_rf_missing,396,0,0.376,0.45199999999999996
2,balanced_rf_missing,401,0,0.4173333333333333,0.45199999999999996
2,balanced_rf_missing,409,0,0.3353333333333333,0.45199999999999996
2,balanced_rf_missing,411,0,0.3833333333333333,0.45199999999999996
2,balanced_rf_missing,415,0,0.33266666666666667,0.45199999999999996
2,balanced_rf_missing,418,0,0.38000000000000006,0.45199999999999996
2,balanced_rf_missing,441,1,0.3773333333333333,0.45199999999999996
2,balanced_rf_missing,451,0,0.3273333333333333,0.45199999999999996
2,balanced_rf_missing,454,0,0.36133333333333334,0.45199999999999996
2,balanced_rf_missing,466,0,0.4023333333333334,0.45199999999999996
2,balanced_rf_missing,467,0,0.3406666666666667,0.45199999999999996
2,balanced_rf_missing,468,0,0.32933333333333337,0.45199999999999996
2,balanced_rf_missing,482,0,0.3286666666666666,0.45199999999999996
2,balanced_rf_missing,483,0,0.4460000000000001,0.45199999999999996
2,balanced_rf_missing,491,0,0.3083333333333333,0.45199999999999996
2,balanced_rf_missing,494,0,0.3846666666666666,0.45199999999999996
2,balanced_rf_missing,508,1,0.4266666666666667,0.45199999999999996
2,balanced_rf_missing,511,0,0.3486666666666667,0.45199999999999996
2,balanced_rf_missing,514,0,0.43266666666666675,0.45199999999999996
2,balanced_rf_missing,516,0,0.36666666666666664,0.45199999999999996
2,balanced_rf_missing,529,0,0.38533333333333336,0.45199999999999996
2,balanced_rf_missing,543,0,0.44,0.45199999999999996
2,balanced_rf_missing,546,0,0.3686666666666666,0.45199999999999996
2,balanced_rf_missing,547,0,0.36199999999999993,0.45199999999999996
2,balanced_rf_missing,554,0,0.35333333333333333,0.45199999999999996
2,balanced_rf_missing,562,0,0.3393333333333334,0.45199999999999996
2,balanced_rf_missing,568,0,0.2833333333333333,0.45199999999999996
2,balanced_rf_missing,578,0,0.43400000000000005,0.45199999999999996
2,balanced_rf_missing,585,0,0.39200000000000007,0.45199999999999996
2,balanced_rf_missing,599,0,0.3673333333333333,0.45199999999999996
2,balanced_rf_missing,602,0,0.3893333333333333,0.45199999999999996
2,balanced_rf_missing,608,0,0.282,0.45199999999999996
2,balanced_rf_missing,610,0,0.3406666666666667,0.45199999999999996
2,balanced_rf_missing,614,0,0.3366666666666666,0.45199999999999996
2,balanced_rf_missing,616,0,0.4133333333333334,0.45199999999999996
2,balanced_rf_missing,623,0,0.23600000000000002,0.45199999999999996
2,balanced_rf_missing,624,0,0.268,0.45199999999999996
2,balanced_rf_missing,626,0,0.33999999999999997,0.45199999999999996
2,balanced_rf_missing,634,1,0.4093333333333333,0.45199999999999996
2,balanced_rf_missing,637,0,0.3673333333333333,0.45199999999999996
2,balanced_rf_missing,638,0,0.32,0.45199999999999996
2,balanced_rf_missing,645,0,0.33933333333333343,0.45199999999999996
2,balanced_rf_missing,646,0,0.2733333333333333,0.45199999999999996
2,balanced_rf_missing,651,0,0.35666666666666663,0.45199999999999996
2,balanced_rf_missing,653,0,0.362,0.45199999999999996
2,balanced_rf_missing,656,0,0.315,0.45199999999999996
2,balanced_rf_missing,657,0,0.3980000000000001,0.45199999999999996
2,balanced_rf_missing,667,0,0.33266666666666656,0.45199999999999996
2,balanced_rf_missing,670,0,0.43966666666666665,0.45199999999999996
2,balanced_rf_missing,673,0,0.3686666666666667,0.45199999999999996
2,balanced_rf_missing,686,0,0.3746666666666667,0.45199999999999996
2,balanced_rf_missing,690,0,0.39333333333333337,0.45199999999999996
2,balanced_rf_missing,696,0,0.36400000000000005,0.45199999999999996
2,balanced_rf_missing,699,0,0.32633333333333336,0.45199999999999996
2,balanced_rf_missing,716,0,0.3586666666666667,0.45199999999999996
2,balanced_rf_missing,723,0,0.3826666666666667,0.45199999999999996
2,balanced_rf_missing,727,0,0.3653333333333333,0.45199999999999996
2,balanced_rf_missing,732,0,0.2919999999999999,0.45199999999999996
2,balanced_rf_missing,734,0,0.2813333333333333,0.45199999999999996
2,balanced_rf_missing,744,0,0.3253333333333333,0.45199999999999996
2,balanced_rf_missing,749,0,0.274,0.45199999999999996
2,balanced_rf_missing,755,0,0.3433333333333333,0.45199999999999996
2,balanced_rf_missing,758,0,0.284,0.45199999999999996
2,balanced_rf_missing,778,0,0.3213333333333333,0.45199999999999996
2,balanced_rf_missing,784,0,0.36,0.45199999999999996
2,balanced_rf_missing,823,0,0.3193333333333333,0.45199999999999996
2,balanced_rf_missing,824,0,0.368,0.45199999999999996
2,balanced_rf_missing,830,0,0.28733333333333333,0.45199999999999996
2,balanced_rf_missing,831,1,0.3553333333333334,0.45199999999999996
2,balanced_rf_missing,836,0,0.39399999999999996,0.45199999999999996
2,balanced_rf_missing,848,0,0.37866666666666665,0.45199999999999996
2,balanced_rf_missing,849,0,0.354,0.45199999999999996
2,balanced_rf_missing,852,0,0.30933333333333335,0.45199999999999996
2,balanced_rf_missing,859,0,0.318,0.45199999999999996
2,balanced_rf_missing,874,0,0.4186666666666667,0.45199999999999996
2,balanced_rf_missing,882,0,0.282,0.45199999999999996
2,balanced_rf_missing,889,0,0.3940000000000001,0.45199999999999996
2,balanced_rf_missing,897,0,0.3913333333333333,0.45199999999999996
2,balanced_rf_missing,900,0,0.24899999999999997,0.45199999999999996
2,balanced_rf_missing,933,0,0.293,0.45199999999999996
2,balanced_rf_missing,942,0,0.42466666666666675,0.45199999999999996
2,balanced_rf_missing,943,0,0.4473333333333333,0.45199999999999996
2,balanced_rf_missing,948,0,0.2853333333333334,0.45199999999999996
2,balanced_rf_missing,950,0,0.2653333333333333,0.45199999999999996
2,balanced_rf_missing,951,0,0.2973333333333334,0.45199999999999996
2,balanced_rf_missing,952,0,0.43599999999999994,0.45199999999999996
2,balanced_rf_missing,961,0,0.2826666666666667,0.45199999999999996
2,balanced_rf_missing,965,0,0.2746666666666666,0.45199999999999996
2,balanced_rf_missing,968,0,0.31866666666666665,0.45199999999999996
2,balanced_rf_missing,970,0,0.4456666666666667,0.45199999999999996
2,balanced_rf_missing,980,0,0.30066666666666664,0.45199999999999996
2,balanced_rf_missing,985,0,0.4346666666666667,0.45199999999999996
2,balanced_rf_missing,992,0,0.27133333333333337,0.45199999999999996
2,balanced_rf_missing,997,0,0.24666666666666665,0.45199999999999996
2,balanced_rf_missing,1017,0,0.3433333333333334,0.45199999999999996
2,balanced_rf_missing,1022,0,0.42600000000000005,0.45199999999999996
2,balanced_rf_missing,1025,0,0.415,0.45199999999999996
2,balanced_rf_missing,1030,0,0.36933333333333335,0.45199999999999996
2,balanced_rf_missing,1035,0,0.31,0.45199999999999996
2,balanced_rf_missing,1046,0,0.3666666666666667,0.45199999999999996
2,balanced_rf_missing,1055,0,0.4423333333333333,0.45199999999999996
2,balanced_rf_missing,1056,0,0.3133333333333333,0.45199999999999996
2,balanced_rf_missing,1079,0,0.3853333333333333,0.45199999999999996
2,balanced_rf_missing,1088,0,0.3953333333333333,0.45199999999999996
2,balanced_rf_missing,1096,0,0.3473333333333334,0.45199999999999996
2,balanced_rf_missing,1101,0,0.3693333333333333,0.45199999999999996
2,balanced_rf_missing,1105,0,0.366,0.45199999999999996
2,balanced_rf_missing,1119,0,0.2693333333333333,0.45199999999999996
2,balanced_rf_missing,1121,0,0.38,0.45199999999999996
2,balanced_rf_missing,1125,0,0.31,0.45199999999999996
2,balanced_rf_missing,1126,0,0.3433333333333333,0.45199999999999996
2,balanced_rf_missing,1132,0,0.428,0.45199999999999996
2,balanced_rf_missing,1146,0,0.4213333333333334,0.45199999999999996
2,balanced_rf_missing,1151,1,0.3306666666666666,0.45199999999999996
2,balanced_rf_missing,1168,0,0.37499999999999994,0.45199999999999996
2,balanced_rf_missing,1172,0,0.31066666666666665,0.45199999999999996
2,balanced_rf_missing,1176,0,0.33866666666666667,0.45199999999999996
2,balanced_rf_missing,1187,0,0.3753333333333333,0.45199999999999996
2,balanced_rf_missing,1188,0,0.432,0.45199999999999996
2,balanced_rf_missing,1193,0,0.4086666666666666,0.45199999999999996
2,balanced_rf_missing,1195,0,0.3166666666666667,0.45199999999999996
2,balanced_rf_missing,1235,0,0.37,0.45199999999999996
2,balanced_rf_missing,1250,0,0.39199999999999996,0.45199999999999996
2,balanced_rf_missing,1255,0,0.406,0.45199999999999996
2,balanced_rf_missing,1264,0,0.3593333333333334,0.45199999999999996
2,balanced_rf_missing,1276,0,0.3226666666666667,0.45199999999999996
2,balanced_rf_missing,1280,0,0.4773333333333334,0.45199999999999996
2,balanced_rf_missing,1285,0,0.306,0.45199999999999996
2,balanced_rf_missing,1292,0,0.4413333333333333,0.45199999999999996
2,balanced_rf_missing,1293,0,0.3073333333333333,0.45199999999999996
2,balanced_rf_missing,1297,0,0.3993333333333334,0.45199999999999996
2,balanced_rf_missing,1298,0,0.42066666666666663,0.45199999999999996
2,balanced_rf_missing,1299,0,0.3786666666666667,0.45199999999999996
2,balanced_rf_missing,1304,0,0.39399999999999996,0.45199999999999996
2,balanced_rf_missing,1324,1,0.3936666666666666,0.45199999999999996
2,balanced_rf_missing,1325,1,0.36799999999999994,0.45199999999999996
2,balanced_rf_missing,1327,1,0.344,0.45199999999999996
2,balanced_rf_missing,1329,1,0.361,0.45199999999999996
2,balanced_rf_missing,1331,0,0.41733333333333344,0.45199999999999996
2,balanced_rf_missing,1335,0,0.27,0.45199999999999996
2,balanced_rf_missing,1342,1,0.26333333333333325,0.45199999999999996
2,balanced_rf_missing,1372,0,0.24399999999999997,0.45199999999999996
2,balanced_rf_missing,1374,0,0.4233333333333334,0.45199999999999996
2,balanced_rf_missing,1391,0,0.26,0.45199999999999996
2,balanced_rf_missing,1392,0,0.26533333333333337,0.45199999999999996
2,balanced_rf_missing,1399,0,0.29466666666666663,0.45199999999999996
2,balanced_rf_missing,1401,0,0.3346666666666666,0.45199999999999996
2,balanced_rf_missing,1410,0,0.44,0.45199999999999996
2,balanced_rf_missing,1419,0,0.32333333333333325,0.45199999999999996
2,balanced_rf_missing,1425,0,0.37200000000000005,0.45199999999999996
2,balanced_rf_missing,1428,0,0.2726666666666666,0.45199999999999996
2,balanced_rf_missing,1443,1,0.3726666666666667,0.45199999999999996
2,balanced_rf_missing,1449,0,0.2793333333333334,0.45199999999999996
2,balanced_rf_missing,1457,0,0.282,0.45199999999999996
2,balanced_rf_missing,1458,0,0.41066666666666674,0.45199999999999996
2,balanced_rf_missing,1461,0,0.3733333333333333,0.45199999999999996
2,balanced_rf_missing,1465,0,0.166,0.45199999999999996
2,balanced_rf_missing,1476,0,0.2873333333333334,0.45199999999999996
2,balanced_rf_missing,1483,0,0.24466666666666664,0.45199999999999996
2,balanced_rf_missing,1485,0,0.31866666666666676,0.45199999999999996
2,balanced_rf_missing,1489,0,0.3493333333333334,0.45199999999999996
2,balanced_rf_missing,1507,0,0.3526666666666667,0.45199999999999996
2,balanced_rf_missing,1511,0,0.29333333333333333,0.45199999999999996
2,balanced_rf_missing,1516,0,0.2986666666666667,0.45199999999999996
2,balanced_rf_missing,1518,0,0.31066666666666665,0.45199999999999996
2,balanced_rf_missing,1534,0,0.273,0.45199999999999996
2,balanced_rf_missing,1539,0,0.4066666666666666,0.45199999999999996
2,balanced_rf_missing,1544,0,0.37599999999999995,0.45199999999999996
2,balanced_rf_missing,1547,0,0.31933333333333325,0.45199999999999996
2,balanced_rf_missing,1550,0,0.27466666666666667,0.45199999999999996
2,balanced_rf_missing,1558,0,0.288,0.45199999999999996
2,balanced_rf_missing,1561,0,0.29066666666666663,0.45199999999999996
2,balanced_rf_missing,1564,0,0.26233333333333325,0.45199999999999996
2,balanced_rf_missing_leaf5,3,0,0.499336507936508,0.44233015873015874
2,balanced_rf_missing_leaf5,7,0,0.5892412698412698,0.44233015873015874
2,balanced_rf_missing_leaf5,16,0,0.3877698412698412,0.44233015873015874
2,balanced_rf_missing_leaf5,27,0,0.5623253968253967,0.44233015873015874
2,balanced_rf_missing_leaf5,28,0,0.46589523809523814,0.44233015873015874
2,balanced_rf_missing_leaf5,30,0,0.42350476190476205,0.44233015873015874
2,balanced_rf_missing_leaf5,32,0,0.477331746031746,0.44233015873015874
2,balanced_rf_missing_leaf5,39,0,0.3904841269841271,0.44233015873015874
2,balanced_rf_missing_leaf5,56,0,0.49256825396825404,0.44233015873015874
2,balanced_rf_missing_leaf5,60,0,0.5847825396825398,0.44233015873015874
2,balanced_rf_missing_leaf5,71,0,0.5136857142857143,0.44233015873015874
2,balanced_rf_missing_leaf5,74,0,0.45642857142857163,0.44233015873015874
2,balanced_rf_missing_leaf5,89,0,0.49049682539682526,0.44233015873015874
2,balanced_rf_missing_leaf5,90,0,0.4996825396825397,0.44233015873015874
2,balanced_rf_missing_leaf5,92,0,0.5028142857142859,0.44233015873015874
2,balanced_rf_missing_leaf5,93,0,0.5356285714285713,0.44233015873015874
2,balanced_rf_missing_leaf5,99,0,0.5567253968253968,0.44233015873015874
2,balanced_rf_missing_leaf5,106,0,0.41834603174603163,0.44233015873015874
2,balanced_rf_missing_leaf5,110,0,0.5295142857142855,0.44233015873015874
2,balanced_rf_missing_leaf5,120,0,0.4618634920634921,0.44233015873015874
2,balanced_rf_missing_leaf5,127,0,0.4746698412698413,0.44233015873015874
2,balanced_rf_missing_leaf5,135,0,0.4949047619047618,0.44233015873015874
2,balanced_rf_missing_leaf5,136,0,0.41805238095238095,0.44233015873015874
2,balanced_rf_missing_leaf5,143,0,0.548188888888889,0.44233015873015874
2,balanced_rf_missing_leaf5,148,0,0.4331492063492065,0.44233015873015874
2,balanced_rf_missing_leaf5,155,0,0.4461904761904761,0.44233015873015874
2,balanced_rf_missing_leaf5,156,0,0.5107857142857143,0.44233015873015874
2,balanced_rf_missing_leaf5,158,1,0.3613015873015873,0.44233015873015874
2,balanced_rf_missing_leaf5,160,0,0.5049396825396826,0.44233015873015874
2,balanced_rf_missing_leaf5,164,0,0.4445793650793651,0.44233015873015874
2,balanced_rf_missing_leaf5,188,1,0.5763095238095238,0.44233015873015874
2,balanced_rf_missing_leaf5,196,0,0.49931587301587294,0.44233015873015874
2,balanced_rf_missing_leaf5,197,0,0.47999682539682514,0.44233015873015874
2,balanced_rf_missing_leaf5,200,0,0.545952380952381,0.44233015873015874
2,balanced_rf_missing_leaf5,203,0,0.5742396825396824,0.44233015873015874
2,balanced_rf_missing_leaf5,210,0,0.5425920634920636,0.44233015873015874
2,balanced_rf_missing_leaf5,211,0,0.48908888888888896,0.44233015873015874
2,balanced_rf_missing_leaf5,214,0,0.5499761904761905,0.44233015873015874
2,balanced_rf_missing_leaf5,225,0,0.5009031746031744,0.44233015873015874
2,balanced_rf_missing_leaf5,227,0,0.5043317460317459,0.44233015873015874
2,balanced_rf_missing_leaf5,239,0,0.44208253968253963,0.44233015873015874
2,balanced_rf_missing_leaf5,243,1,0.6150222222222221,0.44233015873015874
2,balanced_rf_missing_leaf5,251,0,0.46242698412698424,0.44233015873015874
2,balanced_rf_missing_leaf5,253,0,0.5196761904761906,0.44233015873015874
2,balanced_rf_missing_leaf5,257,0,0.4261333333333335,0.44233015873015874
2,balanced_rf_missing_leaf5,260,0,0.33610952380952375,0.44233015873015874
2,balanced_rf_missing_leaf5,271,0,0.48385079365079364,0.44233015873015874
2,balanced_rf_missing_leaf5,274,0,0.4867238095238095,0.44233015873015874
2,balanced_rf_missing_leaf5,276,0,0.4394079365079364,0.44233015873015874
2,balanced_rf_missing_leaf5,286,0,0.40881111111111096,0.44233015873015874
2,balanced_rf_missing_leaf5,292,0,0.4275539682539682,0.44233015873015874
2,balanced_rf_missing_leaf5,301,0,0.4407857142857142,0.44233015873015874
2,balanced_rf_missing_leaf5,311,0,0.4379444444444444,0.44233015873015874
2,balanced_rf_missing_leaf5,327,1,0.4854206349206349,0.44233015873015874
2,balanced_rf_missing_leaf5,339,0,0.3326952380952381,0.44233015873015874
2,balanced_rf_missing_leaf5,347,0,0.5362555555555555,0.44233015873015874
2,balanced_rf_missing_leaf5,360,0,0.4886952380952378,0.44233015873015874
2,balanced_rf_missing_leaf5,361,0,0.344947619047619,0.44233015873015874
2,balanced_rf_missing_leaf5,368,1,0.5154126984126983,0.44233015873015874
2,balanced_rf_missing_leaf5,371,0,0.48809841269841275,0.44233015873015874
2,balanced_rf_missing_leaf5,378,0,0.4006158730158732,0.44233015873015874
2,balanced_rf_missing_leaf5,379,0,0.4704015873015874,0.44233015873015874
2,balanced_rf_missing_leaf5,396,0,0.3895968253968254,0.44233015873015874
2,balanced_rf_missing_leaf5,401,0,0.4271365079365079,0.44233015873015874
2,balanced_rf_missing_leaf5,409,0,0.36100317460317477,0.44233015873015874
2,balanced_rf_missing_leaf5,411,0,0.38536507936507947,0.44233015873015874
2,balanced_rf_missing_leaf5,415,0,0.40704761904761905,0.44233015873015874
2,balanced_rf_missing_leaf5,418,0,0.38854761904761914,0.44233015873015874
2,balanced_rf_missing_leaf5,441,1,0.3507047619047619,0.44233015873015874
2,balanced_rf_missing_leaf5,451,0,0.37115873015873024,0.44233015873015874
2,balanced_rf_missing_leaf5,454,0,0.37446666666666656,0.44233015873015874
2,balanced_rf_missing_leaf5,466,0,0.4654619047619048,0.44233015873015874
2,balanced_rf_missing_leaf5,467,0,0.41253809523809526,0.44233015873015874
2,balanced_rf_missing_leaf5,468,0,0.33688888888888907,0.44233015873015874
2,balanced_rf_missing_leaf5,482,0,0.37593809523809524,0.44233015873015874
2,balanced_rf_missing_leaf5,483,0,0.5033380952380953,0.44233015873015874
2,balanced_rf_missing_leaf5,491,0,0.32562698412698415,0.44233015873015874
2,balanced_rf_missing_leaf5,494,0,0.3783111111111111,0.44233015873015874
2,balanced_rf_missing_leaf5,508,1,0.43571746031746034,0.44233015873015874
2,balanced_rf_missing_leaf5,511,0,0.3486015873015875,0.44233015873015874
2,balanced_rf_missing_leaf5,514,0,0.43528412698412705,0.44233015873015874
2,balanced_rf_missing_leaf5,516,0,0.4107619047619048,0.44233015873015874
2,balanced_rf_missing_leaf5,529,0,0.40271269841269836,0.44233015873015874
2,balanced_rf_missing_leaf5,543,0,0.43931111111111115,0.44233015873015874
2,balanced_rf_missing_leaf5,546,0,0.37295714285714293,0.44233015873015874
2,balanced_rf_missing_leaf5,547,0,0.3791142857142857,0.44233015873015874
2,balanced_rf_missing_leaf5,554,0,0.3469984126984127,0.44233015873015874
2,balanced_rf_missing_leaf5,562,0,0.32738412698412694,0.44233015873015874
2,balanced_rf_missing_leaf5,568,0,0.3050809523809527,0.44233015873015874
2,balanced_rf_missing_leaf5,578,0,0.46644761904761906,0.44233015873015874
2,balanced_rf_missing_leaf5,585,0,0.39176349206349215,0.44233015873015874
2,balanced_rf_missing_leaf5,599,0,0.3988174603174601,0.44233015873015874
2,balanced_rf_missing_leaf5,602,0,0.38172380952380947,0.44233015873015874
2,balanced_rf_missing_leaf5,608,0,0.28510952380952387,0.44233015873015874
2,balanced_rf_missing_leaf5,610,0,0.3275190476190477,0.44233015873015874
2,balanced_rf_missing_leaf5,614,0,0.3491714285714285,0.44233015873015874
2,balanced_rf_missing_leaf5,616,0,0.4042031746031747,0.44233015873015874
2,balanced_rf_missing_leaf5,623,0,0.23958571428571449,0.44233015873015874
2,balanced_rf_missing_leaf5,624,0,0.3241301587301587,0.44233015873015874
2,balanced_rf_missing_leaf5,626,0,0.35548412698412696,0.44233015873015874
2,balanced_rf_missing_leaf5,634,1,0.46053492063492063,0.44233015873015874
2,balanced_rf_missing_leaf5,637,0,0.36876349206349235,0.44233015873015874
2,balanced_rf_missing_leaf5,638,0,0.36091428571428574,0.44233015873015874
2,balanced_rf_missing_leaf5,645,0,0.3659698412698415,0.44233015873015874
2,balanced_rf_missing_leaf5,646,0,0.3062714285714286,0.44233015873015874
2,balanced_rf_missing_leaf5,651,0,0.37553174603174605,0.44233015873015874
2,balanced_rf_missing_leaf5,653,0,0.3670253968253969,0.44233015873015874
2,balanced_rf_missing_leaf5,656,0,0.3617539682539683,0.44233015873015874
2,balanced_rf_missing_leaf5,657,0,0.35189523809523815,0.44233015873015874
2,balanced_rf_missing_leaf5,667,0,0.3320857142857145,0.44233015873015874
2,balanced_rf_missing_leaf5,670,0,0.4225269841269842,0.44233015873015874
2,balanced_rf_missing_leaf5,673,0,0.33493809523809526,0.44233015873015874
2,balanced_rf_missing_leaf5,686,0,0.353352380952381,0.44233015873015874
2,balanced_rf_missing_leaf5,690,0,0.4233777777777778,0.44233015873015874
2,balanced_rf_missing_leaf5,696,0,0.3632555555555556,0.44233015873015874
2,balanced_rf_missing_leaf5,699,0,0.37629206349206357,0.44233015873015874
2,balanced_rf_missing_leaf5,716,0,0.4604730158730157,0.44233015873015874
2,balanced_rf_missing_leaf5,723,0,0.4006777777777777,0.44233015873015874
2,balanced_rf_missing_leaf5,727,0,0.34855238095238095,0.44233015873015874
2,balanced_rf_missing_leaf5,732,0,0.33222698412698426,0.44233015873015874
2,balanced_rf_missing_leaf5,734,0,0.31545714285714294,0.44233015873015874
2,balanced_rf_missing_leaf5,744,0,0.315215873015873,0.44233015873015874
2,balanced_rf_missing_leaf5,749,0,0.3380063492063493,0.44233015873015874
2,balanced_rf_missing_leaf5,755,0,0.27451269841269843,0.44233015873015874
2,balanced_rf_missing_leaf5,758,0,0.31216825396825404,0.44233015873015874
2,balanced_rf_missing_leaf5,778,0,0.3917476190476191,0.44233015873015874
2,balanced_rf_missing_leaf5,784,0,0.39653333333333324,0.44233015873015874
2,balanced_rf_missing_leaf5,823,0,0.3432968253968254,0.44233015873015874
2,balanced_rf_missing_leaf5,824,0,0.367173015873016,0.44233015873015874
2,balanced_rf_missing_leaf5,830,0,0.30679365079365084,0.44233015873015874
2,balanced_rf_missing_leaf5,831,1,0.32523809523809527,0.44233015873015874
2,balanced_rf_missing_leaf5,836,0,0.38734285714285704,0.44233015873015874
2,balanced_rf_missing_leaf5,848,0,0.3581539682539684,0.44233015873015874
2,balanced_rf_missing_leaf5,849,0,0.33671428571428574,0.44233015873015874
2,balanced_rf_missing_leaf5,852,0,0.3793333333333334,0.44233015873015874
2,balanced_rf_missing_leaf5,859,0,0.346784126984127,0.44233015873015874
2,balanced_rf_missing_leaf5,874,0,0.39951111111111104,0.44233015873015874
2,balanced_rf_missing_leaf5,882,0,0.30938730158730166,0.44233015873015874
2,balanced_rf_missing_leaf5,889,0,0.3824063492063491,0.44233015873015874
2,balanced_rf_missing_leaf5,897,0,0.3946349206349208,0.44233015873015874
2,balanced_rf_missing_leaf5,900,0,0.3101714285714286,0.44233015873015874
2,balanced_rf_missing_leaf5,933,0,0.31629047619047634,0.44233015873015874
2,balanced_rf_missing_leaf5,942,0,0.3920349206349206,0.44233015873015874
2,balanced_rf_missing_leaf5,943,0,0.44365555555555564,0.44233015873015874
2,balanced_rf_missing_leaf5,948,0,0.3280698412698414,0.44233015873015874
2,balanced_rf_missing_leaf5,950,0,0.32166825396825394,0.44233015873015874
2,balanced_rf_missing_leaf5,951,0,0.3430126984126984,0.44233015873015874
2,balanced_rf_missing_leaf5,952,0,0.43145714285714293,0.44233015873015874
2,balanced_rf_missing_leaf5,961,0,0.30123650793650814,0.44233015873015874
2,balanced_rf_missing_leaf5,965,0,0.28470952380952386,0.44233015873015874
2,balanced_rf_missing_leaf5,968,0,0.3293619047619048,0.44233015873015874
2,balanced_rf_missing_leaf5,970,0,0.4533222222222224,0.44233015873015874
2,balanced_rf_missing_leaf5,980,0,0.299373015873016,0.44233015873015874
2,balanced_rf_missing_leaf5,985,0,0.47367301587301597,0.44233015873015874
2,balanced_rf_missing_leaf5,992,0,0.3185936507936509,0.44233015873015874
2,balanced_rf_missing_leaf5,997,0,0.27978571428571436,0.44233015873015874
2,balanced_rf_missing_leaf5,1017,0,0.34662380952380945,0.44233015873015874
2,balanced_rf_missing_leaf5,1022,0,0.39353174603174623,0.44233015873015874
2,balanced_rf_missing_leaf5,1025,0,0.4007888888888889,0.44233015873015874
2,balanced_rf_missing_leaf5,1030,0,0.39352857142857134,0.44233015873015874
2,balanced_rf_missing_leaf5,1035,0,0.3519015873015872,0.44233015873015874
2,balanced_rf_missing_leaf5,1046,0,0.3910984126984127,0.44233015873015874
2,balanced_rf_missing_leaf5,1055,0,0.49068888888888856,0.44233015873015874
2,balanced_rf_missing_leaf5,1056,0,0.3952666666666667,0.44233015873015874
2,balanced_rf_missing_leaf5,1079,0,0.4120587301587302,0.44233015873015874
2,balanced_rf_missing_leaf5,1088,0,0.3881095238095238,0.44233015873015874
2,balanced_rf_missing_leaf5,1096,0,0.3453682539682539,0.44233015873015874
2,balanced_rf_missing_leaf5,1101,0,0.36827301587301575,0.44233015873015874
2,balanced_rf_missing_leaf5,1105,0,0.426152380952381,0.44233015873015874
2,balanced_rf_missing_leaf5,1119,0,0.27308412698412693,0.44233015873015874
2,balanced_rf_missing_leaf5,1121,0,0.4195507936507936,0.44233015873015874
2,balanced_rf_missing_leaf5,1125,0,0.3043015873015873,0.44233015873015874
2,balanced_rf_missing_leaf5,1126,0,0.34264920634920637,0.44233015873015874
2,balanced_rf_missing_leaf5,1132,0,0.442652380952381,0.44233015873015874
2,balanced_rf_missing_leaf5,1146,0,0.44888730158730167,0.44233015873015874
2,balanced_rf_missing_leaf5,1151,1,0.3360507936507938,0.44233015873015874
2,balanced_rf_missing_leaf5,1168,0,0.3617587301587303,0.44233015873015874
2,balanced_rf_missing_leaf5,1172,0,0.3135238095238097,0.44233015873015874
2,balanced_rf_missing_leaf5,1176,0,0.3319571428571428,0.44233015873015874
2,balanced_rf_missing_leaf5,1187,0,0.45111587301587286,0.44233015873015874
2,balanced_rf_missing_leaf5,1188,0,0.42940000000000017,0.44233015873015874
2,balanced_rf_missing_leaf5,1193,0,0.3578777777777778,0.44233015873015874
2,balanced_rf_missing_leaf5,1195,0,0.36513809523809526,0.44233015873015874
2,balanced_rf_missing_leaf5,1235,0,0.35875714285714283,0.44233015873015874
2,balanced_rf_missing_leaf5,1250,0,0.3918555555555556,0.44233015873015874
2,balanced_rf_missing_leaf5,1255,0,0.40245714285714307,0.44233015873015874
2,balanced_rf_missing_leaf5,1264,0,0.3699873015873015,0.44233015873015874
2,balanced_rf_missing_leaf5,1276,0,0.32655396825396826,0.44233015873015874
2,balanced_rf_missing_leaf5,1280,0,0.4521809523809525,0.44233015873015874
2,balanced_rf_missing_leaf5,1285,0,0.3118841269841272,0.44233015873015874
2,balanced_rf_missing_leaf5,1292,0,0.412957142857143,0.44233015873015874
2,balanced_rf_missing_leaf5,1293,0,0.3514063492063494,0.44233015873015874
2,balanced_rf_missing_leaf5,1297,0,0.4429174603174604,0.44233015873015874
2,balanced_rf_missing_leaf5,1298,0,0.408279365079365,0.44233015873015874
2,balanced_rf_missing_leaf5,1299,0,0.3954380952380953,0.44233015873015874
2,balanced_rf_missing_leaf5,1304,0,0.376215873015873,0.44233015873015874
2,balanced_rf_missing_leaf5,1324,1,0.4439222222222223,0.44233015873015874
2,balanced_rf_missing_leaf5,1325,1,0.3571079365079366,0.44233015873015874
2,balanced_rf_missing_leaf5,1327,1,0.3457936507936509,0.44233015873015874
2,balanced_rf_missing_leaf5,1329,1,0.3922666666666668,0.44233015873015874
2,balanced_rf_missing_leaf5,1331,0,0.36650793650793667,0.44233015873015874
2,balanced_rf_missing_leaf5,1335,0,0.31629523809523813,0.44233015873015874
2,balanced_rf_missing_leaf5,1342,1,0.31176031746031746,0.44233015873015874
2,balanced_rf_missing_leaf5,1372,0,0.2753904761904762,0.44233015873015874
2,balanced_rf_missing_leaf5,1374,0,0.4007317460317462,0.44233015873015874
2,balanced_rf_missing_leaf5,1391,0,0.25518888888888885,0.44233015873015874
2,balanced_rf_missing_leaf5,1392,0,0.22852063492063496,0.44233015873015874
2,balanced_rf_missing_leaf5,1399,0,0.2919650793650795,0.44233015873015874
2,balanced_rf_missing_leaf5,1401,0,0.38276984126984137,0.44233015873015874
2,balanced_rf_missing_leaf5,1410,0,0.3945333333333334,0.44233015873015874
2,balanced_rf_missing_leaf5,1419,0,0.3212412698412701,0.44233015873015874
2,balanced_rf_missing_leaf5,1425,0,0.3878492063492065,0.44233015873015874
2,balanced_rf_missing_leaf5,1428,0,0.3265269841269841,0.44233015873015874
2,balanced_rf_missing_leaf5,1443,1,0.41749999999999987,0.44233015873015874
2,balanced_rf_missing_leaf5,1449,0,0.33764761904761925,0.44233015873015874
2,balanced_rf_missing_leaf5,1457,0,0.32219841269841276,0.44233015873015874
2,balanced_rf_missing_leaf5,1458,0,0.4735936507936509,0.44233015873015874
2,balanced_rf_missing_leaf5,1461,0,0.3637714285714286,0.44233015873015874
2,balanced_rf_missing_leaf5,1465,0,0.2071857142857143,0.44233015873015874
2,balanced_rf_missing_leaf5,1476,0,0.2947698412698413,0.44233015873015874
2,balanced_rf_missing_leaf5,1483,0,0.2448634920634921,0.44233015873015874
2,balanced_rf_missing_leaf5,1485,0,0.3791698412698414,0.44233015873015874
2,balanced_rf_missing_leaf5,1489,0,0.3829968253968255,0.44233015873015874
2,balanced_rf_missing_leaf5,1507,0,0.3499444444444446,0.44233015873015874
2,balanced_rf_missing_leaf5,1511,0,0.2797841269841271,0.44233015873015874
2,balanced_rf_missing_leaf5,1516,0,0.2809396825396825,0.44233015873015874
2,balanced_rf_missing_leaf5,1518,0,0.3581587301587302,0.44233015873015874
2,balanced_rf_missing_leaf5,1534,0,0.25898253968253976,0.44233015873015874
2,balanced_rf_missing_leaf5,1539,0,0.40093015873015886,0.44233015873015874
2,balanced_rf_missing_leaf5,1544,0,0.3494841269841271,0.44233015873015874
2,balanced_rf_missing_leaf5,1547,0,0.3338825396825398,0.44233015873015874
2,balanced_rf_missing_leaf5,1550,0,0.3085873015873014,0.44233015873015874
2,balanced_rf_missing_leaf5,1558,0,0.26748571428571427,0.44233015873015874
2,balanced_rf_missing_leaf5,1561,0,0.3225111111111112,0.44233015873015874
2,balanced_rf_missing_leaf5,1564,0,0.2780841269841269,0.44233015873015874
3,rf_weighted_baseline,2,1,0.12223020989647719,0.11272088260647475
3,rf_weighted_baseline,6,0,0.14057826176884047,0.11272088260647475
3,rf_weighted_baseline,13,0,0.06976546315617538,0.11272088260647475
3,rf_weighted_baseline,14,1,0.11229598041513673,0.11272088260647475
3,rf_weighted_baseline,19,0,0.10350312499299186,0.11272088260647475
3,rf_weighted_baseline,29,0,0.08287927915511413,0.11272088260647475
3,rf_weighted_baseline,34,0,0.15587277779025083,0.11272088260647475
3,rf_weighted_baseline,37,0,0.08267494018217451,0.11272088260647475
3,rf_weighted_baseline,43,0,0.15795509273379166,0.11272088260647475
3,rf_weighted_baseline,52,0,0.09754006932836276,0.11272088260647475
3,rf_weighted_baseline,54,0,0.1753217380896908,0.11272088260647475
3,rf_weighted_baseline,57,1,0.12482701111196998,0.11272088260647475
3,rf_weighted_baseline,61,0,0.11543633467899121,0.11272088260647475
3,rf_weighted_baseline,64,1,0.07221599463430234,0.11272088260647475
3,rf_weighted_baseline,66,0,0.05827378547762564,0.11272088260647475
3,rf_weighted_baseline,70,0,0.10171328389917686,0.11272088260647475
3,rf_weighted_baseline,75,0,0.053761082132482166,0.11272088260647475
3,rf_weighted_baseline,78,0,0.09445531914893616,0.11272088260647475
3,rf_weighted_baseline,82,1,0.1364494756303908,0.11272088260647475
3,rf_weighted_baseline,88,0,0.03783607312879417,0.11272088260647475
3,rf_weighted_baseline,107,0,0.06604727404244116,0.11272088260647475
3,rf_weighted_baseline,109,0,0.07124255319148937,0.11272088260647475
3,rf_weighted_baseline,111,0,0.061231531959310186,0.11272088260647475
3,rf_weighted_baseline,131,1,0.10905755225175556,0.11272088260647475
3,rf_weighted_baseline,133,0,0.05451647537870965,0.11272088260647475
3,rf_weighted_baseline,138,0,0.09347185597335184,0.11272088260647475
3,rf_weighted_baseline,150,0,0.10116813982162667,0.11272088260647475
3,rf_weighted_baseline,162,0,0.15346742564511226,0.11272088260647475
3,rf_weighted_baseline,172,0,0.1295161166548173,0.11272088260647475
3,rf_weighted_baseline,179,0,0.09391661380560337,0.11272088260647475
3,rf_weighted_baseline,184,0,0.085496933560688,0.11272088260647475
3,rf_weighted_baseline,199,0,0.14019660625403588,0.11272088260647475
3,rf_weighted_baseline,202,0,0.12833950403104458,0.11272088260647475
3,rf_weighted_baseline,206,0,0.1143531914893617,0.11272088260647475
3,rf_weighted_baseline,208,0,0.14091591353551136,0.11272088260647475
3,rf_weighted_baseline,224,0,0.09750268818251459,0.11272088260647475
3,rf_weighted_baseline,230,0,0.19607775330470192,0.11272088260647475
3,rf_weighted_baseline,248,0,0.09035821814403532,0.11272088260647475
3,rf_weighted_baseline,250,0,0.10911282033074497,0.11272088260647475
3,rf_weighted_baseline,254,0,0.1693855397403255,0.11272088260647475
3,rf_weighted_baseline,259,0,0.08492483774498451,0.11272088260647475
3,rf_weighted_baseline,261,0,0.13694424699334035,0.11272088260647475
3,rf_weighted_baseline,270,0,0.17347236627977133,0.11272088260647475
3,rf_weighted_baseline,272,0,0.19536297707391492,0.11272088260647475
3,rf_weighted_baseline,277,1,0.16547116622046873,0.11272088260647475
3,rf_weighted_baseline,280,0,0.15622516089409694,0.11272088260647475
3,rf_weighted_baseline,284,0,0.09031063829787235,0.11272088260647475
3,rf_weighted_baseline,285,0,0.09043057673555224,0.11272088260647475
3,rf_weighted_baseline,289,0,0.13319038209725934,0.11272088260647475
3,rf_weighted_baseline,290,0,0.1021984053689193,0.11272088260647475
3,rf_weighted_baseline,298,0,0.0930249772819536,0.11272088260647475
3,rf_weighted_baseline,305,0,0.14995187910121296,0.11272088260647475
3,rf_weighted_baseline,309,0,0.07684123520271322,0.11272088260647475
3,rf_weighted_baseline,328,0,0.047100462494405304,0.11272088260647475
3,rf_weighted_baseline,329,0,0.03481124457162532,0.11272088260647475
3,rf_weighted_baseline,334,0,0.13957822276551235,0.11272088260647475
3,rf_weighted_baseline,335,0,0.139710306320949,0.11272088260647475
3,rf_weighted_baseline,338,0,0.0776085702404064,0.11272088260647475
3,rf_weighted_baseline,343,0,0.13249061370165696,0.11272088260647475
3,rf_weighted_baseline,349,0,0.09862531698670372,0.11272088260647475
3,rf_weighted_baseline,357,0,0.11729055999309307,0.11272088260647475
3,rf_weighted_baseline,358,0,0.12193257799726878,0.11272088260647475
3,rf_weighted_baseline,359,0,0.15676574837044036,0.11272088260647475
3,rf_weighted_baseline,362,0,0.09433926302489289,0.11272088260647475
3,rf_weighted_baseline,363,0,0.1614961842594666,0.11272088260647475
3,rf_weighted_baseline,365,0,0.06163030137983931,0.11272088260647475
3,rf_weighted_baseline,367,0,0.05363184201647062,0.11272088260647475
3,rf_weighted_baseline,373,1,0.07072986192620413,0.11272088260647475
3,rf_weighted_baseline,377,0,0.12837882989092508,0.11272088260647475
3,rf_weighted_baseline,386,0,0.07797336604593172,0.11272088260647475
3,rf_weighted_baseline,387,0,0.14827370923981054,0.11272088260647475
3,rf_weighted_baseline,389,0,0.08702297494928528,0.11272088260647475
3,rf_weighted_baseline,395,0,0.08524958426859724,0.11272088260647475
3,rf_weighted_baseline,402,0,0.14154183297479175,0.11272088260647475
3,rf_weighted_baseline,403,0,0.10641316344352063,0.11272088260647475
3,rf_weighted_baseline,405,0,0.05702188064056294,0.11272088260647475
3,rf_weighted_baseline,416,0,0.05938723404255319,0.11272088260647475
3,rf_weighted_baseline,421,0,0.14896742022610002,0.11272088260647475
3,rf_weighted_baseline,422,0,0.03390583673122104,0.11272088260647475
3,rf_weighted_baseline,430,0,0.08617557324159052,0.11272088260647475
3,rf_weighted_baseline,445,0,0.08672599526149323,0.11272088260647475
3,rf_weighted_baseline,448,1,0.24721047641762275,0.11272088260647475
3,rf_weighted_baseline,452,0,0.07430230488565075,0.11272088260647475
3,rf_weighted_baseline,453,0,0.07849251694879121,0.11272088260647475
3,rf_weighted_baseline,472,0,0.026430465372552347,0.11272088260647475
3,rf_weighted_baseline,473,0,0.0465922351409886,0.11272088260647475
3,rf_weighted_baseline,480,0,0.05326371864035892,0.11272088260647475
3,rf_weighted_baseline,485,0,0.08900469609166174,0.11272088260647475
3,rf_weighted_baseline,490,0,0.07060919359075388,0.11272088260647475
3,rf_weighted_baseline,499,0,0.1922580338412262,0.11272088260647475
3,rf_weighted_baseline,503,0,0.07036455022921709,0.11272088260647475
3,rf_weighted_baseline,507,0,0.08219745134123947,0.11272088260647475
3,rf_weighted_baseline,509,0,0.05780967368313462,0.11272088260647475
3,rf_weighted_baseline,523,0,0.06555511097193253,0.11272088260647475
3,rf_weighted_baseline,525,0,0.06250785087121444,0.11272088260647475
3,rf_weighted_baseline,534,0,0.10635350927046956,0.11272088260647475
3,rf_weighted_baseline,536,0,0.04235240693684938,0.11272088260647475
3,rf_weighted_baseline,539,0,0.10452083168981578,0.11272088260647475
3,rf_weighted_baseline,540,0,0.09420373512182563,0.11272088260647475
3,rf_weighted_baseline,541,0,0.04728936170212766,0.11272088260647475
3,rf_weighted_baseline,548,0,0.07301418215654873,0.11272088260647475
3,rf_weighted_baseline,581,0,0.08163200457901153,0.11272088260647475
3,rf_weighted_baseline,584,0,0.04541251030110653,0.11272088260647475
3,rf_weighted_baseline,586,0,0.08023589879282225,0.11272088260647475
3,rf_weighted_baseline,603,0,0.08399074776269873,0.11272088260647475
3,rf_weighted_baseline,609,0,0.10620941040843972,0.11272088260647475
3,rf_weighted_baseline,613,0,0.047710638297872345,0.11272088260647475
3,rf_weighted_baseline,636,0,0.07512340425531915,0.11272088260647475
3,rf_weighted_baseline,639,0,0.09117446808510639,0.11272088260647475
3,rf_weighted_baseline,648,0,0.09680442873407774,0.11272088260647475
3,rf_weighted_baseline,661,0,0.12315815598154106,0.11272088260647475
3,rf_weighted_baseline,662,0,0.08995524973168632,0.11272088260647475
3,rf_weighted_baseline,668,0,0.11885148311934425,0.11272088260647475
3,rf_weighted_baseline,677,0,0.06724255319148935,0.11272088260647475
3,rf_weighted_baseline,681,0,0.0789049352496914,0.11272088260647475
3,rf_weighted_baseline,687,0,0.05019737357156386,0.11272088260647475
3,rf_weighted_baseline,692,0,0.030946325928530957,0.11272088260647475
3,rf_weighted_baseline,695,0,0.09461499549870414,0.11272088260647475
3,rf_weighted_baseline,701,0,0.05777978534718449,0.11272088260647475
3,rf_weighted_baseline,718,0,0.051153191489361705,0.11272088260647475
3,rf_weighted_baseline,724,0,0.038970427681065976,0.11272088260647475
3,rf_weighted_baseline,746,0,0.06189829973300659,0.11272088260647475
3,rf_weighted_baseline,747,0,0.08591098043408534,0.11272088260647475
3,rf_weighted_baseline,757,0,0.05120377351218008,0.11272088260647475
3,rf_weighted_baseline,759,0,0.054246856323213,0.11272088260647475
3,rf_weighted_baseline,760,0,0.04310295557238615,0.11272088260647475
3,rf_weighted_baseline,762,0,0.04713996006796047,0.11272088260647475
3,rf_weighted_baseline,763,0,0.07423738450707737,0.11272088260647475
3,rf_weighted_baseline,779,0,0.03483404255319149,0.11272088260647475
3,rf_weighted_baseline,785,0,0.062151744850048644,0.11272088260647475
3,rf_weighted_baseline,789,0,0.07092639561828525,0.11272088260647475
3,rf_weighted_baseline,791,0,0.02652189961208417,0.11272088260647475
3,rf_weighted_baseline,797,1,0.07428247497012685,0.11272088260647475
3,rf_weighted_baseline,799,0,0.07356858962196165,0.11272088260647475
3,rf_weighted_baseline,801,0,0.05552340425531915,0.11272088260647475
3,rf_weighted_baseline,809,0,0.08519137831521971,0.11272088260647475
3,rf_weighted_baseline,812,0,0.049552563357210845,0.11272088260647475
3,rf_weighted_baseline,815,0,0.050583768224913936,0.11272088260647475
3,rf_weighted_baseline,843,0,0.06492611630480892,0.11272088260647475
3,rf_weighted_baseline,851,0,0.03692010403565989,0.11272088260647475
3,rf_weighted_baseline,853,0,0.09482217442132336,0.11272088260647475
3,rf_weighted_baseline,854,0,0.062467995530099234,0.11272088260647475
3,rf_weighted_baseline,856,0,0.08099579912552707,0.11272088260647475
3,rf_weighted_baseline,857,0,0.10421933994445122,0.11272088260647475
3,rf_weighted_baseline,875,0,0.0579241224427731,0.11272088260647475
3,rf_weighted_baseline,880,0,0.07275848252893394,0.11272088260647475
3,rf_weighted_baseline,902,0,0.046038654229116446,0.11272088260647475
3,rf_weighted_baseline,917,0,0.03700460425205448,0.11272088260647475
3,rf_weighted_baseline,920,0,0.061386596596275135,0.11272088260647475
3,rf_weighted_baseline,921,0,0.030604144172273803,0.11272088260647475
3,rf_weighted_baseline,923,0,0.08466546710819026,0.11272088260647475
3,rf_weighted_baseline,937,0,0.04920155298524321,0.11272088260647475
3,rf_weighted_baseline,938,0,0.03822282106275426,0.11272088260647475
3,rf_weighted_baseline,945,0,0.052337017119613104,0.11272088260647475
3,rf_weighted_baseline,958,0,0.08162835051737727,0.11272088260647475
3,rf_weighted_baseline,963,0,0.039242553191489365,0.11272088260647475
3,rf_weighted_baseline,969,0,0.037425514522456516,0.11272088260647475
3,rf_weighted_baseline,976,0,0.03767829533763185,0.11272088260647475
3,rf_weighted_baseline,977,0,0.03145106382978724,0.11272088260647475
3,rf_weighted_baseline,984,0,0.0503660967353796,0.11272088260647475
3,rf_weighted_baseline,990,0,0.050469367263828016,0.11272088260647475
3,rf_weighted_baseline,994,0,0.026793962329543862,0.11272088260647475
3,rf_weighted_baseline,1002,0,0.03564221124620061,0.11272088260647475
3,rf_weighted_baseline,1013,0,0.04591014138807355,0.11272088260647475
3,rf_weighted_baseline,1020,0,0.05897144112999988,0.11272088260647475
3,rf_weighted_baseline,1026,0,0.0855847680625517,0.11272088260647475
3,rf_weighted_baseline,1028,0,0.11617656844740168,0.11272088260647475
3,rf_weighted_baseline,1041,0,0.06297183232772309,0.11272088260647475
3,rf_weighted_baseline,1061,0,0.10897168069875031,0.11272088260647475
3,rf_weighted_baseline,1067,0,0.04289369355142401,0.11272088260647475
3,rf_weighted_baseline,1071,0,0.04297551089058952,0.11272088260647475
3,rf_weighted_baseline,1074,0,0.0732905153864262,0.11272088260647475
3,rf_weighted_baseline,1075,0,0.015616123215802148,0.11272088260647475
3,rf_weighted_baseline,1077,0,0.08030226544125008,0.11272088260647475
3,rf_weighted_baseline,1087,0,0.09812031549582717,0.11272088260647475
3,rf_weighted_baseline,1100,0,0.06482978723404255,0.11272088260647475
3,rf_weighted_baseline,1102,0,0.014636994582711784,0.11272088260647475
3,rf_weighted_baseline,1107,0,0.06856187860734203,0.11272088260647475
3,rf_weighted_baseline,1111,0,0.026496954836668515,0.11272088260647475
3,rf_weighted_baseline,1112,0,0.03818671307860269,0.11272088260647475
3,rf_weighted_baseline,1113,0,0.05159094573062143,0.11272088260647475
3,rf_weighted_baseline,1114,0,0.0848750374910057,0.11272088260647475
3,rf_weighted_baseline,1118,0,0.08139709654597847,0.11272088260647475
3,rf_weighted_baseline,1144,1,0.07845477551785547,0.11272088260647475
3,rf_weighted_baseline,1145,0,0.07074517925221407,0.11272088260647475
3,rf_weighted_baseline,1153,0,0.12190396213644865,0.11272088260647475
3,rf_weighted_baseline,1165,0,0.06906951800634364,0.11272088260647475
3,rf_weighted_baseline,1169,0,0.05176170212765958,0.11272088260647475
3,rf_weighted_baseline,1171,0,0.09091553732478123,0.11272088260647475
3,rf_weighted_baseline,1173,0,0.039676595744680854,0.11272088260647475
3,rf_weighted_baseline,1182,0,0.038297661527602285,0.11272088260647475
3,rf_weighted_baseline,1210,0,0.11258420132679,0.11272088260647475
3,rf_weighted_baseline,1215,0,0.08057424505768289,0.11272088260647475
3,rf_weighted_baseline,1216,0,0.09875245170189648,0.11272088260647475
3,rf_weighted_baseline,1224,0,0.04655869063663951,0.11272088260647475
3,rf_weighted_baseline,1238,1,0.030304181794084235,0.11272088260647475
3,rf_weighted_baseline,1246,0,0.04912420512053403,0.11272088260647475
3,rf_weighted_baseline,1260,0,0.05462475653528798,0.11272088260647475
3,rf_weighted_baseline,1265,0,0.08613803307369342,0.11272088260647475
3,rf_weighted_baseline,1275,0,0.042351709917367995,0.11272088260647475
3,rf_weighted_baseline,1277,0,0.04108587425348747,0.11272088260647475
3,rf_weighted_baseline,1281,0,0.04966753189931428,0.11272088260647475
3,rf_weighted_baseline,1284,0,0.14183404255319146,0.11272088260647475
3,rf_weighted_baseline,1288,0,0.05051844389942178,0.11272088260647475
3,rf_weighted_baseline,1300,0,0.08693606764282076,0.11272088260647475
3,rf_weighted_baseline,1303,1,0.08915334527225366,0.11272088260647475
3,rf_weighted_baseline,1308,0,0.03855179248032643,0.11272088260647475
3,rf_weighted_baseline,1313,0,0.10549769719052586,0.11272088260647475
3,rf_weighted_baseline,1318,0,0.02664496512914899,0.11272088260647475
3,rf_weighted_baseline,1330,0,0.033392621240161194,0.11272088260647475
3,rf_weighted_baseline,1338,0,0.025735717025019342,0.11272088260647475
3,rf_weighted_baseline,1340,0,0.03902879724030385,0.11272088260647475
3,rf_weighted_baseline,1358,0,0.0038923766816143495,0.11272088260647475
3,rf_weighted_baseline,1363,1,0.06553734974667921,0.11272088260647475
3,rf_weighted_baseline,1365,1,0.057776436617157784,0.11272088260647475
3,rf_weighted_baseline,1380,0,0.010949268988470224,0.11272088260647475
3,rf_weighted_baseline,1404,0,0.034854704211678085,0.11272088260647475
3,rf_weighted_baseline,1413,0,0.046312219088262385,0.11272088260647475
3,rf_weighted_baseline,1435,0,0.07828488608035247,0.11272088260647475
3,rf_weighted_baseline,1438,1,0.03575744680851064,0.11272088260647475
3,rf_weighted_baseline,1444,0,0.03790378206916164,0.11272088260647475
3,rf_weighted_baseline,1450,0,0.05406912791186611,0.11272088260647475
3,rf_weighted_baseline,1455,0,0.03744516806772803,0.11272088260647475
3,rf_weighted_baseline,1468,0,0.05831447854101832,0.11272088260647475
3,rf_weighted_baseline,1469,0,0.03437826620525274,0.11272088260647475
3,rf_weighted_baseline,1475,0,0.0354,0.11272088260647475
3,rf_weighted_baseline,1484,0,0.019293617021276598,0.11272088260647475
3,rf_weighted_baseline,1496,0,0.03059649335473277,0.11272088260647475
3,rf_weighted_baseline,1506,0,0.03423821584315204,0.11272088260647475
3,rf_weighted_baseline,1514,0,0.052466501381973486,0.11272088260647475
3,rf_weighted_baseline,1524,0,0.03884376899696049,0.11272088260647475
3,rf_weighted_baseline,1530,0,0.07333995797586226,0.11272088260647475
3,rf_weighted_baseline,1535,0,0.05092987754930583,0.11272088260647475
3,rf_weighted_baseline,1538,0,0.011865860362836723,0.11272088260647475
3,rf_weighted_baseline,1542,0,0.030780925755991374,0.11272088260647475
3,rf_missing,2,1,0.12248768033770349,0.10471790388345038
3,rf_missing,6,0,0.061765960514506675,0.10471790388345038
3,rf_missing,13,0,0.08352857663984259,0.10471790388345038
3,rf_missing,14,1,0.10457728767515052,0.10471790388345038
3,rf_missing,19,0,0.11143350245536358,0.10471790388345038
3,rf_missing,29,0,0.12497040563126645,0.10471790388345038
3,rf_missing,34,0,0.12238343847693561,0.10471790388345038
3,rf_missing,37,0,0.12423606449606453,0.10471790388345038
3,rf_missing,43,0,0.11239124862262334,0.10471790388345038
3,rf_missing,52,0,0.1327250465113755,0.10471790388345038
3,rf_missing,54,0,0.11533842622724248,0.10471790388345038
3,rf_missing,57,1,0.16718518287193668,0.10471790388345038
3,rf_missing,61,0,0.07721132070901239,0.10471790388345038
3,rf_missing,64,1,0.06948545920344591,0.10471790388345038
3,rf_missing,66,0,0.07375526048049254,0.10471790388345038
3,rf_missing,70,0,0.08050226683464418,0.10471790388345038
3,rf_missing,75,0,0.04274881831765473,0.10471790388345038
3,rf_missing,78,0,0.09899435172208775,0.10471790388345038
3,rf_missing,82,1,0.15685517457516268,0.10471790388345038
3,rf_missing,88,0,0.029729661928052698,0.10471790388345038
3,rf_missing,107,0,0.03878374305081816,0.10471790388345038
3,rf_missing,109,0,0.07413842416580911,0.10471790388345038
3,rf_missing,111,0,0.05379607477072426,0.10471790388345038
3,rf_missing,131,1,0.09100735295899492,0.10471790388345038
3,rf_missing,133,0,0.06545157036804151,0.10471790388345038
3,rf_missing,138,0,0.05732553254768001,0.10471790388345038
3,rf_missing,150,0,0.12233019954242759,0.10471790388345038
3,rf_missing,162,0,0.09313665641373751,0.10471790388345038
3,rf_missing,172,0,0.1277804362406117,0.10471790388345038
3,rf_missing,179,0,0.06402414768120948,0.10471790388345038
3,rf_missing,184,0,0.07619449324971894,0.10471790388345038
3,rf_missing,199,0,0.16681997207961202,0.10471790388345038
3,rf_missing,202,0,0.12539607424347904,0.10471790388345038
3,rf_missing,206,0,0.05496218568665377,0.10471790388345038
3,rf_missing,208,0,0.06950886305701988,0.10471790388345038
3,rf_missing,224,0,0.10108065523596305,0.10471790388345038
3,rf_missing,230,0,0.16010325251668547,0.10471790388345038
3,rf_missing,248,0,0.09570405526405426,0.10471790388345038
3,rf_missing,250,0,0.0974380794651478,0.10471790388345038
3,rf_missing,254,0,0.16374481837255195,0.10471790388345038
3,rf_missing,259,0,0.08341702127659575,0.10471790388345038
3,rf_missing,261,0,0.14452503698933866,0.10471790388345038
3,rf_missing,270,0,0.11861690342403772,0.10471790388345038
3,rf_missing,272,0,0.2225097083179528,0.10471790388345038
3,rf_missing,277,1,0.1424822324152015,0.10471790388345038
3,rf_missing,280,0,0.12739987327337624,0.10471790388345038
3,rf_missing,284,0,0.13918125876179716,0.10471790388345038
3,rf_missing,285,0,0.1202435005726905,0.10471790388345038
3,rf_missing,289,0,0.10985895260967389,0.10471790388345038
3,rf_missing,290,0,0.09670615863478224,0.10471790388345038
3,rf_missing,298,0,0.07286969338084567,0.10471790388345038
3,rf_missing,305,0,0.1355543347627262,0.10471790388345038
3,rf_missing,309,0,0.08428606408610599,0.10471790388345038
3,rf_missing,328,0,0.1042165817600734,0.10471790388345038
3,rf_missing,329,0,0.07860950451998486,0.10471790388345038
3,rf_missing,334,0,0.08527052892336064,0.10471790388345038
3,rf_missing,335,0,0.07673998535768342,0.10471790388345038
3,rf_missing,338,0,0.04978863456504595,0.10471790388345038
3,rf_missing,343,0,0.0981508169742565,0.10471790388345038
3,rf_missing,349,0,0.06557432666054498,0.10471790388345038
3,rf_missing,357,0,0.10902962083381015,0.10471790388345038
3,rf_missing,358,0,0.11646990707936429,0.10471790388345038
3,rf_missing,359,0,0.08220469574173177,0.10471790388345038
3,rf_missing,362,0,0.1181067903613655,0.10471790388345038
3,rf_missing,363,0,0.1336293980018255,0.10471790388345038
3,rf_missing,365,0,0.0735189166617439,0.10471790388345038
3,rf_missing,367,0,0.06841761637853974,0.10471790388345038
3,rf_missing,373,1,0.06901179799479043,0.10471790388345038
3,rf_missing,377,0,0.10587964228056168,0.10471790388345038
3,rf_missing,386,0,0.07644145419169414,0.10471790388345038
3,rf_missing,387,0,0.10667831093377096,0.10471790388345038
3,rf_missing,389,0,0.1053690174623206,0.10471790388345038
3,rf_missing,395,0,0.09825553406404469,0.10471790388345038
3,rf_missing,402,0,0.1270937869158524,0.10471790388345038
3,rf_missing,403,0,0.1115808613895915,0.10471790388345038
3,rf_missing,405,0,0.06116918640351371,0.10471790388345038
3,rf_missing,416,0,0.04856291468497442,0.10471790388345038
3,rf_missing,421,0,0.11505284050769819,0.10471790388345038
3,rf_missing,422,0,0.05426395268823465,0.10471790388345038
3,rf_missing,430,0,0.11917929697229443,0.10471790388345038
3,rf_missing,445,0,0.07765793863530313,0.10471790388345038
3,rf_missing,448,1,0.2357227021867929,0.10471790388345038
3,rf_missing,452,0,0.049662868734794,0.10471790388345038
3,rf_missing,453,0,0.07413255851958715,0.10471790388345038
3,rf_missing,472,0,0.035014669921527825,0.10471790388345038
3,rf_missing,473,0,0.04965864861840536,0.10471790388345038
3,rf_missing,480,0,0.05770823219333858,0.10471790388345038
3,rf_missing,485,0,0.0851980779726224,0.10471790388345038
3,rf_missing,490,0,0.07462553191489361,0.10471790388345038
3,rf_missing,499,0,0.1847889690986539,0.10471790388345038
3,rf_missing,503,0,0.07088398671659699,0.10471790388345038
3,rf_missing,507,0,0.05500425531914893,0.10471790388345038
3,rf_missing,509,0,0.0706022908628317,0.10471790388345038
3,rf_missing,523,0,0.04544962832328289,0.10471790388345038
3,rf_missing,525,0,0.09759744811555368,0.10471790388345038
3,rf_missing,534,0,0.09082498828381293,0.10471790388345038
3,rf_missing,536,0,0.042331123723195245,0.10471790388345038
3,rf_missing,539,0,0.10481666200377217,0.10471790388345038
3,rf_missing,540,0,0.09361866383576153,0.10471790388345038
3,rf_missing,541,0,0.1130346671797609,0.10471790388345038
3,rf_missing,548,0,0.055799769596671024,0.10471790388345038
3,rf_missing,581,0,0.0955700593763195,0.10471790388345038
3,rf_missing,584,0,0.049932540033291346,0.10471790388345038
3,rf_missing,586,0,0.03469833477384039,0.10471790388345038
3,rf_missing,603,0,0.04274358077857843,0.10471790388345038
3,rf_missing,609,0,0.09176032018159236,0.10471790388345038
3,rf_missing,613,0,0.04701556426903217,0.10471790388345038
3,rf_missing,636,0,0.07397494207709264,0.10471790388345038
3,rf_missing,639,0,0.0740203866273528,0.10471790388345038
3,rf_missing,648,0,0.09701535176556271,0.10471790388345038
3,rf_missing,661,0,0.11084910736121302,0.10471790388345038
3,rf_missing,662,0,0.08191179637907997,0.10471790388345038
3,rf_missing,668,0,0.10642390473842053,0.10471790388345038
3,rf_missing,677,0,0.04221471524994887,0.10471790388345038
3,rf_missing,681,0,0.04228650283952368,0.10471790388345038
3,rf_missing,687,0,0.0618371752960718,0.10471790388345038
3,rf_missing,692,0,0.03585446527012128,0.10471790388345038
3,rf_missing,695,0,0.06675436952612282,0.10471790388345038
3,rf_missing,701,0,0.038131232194927096,0.10471790388345038
3,rf_missing,718,0,0.07950176759795428,0.10471790388345038
3,rf_missing,724,0,0.03921702127659574,0.10471790388345038
3,rf_missing,746,0,0.05141702127659575,0.10471790388345038
3,rf_missing,747,0,0.0780411065521763,0.10471790388345038
3,rf_missing,757,0,0.07824295221597109,0.10471790388345038
3,rf_missing,759,0,0.05516836245170791,0.10471790388345038
3,rf_missing,760,0,0.06584268408262209,0.10471790388345038
3,rf_missing,762,0,0.07409138510858818,0.10471790388345038
3,rf_missing,763,0,0.07240364466353813,0.10471790388345038
3,rf_missing,779,0,0.027693617021276595,0.10471790388345038
3,rf_missing,785,0,0.022580582452751317,0.10471790388345038
3,rf_missing,789,0,0.062190078884414336,0.10471790388345038
3,rf_missing,791,0,0.05613525965816865,0.10471790388345038
3,rf_missing,797,1,0.04145116752336034,0.10471790388345038
3,rf_missing,799,0,0.039287394156798626,0.10471790388345038
3,rf_missing,801,0,0.05942127659574468,0.10471790388345038
3,rf_missing,809,0,0.065917773156295,0.10471790388345038
3,rf_missing,812,0,0.03473889087311121,0.10471790388345038
3,rf_missing,815,0,0.054300284694402484,0.10471790388345038
3,rf_missing,843,0,0.04243795592705167,0.10471790388345038
3,rf_missing,851,0,0.03542127659574468,0.10471790388345038
3,rf_missing,853,0,0.113586990613955,0.10471790388345038
3,rf_missing,854,0,0.058311740577122996,0.10471790388345038
3,rf_missing,856,0,0.1079297178039464,0.10471790388345038
3,rf_missing,857,0,0.09510499046804337,0.10471790388345038
3,rf_missing,875,0,0.07372528506314747,0.10471790388345038
3,rf_missing,880,0,0.09421211704162459,0.10471790388345038
3,rf_missing,902,0,0.0422936170212766,0.10471790388345038
3,rf_missing,917,0,0.053991578253977164,0.10471790388345038
3,rf_missing,920,0,0.03426431334622824,0.10471790388345038
3,rf_missing,921,0,0.05449077260386365,0.10471790388345038
3,rf_missing,923,0,0.04677881956965982,0.10471790388345038
3,rf_missing,937,0,0.08228936170212767,0.10471790388345038
3,rf_missing,938,0,0.05466808510638298,0.10471790388345038
3,rf_missing,945,0,0.02,0.10471790388345038
3,rf_missing,958,0,0.08170305261249958,0.10471790388345038
3,rf_missing,963,0,0.05558273529480608,0.10471790388345038
3,rf_missing,969,0,0.04142723015399358,0.10471790388345038
3,rf_missing,976,0,0.058627974642152324,0.10471790388345038
3,rf_missing,977,0,0.05880473887814314,0.10471790388345038
3,rf_missing,984,0,0.023008964633099278,0.10471790388345038
3,rf_missing,990,0,0.06341106719550829,0.10471790388345038
3,rf_missing,994,0,0.012,0.10471790388345038
3,rf_missing,1002,0,0.044975599676363484,0.10471790388345038
3,rf_missing,1013,0,0.03043014283962534,0.10471790388345038
3,rf_missing,1020,0,0.03427357924132354,0.10471790388345038
3,rf_missing,1026,0,0.13284500831121085,0.10471790388345038
3,rf_missing,1028,0,0.12351826790011917,0.10471790388345038
3,rf_missing,1041,0,0.13322516705203538,0.10471790388345038
3,rf_missing,1061,0,0.08936543214631847,0.10471790388345038
3,rf_missing,1067,0,0.039596531058756386,0.10471790388345038
3,rf_missing,1071,0,0.035085589941972924,0.10471790388345038
3,rf_missing,1074,0,0.05148510638297873,0.10471790388345038
3,rf_missing,1075,0,0.04237940154276511,0.10471790388345038
3,rf_missing,1077,0,0.05038455266714151,0.10471790388345038
3,rf_missing,1087,0,0.06954301951438592,0.10471790388345038
3,rf_missing,1100,0,0.030592799128135104,0.10471790388345038
3,rf_missing,1102,0,0.05050451308488794,0.10471790388345038
3,rf_missing,1107,0,0.04317872340425532,0.10471790388345038
3,rf_missing,1111,0,0.023311017354502972,0.10471790388345038
3,rf_missing,1112,0,0.023315220589952588,0.10471790388345038
3,rf_missing,1113,0,0.02712210492122787,0.10471790388345038
3,rf_missing,1114,0,0.04732542324834245,0.10471790388345038
3,rf_missing,1118,0,0.08953365089446383,0.10471790388345038
3,rf_missing,1144,1,0.05062124396177824,0.10471790388345038
3,rf_missing,1145,0,0.07386539102342958,0.10471790388345038
3,rf_missing,1153,0,0.09330588167637294,0.10471790388345038
3,rf_missing,1165,0,0.041839597638740726,0.10471790388345038
3,rf_missing,1169,0,0.05537531726187668,0.10471790388345038
3,rf_missing,1171,0,0.08986030179387842,0.10471790388345038
3,rf_missing,1173,0,0.05471039486927417,0.10471790388345038
3,rf_missing,1182,0,0.023736170212765955,0.10471790388345038
3,rf_missing,1210,0,0.08306294162450968,0.10471790388345038
3,rf_missing,1215,0,0.06973345388422274,0.10471790388345038
3,rf_missing,1216,0,0.12922546439467972,0.10471790388345038
3,rf_missing,1224,0,0.06724477175035051,0.10471790388345038
3,rf_missing,1238,1,0.036950163288592436,0.10471790388345038
3,rf_missing,1246,0,0.0553512519424679,0.10471790388345038
3,rf_missing,1260,0,0.10059100615307077,0.10471790388345038
3,rf_missing,1265,0,0.05508060763523161,0.10471790388345038
3,rf_missing,1275,0,0.04996257126060165,0.10471790388345038
3,rf_missing,1277,0,0.03854873262416579,0.10471790388345038
3,rf_missing,1281,0,0.05071455516555478,0.10471790388345038
3,rf_missing,1284,0,0.11663112846501951,0.10471790388345038
3,rf_missing,1288,0,0.05400473887814314,0.10471790388345038
3,rf_missing,1300,0,0.09079242873569039,0.10471790388345038
3,rf_missing,1303,1,0.0815895905238686,0.10471790388345038
3,rf_missing,1308,0,0.03484589911086917,0.10471790388345038
3,rf_missing,1313,0,0.11289256019456557,0.10471790388345038
3,rf_missing,1318,0,0.058542939297598136,0.10471790388345038
3,rf_missing,1330,0,0.07565886422284542,0.10471790388345038
3,rf_missing,1338,0,0.04296401010703297,0.10471790388345038
3,rf_missing,1340,0,0.07003548032809066,0.10471790388345038
3,rf_missing,1358,0,0.031241453119003965,0.10471790388345038
3,rf_missing,1363,1,0.0772576569891233,0.10471790388345038
3,rf_missing,1365,1,0.07007232732252774,0.10471790388345038
3,rf_missing,1380,0,0.007603592967451805,0.10471790388345038
3,rf_missing,1404,0,0.05226284192653805,0.10471790388345038
3,rf_missing,1413,0,0.03845957446808511,0.10471790388345038
3,rf_missing,1435,0,0.0654277261172698,0.10471790388345038
3,rf_missing,1438,1,0.06944018876917411,0.10471790388345038
3,rf_missing,1444,0,0.05516023135003181,0.10471790388345038
3,rf_missing,1450,0,0.05569787234042553,0.10471790388345038
3,rf_missing,1455,0,0.03388512889235014,0.10471790388345038
3,rf_missing,1468,0,0.05365403391775184,0.10471790388345038
3,rf_missing,1469,0,0.0541040084636182,0.10471790388345038
3,rf_missing,1475,0,0.03872585374734206,0.10471790388345038
3,rf_missing,1484,0,0.022865291147691022,0.10471790388345038
3,rf_missing,1496,0,0.044,0.10471790388345038
3,rf_missing,1506,0,0.03548936170212766,0.10471790388345038
3,rf_missing,1514,0,0.038095927682505616,0.10471790388345038
3,rf_missing,1524,0,0.04710749785825773,0.10471790388345038
3,rf_missing,1530,0,0.07728667867676388,0.10471790388345038
3,rf_missing,1535,0,0.04170923640446773,0.10471790388345038
3,rf_missing,1538,0,0.01895744680851064,0.10471790388345038
3,rf_missing,1542,0,0.03869994468408249,0.10471790388345038
3,rf_missing_pruned,2,1,0.11680011378149924,0.09728258230379204
3,rf_missing_pruned,6,0,0.07749199935748001,0.09728258230379204
3,rf_missing_pruned,13,0,0.08500773534550334,0.09728258230379204
3,rf_missing_pruned,14,1,0.09645216535851697,0.09728258230379204
3,rf_missing_pruned,19,0,0.09697182871156804,0.09728258230379204
3,rf_missing_pruned,29,0,0.14018544565602858,0.09728258230379204
3,rf_missing_pruned,34,0,0.12428774912790859,0.09728258230379204
3,rf_missing_pruned,37,0,0.13705022958507349,0.09728258230379204
3,rf_missing_pruned,43,0,0.11537912341062422,0.09728258230379204
3,rf_missing_pruned,52,0,0.08476245991664849,0.09728258230379204
3,rf_missing_pruned,54,0,0.15487116470923157,0.09728258230379204
3,rf_missing_pruned,57,1,0.11247781021348359,0.09728258230379204
3,rf_missing_pruned,61,0,0.09750988036159992,0.09728258230379204
3,rf_missing_pruned,64,1,0.061831135411375776,0.09728258230379204
3,rf_missing_pruned,66,0,0.07784513110211169,0.09728258230379204
3,rf_missing_pruned,70,0,0.08940245817314538,0.09728258230379204
3,rf_missing_pruned,75,0,0.08052428173591589,0.09728258230379204
3,rf_missing_pruned,78,0,0.15606102501664074,0.09728258230379204
3,rf_missing_pruned,82,1,0.15143052636172297,0.09728258230379204
3,rf_missing_pruned,88,0,0.09619795965359451,0.09728258230379204
3,rf_missing_pruned,107,0,0.046644919558682454,0.09728258230379204
3,rf_missing_pruned,109,0,0.08564214029913629,0.09728258230379204
3,rf_missing_pruned,111,0,0.059899007254830536,0.09728258230379204
3,rf_missing_pruned,131,1,0.0935964319284915,0.09728258230379204
3,rf_missing_pruned,133,0,0.05411249815490374,0.09728258230379204
3,rf_missing_pruned,138,0,0.10462949139152299,0.09728258230379204
3,rf_missing_pruned,150,0,0.07769151757335536,0.09728258230379204
3,rf_missing_pruned,162,0,0.10873677882283626,0.09728258230379204
3,rf_missing_pruned,172,0,0.1125027482766156,0.09728258230379204
3,rf_missing_pruned,179,0,0.08469442126524893,0.09728258230379204
3,rf_missing_pruned,184,0,0.10025283993087092,0.09728258230379204
3,rf_missing_pruned,199,0,0.12056305170643113,0.09728258230379204
3,rf_missing_pruned,202,0,0.13107232911169084,0.09728258230379204
3,rf_missing_pruned,206,0,0.09339632301939418,0.09728258230379204
3,rf_missing_pruned,208,0,0.11510657810688418,0.09728258230379204
3,rf_missing_pruned,224,0,0.08454581095092739,0.09728258230379204
3,rf_missing_pruned,230,0,0.1835437670004031,0.09728258230379204
3,rf_missing_pruned,248,0,0.11287274641942556,0.09728258230379204
3,rf_missing_pruned,250,0,0.15136746932787973,0.09728258230379204
3,rf_missing_pruned,254,0,0.09033185646316919,0.09728258230379204
3,rf_missing_pruned,259,0,0.05814939641445736,0.09728258230379204
3,rf_missing_pruned,261,0,0.17258319432762803,0.09728258230379204
3,rf_missing_pruned,270,0,0.14790186101851746,0.09728258230379204
3,rf_missing_pruned,272,0,0.14504014799228757,0.09728258230379204
3,rf_missing_pruned,277,1,0.13602449609209744,0.09728258230379204
3,rf_missing_pruned,280,0,0.14126834469287997,0.09728258230379204
3,rf_missing_pruned,284,0,0.0925809782263049,0.09728258230379204
3,rf_missing_pruned,285,0,0.0646515741225109,0.09728258230379204
3,rf_missing_pruned,289,0,0.1387897691894438,0.09728258230379204
3,rf_missing_pruned,290,0,0.0954617583681945,0.09728258230379204
3,rf_missing_pruned,298,0,0.0644916773145821,0.09728258230379204
3,rf_missing_pruned,305,0,0.13406335543983244,0.09728258230379204
3,rf_missing_pruned,309,0,0.07287837123060383,0.09728258230379204
3,rf_missing_pruned,328,0,0.06768085106382978,0.09728258230379204
3,rf_missing_pruned,329,0,0.07685525784576591,0.09728258230379204
3,rf_missing_pruned,334,0,0.09783195676169451,0.09728258230379204
3,rf_missing_pruned,335,0,0.10068229878463157,0.09728258230379204
3,rf_missing_pruned,338,0,0.062063603329761165,0.09728258230379204
3,rf_missing_pruned,343,0,0.12876159896298486,0.09728258230379204
3,rf_missing_pruned,349,0,0.10866981776854523,0.09728258230379204
3,rf_missing_pruned,357,0,0.12672362074046314,0.09728258230379204
3,rf_missing_pruned,358,0,0.09860400583220534,0.09728258230379204
3,rf_missing_pruned,359,0,0.12455082397888792,0.09728258230379204
3,rf_missing_pruned,362,0,0.11011545996353368,0.09728258230379204
3,rf_missing_pruned,363,0,0.10586365101665814,0.09728258230379204
3,rf_missing_pruned,365,0,0.06654869805046032,0.09728258230379204
3,rf_missing_pruned,367,0,0.08438360046550918,0.09728258230379204
3,rf_missing_pruned,373,1,0.07067982278619483,0.09728258230379204
3,rf_missing_pruned,377,0,0.12413394656871302,0.09728258230379204
3,rf_missing_pruned,386,0,0.08178859485915388,0.09728258230379204
3,rf_missing_pruned,387,0,0.09733210320442096,0.09728258230379204
3,rf_missing_pruned,389,0,0.0946667667687628,0.09728258230379204
3,rf_missing_pruned,395,0,0.09363284825610331,0.09728258230379204
3,rf_missing_pruned,402,0,0.14158949449767105,0.09728258230379204
3,rf_missing_pruned,403,0,0.09605423634576112,0.09728258230379204
3,rf_missing_pruned,405,0,0.07043719779985502,0.09728258230379204
3,rf_missing_pruned,416,0,0.08171691415569358,0.09728258230379204
3,rf_missing_pruned,421,0,0.16193191050774097,0.09728258230379204
3,rf_missing_pruned,422,0,0.080593043962579,0.09728258230379204
3,rf_missing_pruned,430,0,0.12973943258341863,0.09728258230379204
3,rf_missing_pruned,445,0,0.10106677491991999,0.09728258230379204
3,rf_missing_pruned,448,1,0.23728968925226687,0.09728258230379204
3,rf_missing_pruned,452,0,0.06941340475600795,0.09728258230379204
3,rf_missing_pruned,453,0,0.05414018206686097,0.09728258230379204
3,rf_missing_pruned,472,0,0.04943142025242038,0.09728258230379204
3,rf_missing_pruned,473,0,0.054384834635976514,0.09728258230379204
3,rf_missing_pruned,480,0,0.04535277191281571,0.09728258230379204
3,rf_missing_pruned,485,0,0.07702307249699313,0.09728258230379204
3,rf_missing_pruned,490,0,0.08151916374321914,0.09728258230379204
3,rf_missing_pruned,499,0,0.16806446751262608,0.09728258230379204
3,rf_missing_pruned,503,0,0.09246250256973669,0.09728258230379204
3,rf_missing_pruned,507,0,0.07426873413345261,0.09728258230379204
3,rf_missing_pruned,509,0,0.07615247548826275,0.09728258230379204
3,rf_missing_pruned,523,0,0.07269869894150323,0.09728258230379204
3,rf_missing_pruned,525,0,0.10058590109297637,0.09728258230379204
3,rf_missing_pruned,534,0,0.13321640819010608,0.09728258230379204
3,rf_missing_pruned,536,0,0.07957988094271812,0.09728258230379204
3,rf_missing_pruned,539,0,0.07310615371177351,0.09728258230379204
3,rf_missing_pruned,540,0,0.11895085625350829,0.09728258230379204
3,rf_missing_pruned,541,0,0.10642813476415738,0.09728258230379204
3,rf_missing_pruned,548,0,0.061781651149037956,0.09728258230379204
3,rf_missing_pruned,581,0,0.09415563794175216,0.09728258230379204
3,rf_missing_pruned,584,0,0.06962891929131185,0.09728258230379204
3,rf_missing_pruned,586,0,0.05495174485004864,0.09728258230379204
3,rf_missing_pruned,603,0,0.06253365027693533,0.09728258230379204
3,rf_missing_pruned,609,0,0.07477336801262098,0.09728258230379204
3,rf_missing_pruned,613,0,0.055845303867403315,0.09728258230379204
3,rf_missing_pruned,636,0,0.09799369171343818,0.09728258230379204
3,rf_missing_pruned,639,0,0.049484585322421296,0.09728258230379204
3,rf_missing_pruned,648,0,0.0627474566090228,0.09728258230379204
3,rf_missing_pruned,661,0,0.11117260965549207,0.09728258230379204
3,rf_missing_pruned,662,0,0.05001317917516515,0.09728258230379204
3,rf_missing_pruned,668,0,0.07404337711961138,0.09728258230379204
3,rf_missing_pruned,677,0,0.06939029450856558,0.09728258230379204
3,rf_missing_pruned,681,0,0.09367499032981531,0.09728258230379204
3,rf_missing_pruned,687,0,0.06583227564443322,0.09728258230379204
3,rf_missing_pruned,692,0,0.034062206643238224,0.09728258230379204
3,rf_missing_pruned,695,0,0.06492836398644958,0.09728258230379204
3,rf_missing_pruned,701,0,0.05330170142866035,0.09728258230379204
3,rf_missing_pruned,718,0,0.0860028311734292,0.09728258230379204
3,rf_missing_pruned,724,0,0.0388409744971848,0.09728258230379204
3,rf_missing_pruned,746,0,0.08293400060878586,0.09728258230379204
3,rf_missing_pruned,747,0,0.07664446007587132,0.09728258230379204
3,rf_missing_pruned,757,0,0.08178141995875421,0.09728258230379204
3,rf_missing_pruned,759,0,0.02697859135731476,0.09728258230379204
3,rf_missing_pruned,760,0,0.02721131931813375,0.09728258230379204
3,rf_missing_pruned,762,0,0.07012371757325533,0.09728258230379204
3,rf_missing_pruned,763,0,0.06174777501033033,0.09728258230379204
3,rf_missing_pruned,779,0,0.018951761564303556,0.09728258230379204
3,rf_missing_pruned,785,0,0.03913699840277641,0.09728258230379204
3,rf_missing_pruned,789,0,0.04499478353686502,0.09728258230379204
3,rf_missing_pruned,791,0,0.03512396555421886,0.09728258230379204
3,rf_missing_pruned,797,1,0.07179309825980316,0.09728258230379204
3,rf_missing_pruned,799,0,0.07349602062516432,0.09728258230379204
3,rf_missing_pruned,801,0,0.06899044125441435,0.09728258230379204
3,rf_missing_pruned,809,0,0.048530833909709026,0.09728258230379204
3,rf_missing_pruned,812,0,0.038436600288960045,0.09728258230379204
3,rf_missing_pruned,815,0,0.052446116403302906,0.09728258230379204
3,rf_missing_pruned,843,0,0.055782067102991176,0.09728258230379204
3,rf_missing_pruned,851,0,0.015063344389612493,0.09728258230379204
3,rf_missing_pruned,853,0,0.0973956126339105,0.09728258230379204
3,rf_missing_pruned,854,0,0.06599102585274651,0.09728258230379204
3,rf_missing_pruned,856,0,0.07370281303636446,0.09728258230379204
3,rf_missing_pruned,857,0,0.04719148936170212,0.09728258230379204
3,rf_missing_pruned,875,0,0.06501626991468318,0.09728258230379204
3,rf_missing_pruned,880,0,0.07946374230163192,0.09728258230379204
3,rf_missing_pruned,902,0,0.030607593134540853,0.09728258230379204
3,rf_missing_pruned,917,0,0.06546459040453122,0.09728258230379204
3,rf_missing_pruned,920,0,0.04682528848629544,0.09728258230379204
3,rf_missing_pruned,921,0,0.06235315927448005,0.09728258230379204
3,rf_missing_pruned,923,0,0.07421365672740605,0.09728258230379204
3,rf_missing_pruned,937,0,0.02,0.09728258230379204
3,rf_missing_pruned,938,0,0.06653790559608426,0.09728258230379204
3,rf_missing_pruned,945,0,0.031018541418048277,0.09728258230379204
3,rf_missing_pruned,958,0,0.058398648899532835,0.09728258230379204
3,rf_missing_pruned,963,0,0.05469881796690307,0.09728258230379204
3,rf_missing_pruned,969,0,0.038268565151946626,0.09728258230379204
3,rf_missing_pruned,976,0,0.054840033255658734,0.09728258230379204
3,rf_missing_pruned,977,0,0.05013113676899247,0.09728258230379204
3,rf_missing_pruned,984,0,0.042060525056620626,0.09728258230379204
3,rf_missing_pruned,990,0,0.026866166040884442,0.09728258230379204
3,rf_missing_pruned,994,0,0.038772243341560125,0.09728258230379204
3,rf_missing_pruned,1002,0,0.05233107132695197,0.09728258230379204
3,rf_missing_pruned,1013,0,0.06586453714446683,0.09728258230379204
3,rf_missing_pruned,1020,0,0.05445125937384376,0.09728258230379204
3,rf_missing_pruned,1026,0,0.0775555462552847,0.09728258230379204
3,rf_missing_pruned,1028,0,0.08898552366225167,0.09728258230379204
3,rf_missing_pruned,1041,0,0.08262092641816944,0.09728258230379204
3,rf_missing_pruned,1061,0,0.06857541718420364,0.09728258230379204
3,rf_missing_pruned,1067,0,0.05652344565357129,0.09728258230379204
3,rf_missing_pruned,1071,0,0.03341209608261488,0.09728258230379204
3,rf_missing_pruned,1074,0,0.06148173291710134,0.09728258230379204
3,rf_missing_pruned,1075,0,0.05371515323150764,0.09728258230379204
3,rf_missing_pruned,1077,0,0.06611948324649718,0.09728258230379204
3,rf_missing_pruned,1087,0,0.07286457129510795,0.09728258230379204
3,rf_missing_pruned,1100,0,0.10620527837926146,0.09728258230379204
3,rf_missing_pruned,1102,0,0.0424040940352463,0.09728258230379204
3,rf_missing_pruned,1107,0,0.07404542823858455,0.09728258230379204
3,rf_missing_pruned,1111,0,0.04926836706522196,0.09728258230379204
3,rf_missing_pruned,1112,0,0.015719148936170213,0.09728258230379204
3,rf_missing_pruned,1113,0,0.0819988999275146,0.09728258230379204
3,rf_missing_pruned,1114,0,0.05339613463516787,0.09728258230379204
3,rf_missing_pruned,1118,0,0.11272319297525958,0.09728258230379204
3,rf_missing_pruned,1144,1,0.057608206442269876,0.09728258230379204
3,rf_missing_pruned,1145,0,0.08122407661667827,0.09728258230379204
3,rf_missing_pruned,1153,0,0.08219558852235018,0.09728258230379204
3,rf_missing_pruned,1165,0,0.054104481793736996,0.09728258230379204
3,rf_missing_pruned,1169,0,0.03126826726574414,0.09728258230379204
3,rf_missing_pruned,1171,0,0.12382045504144197,0.09728258230379204
3,rf_missing_pruned,1173,0,0.07254934938793112,0.09728258230379204
3,rf_missing_pruned,1182,0,0.02667192596765311,0.09728258230379204
3,rf_missing_pruned,1210,0,0.10933774918011163,0.09728258230379204
3,rf_missing_pruned,1215,0,0.1203646755378172,0.09728258230379204
3,rf_missing_pruned,1216,0,0.12770226252568023,0.09728258230379204
3,rf_missing_pruned,1224,0,0.06202375870946201,0.09728258230379204
3,rf_missing_pruned,1238,1,0.0644598387346274,0.09728258230379204
3,rf_missing_pruned,1246,0,0.05244889634866026,0.09728258230379204
3,rf_missing_pruned,1260,0,0.0743648573743231,0.09728258230379204
3,rf_missing_pruned,1265,0,0.08992204766680496,0.09728258230379204
3,rf_missing_pruned,1275,0,0.03941702127659575,0.09728258230379204
3,rf_missing_pruned,1277,0,0.03895871144151073,0.09728258230379204
3,rf_missing_pruned,1281,0,0.042769994614558195,0.09728258230379204
3,rf_missing_pruned,1284,0,0.10256552100381887,0.09728258230379204
3,rf_missing_pruned,1288,0,0.054787953059442424,0.09728258230379204
3,rf_missing_pruned,1300,0,0.08793249215076136,0.09728258230379204
3,rf_missing_pruned,1303,1,0.136812696912789,0.09728258230379204
3,rf_missing_pruned,1308,0,0.042584110228248165,0.09728258230379204
3,rf_missing_pruned,1313,0,0.058404690617858246,0.09728258230379204
3,rf_missing_pruned,1318,0,0.05894477955867863,0.09728258230379204
3,rf_missing_pruned,1330,0,0.08522805128100518,0.09728258230379204
3,rf_missing_pruned,1338,0,0.039099016707286535,0.09728258230379204
3,rf_missing_pruned,1340,0,0.06087167213968056,0.09728258230379204
3,rf_missing_pruned,1358,0,0.02319148936170213,0.09728258230379204
3,rf_missing_pruned,1363,1,0.08129848550398575,0.09728258230379204
3,rf_missing_pruned,1365,1,0.058605862088362,0.09728258230379204
3,rf_missing_pruned,1380,0,0.00346772591857001,0.09728258230379204
3,rf_missing_pruned,1404,0,0.031252913044402406,0.09728258230379204
3,rf_missing_pruned,1413,0,0.04342835199200599,0.09728258230379204
3,rf_missing_pruned,1435,0,0.062374253318179335,0.09728258230379204
3,rf_missing_pruned,1438,1,0.02733848598502109,0.09728258230379204
3,rf_missing_pruned,1444,0,0.018721950786834113,0.09728258230379204
3,rf_missing_pruned,1450,0,0.03885106382978724,0.09728258230379204
3,rf_missing_pruned,1455,0,0.05892111709544449,0.09728258230379204
3,rf_missing_pruned,1468,0,0.03459642281936085,0.09728258230379204
3,rf_missing_pruned,1469,0,0.05442281095114718,0.09728258230379204
3,rf_missing_pruned,1475,0,0.023696019527571163,0.09728258230379204
3,rf_missing_pruned,1484,0,0.011262729714748647,0.09728258230379204
3,rf_missing_pruned,1496,0,0.0640342268386936,0.09728258230379204
3,rf_missing_pruned,1506,0,0.0661761741804295,0.09728258230379204
3,rf_missing_pruned,1514,0,0.06269872340425532,0.09728258230379204
3,rf_missing_pruned,1524,0,0.03399100396408058,0.09728258230379204
3,rf_missing_pruned,1530,0,0.06945362277234075,0.09728258230379204
3,rf_missing_pruned,1535,0,0.04308253416868267,0.09728258230379204
3,rf_missing_pruned,1538,0,0.04537394955315992,0.09728258230379204
3,rf_missing_pruned,1542,0,0.05403263212015494,0.09728258230379204
3,balanced_rf,2,1,0.536,0.44333333333333336
3,balanced_rf,6,0,0.44866666666666666,0.44333333333333336
3,balanced_rf,13,0,0.386,0.44333333333333336
3,balanced_rf,14,1,0.548,0.44333333333333336
3,balanced_rf,19,0,0.522,0.44333333333333336
3,balanced_rf,29,0,0.48199999999999993,0.44333333333333336
3,balanced_rf,34,0,0.5006666666666667,0.44333333333333336
3,balanced_rf,37,0,0.44333333333333336,0.44333333333333336
3,balanced_rf,43,0,0.5346666666666667,0.44333333333333336
3,balanced_rf,52,0,0.41666666666666663,0.44333333333333336
3,balanced_rf,54,0,0.5486666666666666,0.44333333333333336
3,balanced_rf,57,1,0.5326666666666668,0.44333333333333336
3,balanced_rf,61,0,0.448,0.44333333333333336
3,balanced_rf,64,1,0.422,0.44333333333333336
3,balanced_rf,66,0,0.48,0.44333333333333336
3,balanced_rf,70,0,0.43533333333333324,0.44333333333333336
3,balanced_rf,75,0,0.332,0.44333333333333336
3,balanced_rf,78,0,0.47933333333333333,0.44333333333333336
3,balanced_rf,82,1,0.5553333333333333,0.44333333333333336
3,balanced_rf,88,0,0.34066666666666673,0.44333333333333336
3,balanced_rf,107,0,0.4046666666666667,0.44333333333333336
3,balanced_rf,109,0,0.4013333333333334,0.44333333333333336
3,balanced_rf,111,0,0.41200000000000003,0.44333333333333336
3,balanced_rf,131,1,0.4906666666666667,0.44333333333333336
3,balanced_rf,133,0,0.4026666666666666,0.44333333333333336
3,balanced_rf,138,0,0.4293333333333333,0.44333333333333336
3,balanced_rf,150,0,0.468,0.44333333333333336
3,balanced_rf,162,0,0.4616666666666666,0.44333333333333336
3,balanced_rf,172,0,0.5146666666666666,0.44333333333333336
3,balanced_rf,179,0,0.4286666666666667,0.44333333333333336
3,balanced_rf,184,0,0.44866666666666666,0.44333333333333336
3,balanced_rf,199,0,0.5766666666666665,0.44333333333333336
3,balanced_rf,202,0,0.5446666666666667,0.44333333333333336
3,balanced_rf,206,0,0.47533333333333333,0.44333333333333336
3,balanced_rf,208,0,0.5246666666666666,0.44333333333333336
3,balanced_rf,224,0,0.4593333333333333,0.44333333333333336
3,balanced_rf,230,0,0.6300000000000001,0.44333333333333336
3,balanced_rf,248,0,0.512,0.44333333333333336
3,balanced_rf,250,0,0.4493333333333333,0.44333333333333336
3,balanced_rf,254,0,0.5006666666666667,0.44333333333333336
3,balanced_rf,259,0,0.38933333333333325,0.44333333333333336
3,balanced_rf,261,0,0.556,0.44333333333333336
3,balanced_rf,270,0,0.506,0.44333333333333336
3,balanced_rf,272,0,0.5266666666666667,0.44333333333333336
3,balanced_rf,277,1,0.49,0.44333333333333336
3,balanced_rf,280,0,0.5486666666666667,0.44333333333333336
3,balanced_rf,284,0,0.45199999999999996,0.44333333333333336
3,balanced_rf,285,0,0.39733333333333337,0.44333333333333336
3,balanced_rf,289,0,0.46399999999999997,0.44333333333333336
3,balanced_rf,290,0,0.4546666666666666,0.44333333333333336
3,balanced_rf,298,0,0.4326666666666667,0.44333333333333336
3,balanced_rf,305,0,0.544,0.44333333333333336
3,balanced_rf,309,0,0.406,0.44333333333333336
3,balanced_rf,328,0,0.4053333333333334,0.44333333333333336
3,balanced_rf,329,0,0.31866666666666665,0.44333333333333336
3,balanced_rf,334,0,0.5006666666666666,0.44333333333333336
3,balanced_rf,335,0,0.43399999999999994,0.44333333333333336
3,balanced_rf,338,0,0.298,0.44333333333333336
3,balanced_rf,343,0,0.40800000000000003,0.44333333333333336
3,balanced_rf,349,0,0.438,0.44333333333333336
3,balanced_rf,357,0,0.41066666666666674,0.44333333333333336
3,balanced_rf,358,0,0.42,0.44333333333333336
3,balanced_rf,359,0,0.47400000000000003,0.44333333333333336
3,balanced_rf,362,0,0.4673333333333334,0.44333333333333336
3,balanced_rf,363,0,0.468,0.44333333333333336
3,balanced_rf,365,0,0.33666666666666667,0.44333333333333336
3,balanced_rf,367,0,0.418,0.44333333333333336
3,balanced_rf,373,1,0.38933333333333325,0.44333333333333336
3,balanced_rf,377,0,0.4866666666666667,0.44333333333333336
3,balanced_rf,386,0,0.406,0.44333333333333336
3,balanced_rf,387,0,0.4433333333333333,0.44333333333333336
3,balanced_rf,389,0,0.43000000000000005,0.44333333333333336
3,balanced_rf,395,0,0.36933333333333335,0.44333333333333336
3,balanced_rf,402,0,0.496,0.44333333333333336
3,balanced_rf,403,0,0.3953333333333333,0.44333333333333336
3,balanced_rf,405,0,0.3393333333333333,0.44333333333333336
3,balanced_rf,416,0,0.30800000000000005,0.44333333333333336
3,balanced_rf,421,0,0.4586666666666666,0.44333333333333336
3,balanced_rf,422,0,0.35866666666666663,0.44333333333333336
3,balanced_rf,430,0,0.424,0.44333333333333336
3,balanced_rf,445,0,0.4346666666666667,0.44333333333333336
3,balanced_rf,448,1,0.5833333333333334,0.44333333333333336
3,balanced_rf,452,0,0.328,0.44333333333333336
3,balanced_rf,453,0,0.3886666666666666,0.44333333333333336
3,balanced_rf,472,0,0.35666666666666663,0.44333333333333336
3,balanced_rf,473,0,0.3446666666666667,0.44333333333333336
3,balanced_rf,480,0,0.4033333333333334,0.44333333333333336
3,balanced_rf,485,0,0.33,0.44333333333333336
3,balanced_rf,490,0,0.41533333333333333,0.44333333333333336
3,balanced_rf,499,0,0.56,0.44333333333333336
3,balanced_rf,503,0,0.338,0.44333333333333336
3,balanced_rf,507,0,0.3400000000000001,0.44333333333333336
3,balanced_rf,509,0,0.33066666666666666,0.44333333333333336
3,balanced_rf,523,0,0.3573333333333334,0.44333333333333336
3,balanced_rf,525,0,0.3893333333333333,0.44333333333333336
3,balanced_rf,534,0,0.4433333333333333,0.44333333333333336
3,balanced_rf,536,0,0.4013333333333333,0.44333333333333336
3,balanced_rf,539,0,0.39,0.44333333333333336
3,balanced_rf,540,0,0.38666666666666666,0.44333333333333336
3,balanced_rf,541,0,0.3793333333333333,0.44333333333333336
3,balanced_rf,548,0,0.3466666666666666,0.44333333333333336
3,balanced_rf,581,0,0.419,0.44333333333333336
3,balanced_rf,584,0,0.3646666666666667,0.44333333333333336
3,balanced_rf,586,0,0.3526666666666667,0.44333333333333336
3,balanced_rf,603,0,0.406,0.44333333333333336
3,balanced_rf,609,0,0.3926666666666666,0.44333333333333336
3,balanced_rf,613,0,0.32333333333333325,0.44333333333333336
3,balanced_rf,636,0,0.3813333333333333,0.44333333333333336
3,balanced_rf,639,0,0.44866666666666655,0.44333333333333336
3,balanced_rf,648,0,0.43866666666666665,0.44333333333333336
3,balanced_rf,661,0,0.43533333333333335,0.44333333333333336
3,balanced_rf,662,0,0.39999999999999997,0.44333333333333336
3,balanced_rf,668,0,0.41466666666666663,0.44333333333333336
3,balanced_rf,677,0,0.36,0.44333333333333336
3,balanced_rf,681,0,0.38733333333333325,0.44333333333333336
3,balanced_rf,687,0,0.3506666666666667,0.44333333333333336
3,balanced_rf,692,0,0.33000000000000007,0.44333333333333336
3,balanced_rf,695,0,0.37266666666666665,0.44333333333333336
3,balanced_rf,701,0,0.33,0.44333333333333336
3,balanced_rf,718,0,0.37666666666666665,0.44333333333333336
3,balanced_rf,724,0,0.30200000000000005,0.44333333333333336
3,balanced_rf,746,0,0.35133333333333333,0.44333333333333336
3,balanced_rf,747,0,0.3746666666666667,0.44333333333333336
3,balanced_rf,757,0,0.36066666666666664,0.44333333333333336
3,balanced_rf,759,0,0.35533333333333333,0.44333333333333336
3,balanced_rf,760,0,0.3393333333333334,0.44333333333333336
3,balanced_rf,762,0,0.37800000000000006,0.44333333333333336
3,balanced_rf,763,0,0.362,0.44333333333333336
3,balanced_rf,779,0,0.2506666666666667,0.44333333333333336
3,balanced_rf,785,0,0.3326666666666666,0.44333333333333336
3,balanced_rf,789,0,0.42333333333333334,0.44333333333333336
3,balanced_rf,791,0,0.299,0.44333333333333336
3,balanced_rf,797,1,0.2573333333333333,0.44333333333333336
3,balanced_rf,799,0,0.3686666666666667,0.44333333333333336
3,balanced_rf,801,0,0.34,0.44333333333333336
3,balanced_rf,809,0,0.39,0.44333333333333336
3,balanced_rf,812,0,0.26733333333333337,0.44333333333333336
3,balanced_rf,815,0,0.338,0.44333333333333336
3,balanced_rf,843,0,0.2766666666666666,0.44333333333333336
3,balanced_rf,851,0,0.2606666666666666,0.44333333333333336
3,balanced_rf,853,0,0.4626666666666666,0.44333333333333336
3,balanced_rf,854,0,0.35866666666666663,0.44333333333333336
3,balanced_rf,856,0,0.35133333333333333,0.44333333333333336
3,balanced_rf,857,0,0.37733333333333335,0.44333333333333336
3,balanced_rf,875,0,0.32733333333333325,0.44333333333333336
3,balanced_rf,880,0,0.36733333333333323,0.44333333333333336
3,balanced_rf,902,0,0.29666666666666663,0.44333333333333336
3,balanced_rf,917,0,0.26333333333333336,0.44333333333333336
3,balanced_rf,920,0,0.32399999999999995,0.44333333333333336
3,balanced_rf,921,0,0.30466666666666664,0.44333333333333336
3,balanced_rf,923,0,0.3433333333333333,0.44333333333333336
3,balanced_rf,937,0,0.2653333333333333,0.44333333333333336
3,balanced_rf,938,0,0.35933333333333334,0.44333333333333336
3,balanced_rf,945,0,0.3386666666666666,0.44333333333333336
3,balanced_rf,958,0,0.38266666666666665,0.44333333333333336
3,balanced_rf,963,0,0.3346666666666666,0.44333333333333336
3,balanced_rf,969,0,0.30266666666666664,0.44333333333333336
3,balanced_rf,976,0,0.33,0.44333333333333336
3,balanced_rf,977,0,0.29533333333333334,0.44333333333333336
3,balanced_rf,984,0,0.296,0.44333333333333336
3,balanced_rf,990,0,0.3273333333333333,0.44333333333333336
3,balanced_rf,994,0,0.268,0.44333333333333336
3,balanced_rf,1002,0,0.332,0.44333333333333336
3,balanced_rf,1013,0,0.31866666666666665,0.44333333333333336
3,balanced_rf,1020,0,0.3226666666666667,0.44333333333333336
3,balanced_rf,1026,0,0.378,0.44333333333333336
3,balanced_rf,1028,0,0.4446666666666667,0.44333333333333336
3,balanced_rf,1041,0,0.41,0.44333333333333336
3,balanced_rf,1061,0,0.40066666666666667,0.44333333333333336
3,balanced_rf,1067,0,0.3459999999999999,0.44333333333333336
3,balanced_rf,1071,0,0.2953333333333334,0.44333333333333336
3,balanced_rf,1074,0,0.3486666666666667,0.44333333333333336
3,balanced_rf,1075,0,0.29,0.44333333333333336
3,balanced_rf,1077,0,0.3653333333333334,0.44333333333333336
3,balanced_rf,1087,0,0.448,0.44333333333333336
3,balanced_rf,1100,0,0.29333333333333333,0.44333333333333336
3,balanced_rf,1102,0,0.30666666666666664,0.44333333333333336
3,balanced_rf,1107,0,0.4053333333333333,0.44333333333333336
3,balanced_rf,1111,0,0.30133333333333323,0.44333333333333336
3,balanced_rf,1112,0,0.23066666666666666,0.44333333333333336
3,balanced_rf,1113,0,0.3,0.44333333333333336
3,balanced_rf,1114,0,0.31199999999999994,0.44333333333333336
3,balanced_rf,1118,0,0.39066666666666666,0.44333333333333336
3,balanced_rf,1144,1,0.39133333333333337,0.44333333333333336
3,balanced_rf,1145,0,0.30733333333333324,0.44333333333333336
3,balanced_rf,1153,0,0.4086666666666667,0.44333333333333336
3,balanced_rf,1165,0,0.3793333333333333,0.44333333333333336
3,balanced_rf,1169,0,0.3653333333333334,0.44333333333333336
3,balanced_rf,1171,0,0.3940000000000001,0.44333333333333336
3,balanced_rf,1173,0,0.37466666666666665,0.44333333333333336
3,balanced_rf,1182,0,0.2953333333333334,0.44333333333333336
3,balanced_rf,1210,0,0.3706666666666667,0.44333333333333336
3,balanced_rf,1215,0,0.4646666666666666,0.44333333333333336
3,balanced_rf,1216,0,0.438,0.44333333333333336
3,balanced_rf,1224,0,0.288,0.44333333333333336
3,balanced_rf,1238,1,0.316,0.44333333333333336
3,balanced_rf,1246,0,0.3246666666666666,0.44333333333333336
3,balanced_rf,1260,0,0.3973333333333333,0.44333333333333336
3,balanced_rf,1265,0,0.3473333333333333,0.44333333333333336
3,balanced_rf,1275,0,0.324,0.44333333333333336
3,balanced_rf,1277,0,0.306,0.44333333333333336
3,balanced_rf,1281,0,0.30866666666666664,0.44333333333333336
3,balanced_rf,1284,0,0.4106666666666667,0.44333333333333336
3,balanced_rf,1288,0,0.3326666666666666,0.44333333333333336
3,balanced_rf,1300,0,0.3246666666666666,0.44333333333333336
3,balanced_rf,1303,1,0.37733333333333335,0.44333333333333336
3,balanced_rf,1308,0,0.264,0.44333333333333336
3,balanced_rf,1313,0,0.3486666666666667,0.44333333333333336
3,balanced_rf,1318,0,0.28933333333333333,0.44333333333333336
3,balanced_rf,1330,0,0.30733333333333324,0.44333333333333336
3,balanced_rf,1338,0,0.26933333333333326,0.44333333333333336
3,balanced_rf,1340,0,0.3753333333333333,0.44333333333333336
3,balanced_rf,1358,0,0.2653333333333333,0.44333333333333336
3,balanced_rf,1363,1,0.3426666666666666,0.44333333333333336
3,balanced_rf,1365,1,0.38200000000000006,0.44333333333333336
3,balanced_rf,1380,0,0.21266666666666667,0.44333333333333336
3,balanced_rf,1404,0,0.292,0.44333333333333336
3,balanced_rf,1413,0,0.33266666666666667,0.44333333333333336
3,balanced_rf,1435,0,0.3513333333333334,0.44333333333333336
3,balanced_rf,1438,1,0.318,0.44333333333333336
3,balanced_rf,1444,0,0.284,0.44333333333333336
3,balanced_rf,1450,0,0.31200000000000006,0.44333333333333336
3,balanced_rf,1455,0,0.3173333333333333,0.44333333333333336
3,balanced_rf,1468,0,0.34333333333333327,0.44333333333333336
3,balanced_rf,1469,0,0.3913333333333333,0.44333333333333336
3,balanced_rf,1475,0,0.262,0.44333333333333336
3,balanced_rf,1484,0,0.20266666666666666,0.44333333333333336
3,balanced_rf,1496,0,0.3133333333333333,0.44333333333333336
3,balanced_rf,1506,0,0.3433333333333333,0.44333333333333336
3,balanced_rf,1514,0,0.336,0.44333333333333336
3,balanced_rf,1524,0,0.32066666666666666,0.44333333333333336
3,balanced_rf,1530,0,0.39,0.44333333333333336
3,balanced_rf,1535,0,0.3006666666666667,0.44333333333333336
3,balanced_rf,1538,0,0.23799999999999996,0.44333333333333336
3,balanced_rf,1542,0,0.3436666666666667,0.44333333333333336
3,balanced_rf_missing,2,1,0.44599999999999995,0.43333333333333335
3,balanced_rf_missing,6,0,0.428,0.43333333333333335
3,balanced_rf_missing,13,0,0.374,0.43333333333333335
3,balanced_rf_missing,14,1,0.4553333333333333,0.43333333333333335
3,balanced_rf_missing,19,0,0.48666666666666664,0.43333333333333335
3,balanced_rf_missing,29,0,0.46466666666666673,0.43333333333333335
3,balanced_rf_missing,34,0,0.46066666666666667,0.43333333333333335
3,balanced_rf_missing,37,0,0.43999999999999995,0.43333333333333335
3,balanced_rf_missing,43,0,0.44666666666666666,0.43333333333333335
3,balanced_rf_missing,52,0,0.416,0.43333333333333335
3,balanced_rf_missing,54,0,0.448,0.43333333333333335
3,balanced_rf_missing,57,1,0.4820000000000001,0.43333333333333335
3,balanced_rf_missing,61,0,0.4333333333333333,0.43333333333333335
3,balanced_rf_missing,64,1,0.4503333333333333,0.43333333333333335
3,balanced_rf_missing,66,0,0.44533333333333336,0.43333333333333335
3,balanced_rf_missing,70,0,0.482,0.43333333333333335
3,balanced_rf_missing,75,0,0.338,0.43333333333333335
3,balanced_rf_missing,78,0,0.4623333333333333,0.43333333333333335
3,balanced_rf_missing,82,1,0.5113333333333334,0.43333333333333335
3,balanced_rf_missing,88,0,0.4153333333333334,0.43333333333333335
3,balanced_rf_missing,107,0,0.37633333333333335,0.43333333333333335
3,balanced_rf_missing,109,0,0.4093333333333334,0.43333333333333335
3,balanced_rf_missing,111,0,0.38866666666666666,0.43333333333333335
3,balanced_rf_missing,131,1,0.502,0.43333333333333335
3,balanced_rf_missing,133,0,0.35,0.43333333333333335
3,balanced_rf_missing,138,0,0.4006666666666667,0.43333333333333335
3,balanced_rf_missing,150,0,0.382,0.43333333333333335
3,balanced_rf_missing,162,0,0.47733333333333333,0.43333333333333335
3,balanced_rf_missing,172,0,0.5236666666666667,0.43333333333333335
3,balanced_rf_missing,179,0,0.38666666666666666,0.43333333333333335
3,balanced_rf_missing,184,0,0.3926666666666666,0.43333333333333335
3,balanced_rf_missing,199,0,0.5373333333333333,0.43333333333333335
3,balanced_rf_missing,202,0,0.537,0.43333333333333335
3,balanced_rf_missing,206,0,0.44999999999999996,0.43333333333333335
3,balanced_rf_missing,208,0,0.4093333333333333,0.43333333333333335
3,balanced_rf_missing,224,0,0.42933333333333323,0.43333333333333335
3,balanced_rf_missing,230,0,0.5746666666666668,0.43333333333333335
3,balanced_rf_missing,248,0,0.4693333333333334,0.43333333333333335
3,balanced_rf_missing,250,0,0.4106666666666667,0.43333333333333335
3,balanced_rf_missing,254,0,0.4346666666666667,0.43333333333333335
3,balanced_rf_missing,259,0,0.348,0.43333333333333335
3,balanced_rf_missing,261,0,0.5786666666666667,0.43333333333333335
3,balanced_rf_missing,270,0,0.5549999999999999,0.43333333333333335
3,balanced_rf_missing,272,0,0.5519999999999999,0.43333333333333335
3,balanced_rf_missing,277,1,0.528,0.43333333333333335
3,balanced_rf_missing,280,0,0.5486666666666667,0.43333333333333335
3,balanced_rf_missing,284,0,0.46133333333333343,0.43333333333333335
3,balanced_rf_missing,285,0,0.4613333333333333,0.43333333333333335
3,balanced_rf_missing,289,0,0.502,0.43333333333333335
3,balanced_rf_missing,290,0,0.4746666666666666,0.43333333333333335
3,balanced_rf_missing,298,0,0.462,0.43333333333333335
3,balanced_rf_missing,305,0,0.5123333333333333,0.43333333333333335
3,balanced_rf_missing,309,0,0.37533333333333335,0.43333333333333335
3,balanced_rf_missing,328,0,0.436,0.43333333333333335
3,balanced_rf_missing,329,0,0.3226666666666667,0.43333333333333335
3,balanced_rf_missing,334,0,0.474,0.43333333333333335
3,balanced_rf_missing,335,0,0.4026666666666667,0.43333333333333335
3,balanced_rf_missing,338,0,0.346,0.43333333333333335
3,balanced_rf_missing,343,0,0.4059999999999999,0.43333333333333335
3,balanced_rf_missing,349,0,0.4443333333333333,0.43333333333333335
3,balanced_rf_missing,357,0,0.40466666666666673,0.43333333333333335
3,balanced_rf_missing,358,0,0.417,0.43333333333333335
3,balanced_rf_missing,359,0,0.4933333333333333,0.43333333333333335
3,balanced_rf_missing,362,0,0.4513333333333333,0.43333333333333335
3,balanced_rf_missing,363,0,0.4533333333333333,0.43333333333333335
3,balanced_rf_missing,365,0,0.3380000000000001,0.43333333333333335
3,balanced_rf_missing,367,0,0.36133333333333334,0.43333333333333335
3,balanced_rf_missing,373,1,0.4053333333333334,0.43333333333333335
3,balanced_rf_missing,377,0,0.4666666666666667,0.43333333333333335
3,balanced_rf_missing,386,0,0.38533333333333336,0.43333333333333335
3,balanced_rf_missing,387,0,0.4673333333333334,0.43333333333333335
3,balanced_rf_missing,389,0,0.4386666666666667,0.43333333333333335
3,balanced_rf_missing,395,0,0.42333333333333334,0.43333333333333335
3,balanced_rf_missing,402,0,0.4679999999999999,0.43333333333333335
3,balanced_rf_missing,403,0,0.41,0.43333333333333335
3,balanced_rf_missing,405,0,0.36933333333333324,0.43333333333333335
3,balanced_rf_missing,416,0,0.348,0.43333333333333335
3,balanced_rf_missing,421,0,0.4316666666666667,0.43333333333333335
3,balanced_rf_missing,422,0,0.3746666666666667,0.43333333333333335
3,balanced_rf_missing,430,0,0.393,0.43333333333333335
3,balanced_rf_missing,445,0,0.48266666666666663,0.43333333333333335
3,balanced_rf_missing,448,1,0.6013333333333333,0.43333333333333335
3,balanced_rf_missing,452,0,0.33466666666666667,0.43333333333333335
3,balanced_rf_missing,453,0,0.358,0.43333333333333335
3,balanced_rf_missing,472,0,0.33366666666666667,0.43333333333333335
3,balanced_rf_missing,473,0,0.289,0.43333333333333335
3,balanced_rf_missing,480,0,0.358,0.43333333333333335
3,balanced_rf_missing,485,0,0.37733333333333324,0.43333333333333335
3,balanced_rf_missing,490,0,0.37599999999999995,0.43333333333333335
3,balanced_rf_missing,499,0,0.5253333333333332,0.43333333333333335
3,balanced_rf_missing,503,0,0.3713333333333333,0.43333333333333335
3,balanced_rf_missing,507,0,0.3043333333333333,0.43333333333333335
3,balanced_rf_missing,509,0,0.36000000000000004,0.43333333333333335
3,balanced_rf_missing,523,0,0.3313333333333333,0.43333333333333335
3,balanced_rf_missing,525,0,0.38533333333333336,0.43333333333333335
3,balanced_rf_missing,534,0,0.44200000000000006,0.43333333333333335
3,balanced_rf_missing,536,0,0.37866666666666665,0.43333333333333335
3,balanced_rf_missing,539,0,0.4026666666666667,0.43333333333333335
3,balanced_rf_missing,540,0,0.45266666666666666,0.43333333333333335
3,balanced_rf_missing,541,0,0.4366666666666667,0.43333333333333335
3,balanced_rf_missing,548,0,0.39066666666666666,0.43333333333333335
3,balanced_rf_missing,581,0,0.4086666666666666,0.43333333333333335
3,balanced_rf_missing,584,0,0.42800000000000005,0.43333333333333335
3,balanced_rf_missing,586,0,0.332,0.43333333333333335
3,balanced_rf_missing,603,0,0.4246666666666667,0.43333333333333335
3,balanced_rf_missing,609,0,0.3876666666666667,0.43333333333333335
3,balanced_rf_missing,613,0,0.3152,0.43333333333333335
3,balanced_rf_missing,636,0,0.39486666666666675,0.43333333333333335
3,balanced_rf_missing,639,0,0.3766666666666667,0.43333333333333335
3,balanced_rf_missing,648,0,0.458,0.43333333333333335
3,balanced_rf_missing,661,0,0.42666666666666664,0.43333333333333335
3,balanced_rf_missing,662,0,0.36333333333333334,0.43333333333333335
3,balanced_rf_missing,668,0,0.4053333333333333,0.43333333333333335
3,balanced_rf_missing,677,0,0.35266666666666663,0.43333333333333335
3,balanced_rf_missing,681,0,0.3413333333333333,0.43333333333333335
3,balanced_rf_missing,687,0,0.3646666666666667,0.43333333333333335
3,balanced_rf_missing,692,0,0.3926666666666666,0.43333333333333335
3,balanced_rf_missing,695,0,0.478,0.43333333333333335
3,balanced_rf_missing,701,0,0.336,0.43333333333333335
3,balanced_rf_missing,718,0,0.43399999999999994,0.43333333333333335
3,balanced_rf_missing,724,0,0.3,0.43333333333333335
3,balanced_rf_missing,746,0,0.36933333333333335,0.43333333333333335
3,balanced_rf_missing,747,0,0.32866666666666666,0.43333333333333335
3,balanced_rf_missing,757,0,0.404,0.43333333333333335
3,balanced_rf_missing,759,0,0.32066666666666677,0.43333333333333335
3,balanced_rf_missing,760,0,0.3013333333333334,0.43333333333333335
3,balanced_rf_missing,762,0,0.3773333333333334,0.43333333333333335
3,balanced_rf_missing,763,0,0.4070000000000001,0.43333333333333335
3,balanced_rf_missing,779,0,0.30133333333333334,0.43333333333333335
3,balanced_rf_missing,785,0,0.2813333333333334,0.43333333333333335
3,balanced_rf_missing,789,0,0.354,0.43333333333333335
3,balanced_rf_missing,791,0,0.3393333333333333,0.43333333333333335
3,balanced_rf_missing,797,1,0.3146666666666667,0.43333333333333335
3,balanced_rf_missing,799,0,0.37300000000000005,0.43333333333333335
3,balanced_rf_missing,801,0,0.408,0.43333333333333335
3,balanced_rf_missing,809,0,0.35533333333333333,0.43333333333333335
3,balanced_rf_missing,812,0,0.30733333333333335,0.43333333333333335
3,balanced_rf_missing,815,0,0.33266666666666667,0.43333333333333335
3,balanced_rf_missing,843,0,0.26133333333333336,0.43333333333333335
3,balanced_rf_missing,851,0,0.24633333333333332,0.43333333333333335
3,balanced_rf_missing,853,0,0.4486666666666666,0.43333333333333335
3,balanced_rf_missing,854,0,0.3113333333333333,0.43333333333333335
3,balanced_rf_missing,856,0,0.37200000000000005,0.43333333333333335
3,balanced_rf_missing,857,0,0.376,0.43333333333333335
3,balanced_rf_missing,875,0,0.34433333333333327,0.43333333333333335
3,balanced_rf_missing,880,0,0.432,0.43333333333333335
3,balanced_rf_missing,902,0,0.3283333333333333,0.43333333333333335
3,balanced_rf_missing,917,0,0.3453333333333333,0.43333333333333335
3,balanced_rf_missing,920,0,0.376,0.43333333333333335
3,balanced_rf_missing,921,0,0.29933333333333334,0.43333333333333335
3,balanced_rf_missing,923,0,0.3563333333333334,0.43333333333333335
3,balanced_rf_missing,937,0,0.30500000000000005,0.43333333333333335
3,balanced_rf_missing,938,0,0.3453333333333334,0.43333333333333335
3,balanced_rf_missing,945,0,0.2793333333333334,0.43333333333333335
3,balanced_rf_missing,958,0,0.39399999999999996,0.43333333333333335
3,balanced_rf_missing,963,0,0.348,0.43333333333333335
3,balanced_rf_missing,969,0,0.24599999999999997,0.43333333333333335
3,balanced_rf_missing,976,0,0.31266666666666665,0.43333333333333335
3,balanced_rf_missing,977,0,0.35800000000000004,0.43333333333333335
3,balanced_rf_missing,984,0,0.29733333333333334,0.43333333333333335
3,balanced_rf_missing,990,0,0.3576666666666667,0.43333333333333335
3,balanced_rf_missing,994,0,0.294,0.43333333333333335
3,balanced_rf_missing,1002,0,0.32733333333333337,0.43333333333333335
3,balanced_rf_missing,1013,0,0.3340000000000001,0.43333333333333335
3,balanced_rf_missing,1020,0,0.3866666666666666,0.43333333333333335
3,balanced_rf_missing,1026,0,0.4056666666666667,0.43333333333333335
3,balanced_rf_missing,1028,0,0.44733333333333336,0.43333333333333335
3,balanced_rf_missing,1041,0,0.386,0.43333333333333335
3,balanced_rf_missing,1061,0,0.4453333333333333,0.43333333333333335
3,balanced_rf_missing,1067,0,0.30800000000000005,0.43333333333333335
3,balanced_rf_missing,1071,0,0.2913333333333334,0.43333333333333335
3,balanced_rf_missing,1074,0,0.36733333333333335,0.43333333333333335
3,balanced_rf_missing,1075,0,0.2886666666666667,0.43333333333333335
3,balanced_rf_missing,1077,0,0.3773333333333333,0.43333333333333335
3,balanced_rf_missing,1087,0,0.3786666666666667,0.43333333333333335
3,balanced_rf_missing,1100,0,0.35266666666666663,0.43333333333333335
3,balanced_rf_missing,1102,0,0.3333333333333333,0.43333333333333335
3,balanced_rf_missing,1107,0,0.38733333333333336,0.43333333333333335
3,balanced_rf_missing,1111,0,0.26666666666666666,0.43333333333333335
3,balanced_rf_missing,1112,0,0.2323333333333333,0.43333333333333335
3,balanced_rf_missing,1113,0,0.38166666666666665,0.43333333333333335
3,balanced_rf_missing,1114,0,0.3833333333333333,0.43333333333333335
3,balanced_rf_missing,1118,0,0.4053333333333334,0.43333333333333335
3,balanced_rf_missing,1144,1,0.3953333333333333,0.43333333333333335
3,balanced_rf_missing,1145,0,0.43000000000000005,0.43333333333333335
3,balanced_rf_missing,1153,0,0.382,0.43333333333333335
3,balanced_rf_missing,1165,0,0.34833333333333333,0.43333333333333335
3,balanced_rf_missing,1169,0,0.35333333333333333,0.43333333333333335
3,balanced_rf_missing,1171,0,0.438,0.43333333333333335
3,balanced_rf_missing,1173,0,0.3333333333333333,0.43333333333333335
3,balanced_rf_missing,1182,0,0.32,0.43333333333333335
3,balanced_rf_missing,1210,0,0.36600000000000005,0.43333333333333335
3,balanced_rf_missing,1215,0,0.42033333333333334,0.43333333333333335
3,balanced_rf_missing,1216,0,0.4453333333333333,0.43333333333333335
3,balanced_rf_missing,1224,0,0.3,0.43333333333333335
3,balanced_rf_missing,1238,1,0.32066666666666666,0.43333333333333335
3,balanced_rf_missing,1246,0,0.3426666666666667,0.43333333333333335
3,balanced_rf_missing,1260,0,0.3953333333333333,0.43333333333333335
3,balanced_rf_missing,1265,0,0.39199999999999996,0.43333333333333335
3,balanced_rf_missing,1275,0,0.2673333333333333,0.43333333333333335
3,balanced_rf_missing,1277,0,0.24999999999999997,0.43333333333333335
3,balanced_rf_missing,1281,0,0.2693333333333333,0.43333333333333335
3,balanced_rf_missing,1284,0,0.3913333333333333,0.43333333333333335
3,balanced_rf_missing,1288,0,0.2313333333333333,0.43333333333333335
3,balanced_rf_missing,1300,0,0.3086666666666667,0.43333333333333335
3,balanced_rf_missing,1303,1,0.4568666666666667,0.43333333333333335
3,balanced_rf_missing,1308,0,0.29133333333333333,0.43333333333333335
3,balanced_rf_missing,1313,0,0.4306666666666667,0.43333333333333335
3,balanced_rf_missing,1318,0,0.3286666666666666,0.43333333333333335
3,balanced_rf_missing,1330,0,0.3446666666666667,0.43333333333333335
3,balanced_rf_missing,1338,0,0.2793333333333333,0.43333333333333335
3,balanced_rf_missing,1340,0,0.3833333333333333,0.43333333333333335
3,balanced_rf_missing,1358,0,0.23999999999999996,0.43333333333333335
3,balanced_rf_missing,1363,1,0.3688666666666666,0.43333333333333335
3,balanced_rf_missing,1365,1,0.3469999999999999,0.43333333333333335
3,balanced_rf_missing,1380,0,0.18333333333333332,0.43333333333333335
3,balanced_rf_missing,1404,0,0.284,0.43333333333333335
3,balanced_rf_missing,1413,0,0.2746666666666666,0.43333333333333335
3,balanced_rf_missing,1435,0,0.3380000000000001,0.43333333333333335
3,balanced_rf_missing,1438,1,0.3106666666666667,0.43333333333333335
3,balanced_rf_missing,1444,0,0.2843333333333334,0.43333333333333335
3,balanced_rf_missing,1450,0,0.3553333333333334,0.43333333333333335
3,balanced_rf_missing,1455,0,0.2746666666666666,0.43333333333333335
3,balanced_rf_missing,1468,0,0.29266666666666663,0.43333333333333335
3,balanced_rf_missing,1469,0,0.36233333333333334,0.43333333333333335
3,balanced_rf_missing,1475,0,0.2573333333333333,0.43333333333333335
3,balanced_rf_missing,1484,0,0.238,0.43333333333333335
3,balanced_rf_missing,1496,0,0.36066666666666664,0.43333333333333335
3,balanced_rf_missing,1506,0,0.3459999999999999,0.43333333333333335
3,balanced_rf_missing,1514,0,0.3333333333333333,0.43333333333333335
3,balanced_rf_missing,1524,0,0.3133333333333333,0.43333333333333335
3,balanced_rf_missing,1530,0,0.3833333333333333,0.43333333333333335
3,balanced_rf_missing,1535,0,0.282,0.43333333333333335
3,balanced_rf_missing,1538,0,0.20533333333333334,0.43333333333333335
3,balanced_rf_missing,1542,0,0.354,0.43333333333333335
3,balanced_rf_missing_leaf5,2,1,0.5201015873015872,0.43917142857142866
3,balanced_rf_missing_leaf5,6,0,0.4283174603174605,0.43917142857142866
3,balanced_rf_missing_leaf5,13,0,0.4207142857142857,0.43917142857142866
3,balanced_rf_missing_leaf5,14,1,0.5024444444444445,0.43917142857142866
3,balanced_rf_missing_leaf5,19,0,0.4893412698412697,0.43917142857142866
3,balanced_rf_missing_leaf5,29,0,0.4772460317460316,0.43917142857142866
3,balanced_rf_missing_leaf5,34,0,0.49192222222222226,0.43917142857142866
3,balanced_rf_missing_leaf5,37,0,0.4623761904761903,0.43917142857142866
3,balanced_rf_missing_leaf5,43,0,0.479395238095238,0.43917142857142866
3,balanced_rf_missing_leaf5,52,0,0.4170380952380953,0.43917142857142866
3,balanced_rf_missing_leaf5,54,0,0.4866285714285712,0.43917142857142866
3,balanced_rf_missing_leaf5,57,1,0.5121730158730158,0.43917142857142866
3,balanced_rf_missing_leaf5,61,0,0.4119015873015872,0.43917142857142866
3,balanced_rf_missing_leaf5,64,1,0.42996666666666683,0.43917142857142866
3,balanced_rf_missing_leaf5,66,0,0.41438095238095246,0.43917142857142866
3,balanced_rf_missing_leaf5,70,0,0.46213174603174595,0.43917142857142866
3,balanced_rf_missing_leaf5,75,0,0.371030158730159,0.43917142857142866
3,balanced_rf_missing_leaf5,78,0,0.4901253968253967,0.43917142857142866
3,balanced_rf_missing_leaf5,82,1,0.5157142857142857,0.43917142857142866
3,balanced_rf_missing_leaf5,88,0,0.47512698412698406,0.43917142857142866
3,balanced_rf_missing_leaf5,107,0,0.37419841269841286,0.43917142857142866
3,balanced_rf_missing_leaf5,109,0,0.4138603174603175,0.43917142857142866
3,balanced_rf_missing_leaf5,111,0,0.40556031746031734,0.43917142857142866
3,balanced_rf_missing_leaf5,131,1,0.5030857142857141,0.43917142857142866
3,balanced_rf_missing_leaf5,133,0,0.42286031746031744,0.43917142857142866
3,balanced_rf_missing_leaf5,138,0,0.4183730158730159,0.43917142857142866
3,balanced_rf_missing_leaf5,150,0,0.4312460317460318,0.43917142857142866
3,balanced_rf_missing_leaf5,162,0,0.4557587301587301,0.43917142857142866
3,balanced_rf_missing_leaf5,172,0,0.5146793650793651,0.43917142857142866
3,balanced_rf_missing_leaf5,179,0,0.41938253968253975,0.43917142857142866
3,balanced_rf_missing_leaf5,184,0,0.47130793650793645,0.43917142857142866
3,balanced_rf_missing_leaf5,199,0,0.5518523809523809,0.43917142857142866
3,balanced_rf_missing_leaf5,202,0,0.5758412698412702,0.43917142857142866
3,balanced_rf_missing_leaf5,206,0,0.4541841269841268,0.43917142857142866
3,balanced_rf_missing_leaf5,208,0,0.46571746031746014,0.43917142857142866
3,balanced_rf_missing_leaf5,224,0,0.4510698412698413,0.43917142857142866
3,balanced_rf_missing_leaf5,230,0,0.5904174603174605,0.43917142857142866
3,balanced_rf_missing_leaf5,248,0,0.45987777777777783,0.43917142857142866
3,balanced_rf_missing_leaf5,250,0,0.4416857142857143,0.43917142857142866
3,balanced_rf_missing_leaf5,254,0,0.5302603174603174,0.43917142857142866
3,balanced_rf_missing_leaf5,259,0,0.36263492063492075,0.43917142857142866
3,balanced_rf_missing_leaf5,261,0,0.573336507936508,0.43917142857142866
3,balanced_rf_missing_leaf5,270,0,0.5381888888888888,0.43917142857142866
3,balanced_rf_missing_leaf5,272,0,0.5241507936507939,0.43917142857142866
3,balanced_rf_missing_leaf5,277,1,0.5000444444444442,0.43917142857142866
3,balanced_rf_missing_leaf5,280,0,0.5661619047619044,0.43917142857142866
3,balanced_rf_missing_leaf5,284,0,0.50028253968254,0.43917142857142866
3,balanced_rf_missing_leaf5,285,0,0.4238174603174604,0.43917142857142866
3,balanced_rf_missing_leaf5,289,0,0.49566666666666676,0.43917142857142866
3,balanced_rf_missing_leaf5,290,0,0.4523253968253968,0.43917142857142866
3,balanced_rf_missing_leaf5,298,0,0.4643142857142856,0.43917142857142866
3,balanced_rf_missing_leaf5,305,0,0.5074190476190474,0.43917142857142866
3,balanced_rf_missing_leaf5,309,0,0.3563285714285713,0.43917142857142866
3,balanced_rf_missing_leaf5,328,0,0.47341269841269834,0.43917142857142866
3,balanced_rf_missing_leaf5,329,0,0.3634063492063491,0.43917142857142866
3,balanced_rf_missing_leaf5,334,0,0.47887142857142845,0.43917142857142866
3,balanced_rf_missing_leaf5,335,0,0.4251761904761905,0.43917142857142866
3,balanced_rf_missing_leaf5,338,0,0.3310698412698413,0.43917142857142866
3,balanced_rf_missing_leaf5,343,0,0.4028222222222222,0.43917142857142866
3,balanced_rf_missing_leaf5,349,0,0.47152063492063484,0.43917142857142866
3,balanced_rf_missing_leaf5,357,0,0.418268253968254,0.43917142857142866
3,balanced_rf_missing_leaf5,358,0,0.44039365079365056,0.43917142857142866
3,balanced_rf_missing_leaf5,359,0,0.5030285714285714,0.43917142857142866
3,balanced_rf_missing_leaf5,362,0,0.4770492063492063,0.43917142857142866
3,balanced_rf_missing_leaf5,363,0,0.4238285714285715,0.43917142857142866
3,balanced_rf_missing_leaf5,365,0,0.3807571428571429,0.43917142857142866
3,balanced_rf_missing_leaf5,367,0,0.3660285714285713,0.43917142857142866
3,balanced_rf_missing_leaf5,373,1,0.3813444444444444,0.43917142857142866
3,balanced_rf_missing_leaf5,377,0,0.4750428571428571,0.43917142857142866
3,balanced_rf_missing_leaf5,386,0,0.4279793650793651,0.43917142857142866
3,balanced_rf_missing_leaf5,387,0,0.4197777777777777,0.43917142857142866
3,balanced_rf_missing_leaf5,389,0,0.4115555555555555,0.43917142857142866
3,balanced_rf_missing_leaf5,395,0,0.4304603174603173,0.43917142857142866
3,balanced_rf_missing_leaf5,402,0,0.5457222222222222,0.43917142857142866
3,balanced_rf_missing_leaf5,403,0,0.4354555555555557,0.43917142857142866
3,balanced_rf_missing_leaf5,405,0,0.37836984126984147,0.43917142857142866
3,balanced_rf_missing_leaf5,416,0,0.367663492063492,0.43917142857142866
3,balanced_rf_missing_leaf5,421,0,0.5268825396825397,0.43917142857142866
3,balanced_rf_missing_leaf5,422,0,0.3636095238095239,0.43917142857142866
3,balanced_rf_missing_leaf5,430,0,0.45477142857142866,0.43917142857142866
3,balanced_rf_missing_leaf5,445,0,0.48657777777777766,0.43917142857142866
3,balanced_rf_missing_leaf5,448,1,0.5941634920634918,0.43917142857142866
3,balanced_rf_missing_leaf5,452,0,0.3660539682539682,0.43917142857142866
3,balanced_rf_missing_leaf5,453,0,0.38272222222222246,0.43917142857142866
3,balanced_rf_missing_leaf5,472,0,0.3987158730158731,0.43917142857142866
3,balanced_rf_missing_leaf5,473,0,0.3484873015873016,0.43917142857142866
3,balanced_rf_missing_leaf5,480,0,0.37636666666666685,0.43917142857142866
3,balanced_rf_missing_leaf5,485,0,0.40806349206349213,0.43917142857142866
3,balanced_rf_missing_leaf5,490,0,0.44548888888888893,0.43917142857142866
3,balanced_rf_missing_leaf5,499,0,0.5607428571428571,0.43917142857142866
3,balanced_rf_missing_leaf5,503,0,0.3762730158730159,0.43917142857142866
3,balanced_rf_missing_leaf5,507,0,0.3359555555555556,0.43917142857142866
3,balanced_rf_missing_leaf5,509,0,0.3839746031746032,0.43917142857142866
3,balanced_rf_missing_leaf5,523,0,0.3714904761904761,0.43917142857142866
3,balanced_rf_missing_leaf5,525,0,0.43950158730158734,0.43917142857142866
3,balanced_rf_missing_leaf5,534,0,0.4415460317460318,0.43917142857142866
3,balanced_rf_missing_leaf5,536,0,0.3899206349206349,0.43917142857142866
3,balanced_rf_missing_leaf5,539,0,0.46756349206349207,0.43917142857142866
3,balanced_rf_missing_leaf5,540,0,0.43969523809523814,0.43917142857142866
3,balanced_rf_missing_leaf5,541,0,0.4265317460317458,0.43917142857142866
3,balanced_rf_missing_leaf5,548,0,0.4256031746031746,0.43917142857142866
3,balanced_rf_missing_leaf5,581,0,0.4162349206349205,0.43917142857142866
3,balanced_rf_missing_leaf5,584,0,0.3962761904761904,0.43917142857142866
3,balanced_rf_missing_leaf5,586,0,0.3373730158730158,0.43917142857142866
3,balanced_rf_missing_leaf5,603,0,0.409136507936508,0.43917142857142866
3,balanced_rf_missing_leaf5,609,0,0.37974603174603183,0.43917142857142866
3,balanced_rf_missing_leaf5,613,0,0.36547142857142867,0.43917142857142866
3,balanced_rf_missing_leaf5,636,0,0.44228253968253967,0.43917142857142866
3,balanced_rf_missing_leaf5,639,0,0.3906301587301588,0.43917142857142866
3,balanced_rf_missing_leaf5,648,0,0.4705746031746033,0.43917142857142866
3,balanced_rf_missing_leaf5,661,0,0.4526603174603175,0.43917142857142866
3,balanced_rf_missing_leaf5,662,0,0.33591111111111105,0.43917142857142866
3,balanced_rf_missing_leaf5,668,0,0.43894603174603186,0.43917142857142866
3,balanced_rf_missing_leaf5,677,0,0.40365555555555555,0.43917142857142866
3,balanced_rf_missing_leaf5,681,0,0.42204126984126983,0.43917142857142866
3,balanced_rf_missing_leaf5,687,0,0.34293174603174614,0.43917142857142866
3,balanced_rf_missing_leaf5,692,0,0.37159999999999993,0.43917142857142866
3,balanced_rf_missing_leaf5,695,0,0.518384126984127,0.43917142857142866
3,balanced_rf_missing_leaf5,701,0,0.33475396825396814,0.43917142857142866
3,balanced_rf_missing_leaf5,718,0,0.45793968253968265,0.43917142857142866
3,balanced_rf_missing_leaf5,724,0,0.2924698412698414,0.43917142857142866
3,balanced_rf_missing_leaf5,746,0,0.4198444444444446,0.43917142857142866
3,balanced_rf_missing_leaf5,747,0,0.369963492063492,0.43917142857142866
3,balanced_rf_missing_leaf5,757,0,0.3972380952380952,0.43917142857142866
3,balanced_rf_missing_leaf5,759,0,0.31315079365079357,0.43917142857142866
3,balanced_rf_missing_leaf5,760,0,0.3301015873015872,0.43917142857142866
3,balanced_rf_missing_leaf5,762,0,0.3740285714285715,0.43917142857142866
3,balanced_rf_missing_leaf5,763,0,0.4243222222222222,0.43917142857142866
3,balanced_rf_missing_leaf5,779,0,0.30530158730158735,0.43917142857142866
3,balanced_rf_missing_leaf5,785,0,0.28933015873015866,0.43917142857142866
3,balanced_rf_missing_leaf5,789,0,0.4214063492063492,0.43917142857142866
3,balanced_rf_missing_leaf5,791,0,0.35116190476190484,0.43917142857142866
3,balanced_rf_missing_leaf5,797,1,0.3327825396825397,0.43917142857142866
3,balanced_rf_missing_leaf5,799,0,0.3721507936507937,0.43917142857142866
3,balanced_rf_missing_leaf5,801,0,0.38391904761904755,0.43917142857142866
3,balanced_rf_missing_leaf5,809,0,0.3896047619047618,0.43917142857142866
3,balanced_rf_missing_leaf5,812,0,0.3276619047619048,0.43917142857142866
3,balanced_rf_missing_leaf5,815,0,0.3609698412698413,0.43917142857142866
3,balanced_rf_missing_leaf5,843,0,0.3317904761904762,0.43917142857142866
3,balanced_rf_missing_leaf5,851,0,0.28637460317460317,0.43917142857142866
3,balanced_rf_missing_leaf5,853,0,0.41148412698412706,0.43917142857142866
3,balanced_rf_missing_leaf5,854,0,0.3746285714285714,0.43917142857142866
3,balanced_rf_missing_leaf5,856,0,0.36419365079365085,0.43917142857142866
3,balanced_rf_missing_leaf5,857,0,0.35857142857142843,0.43917142857142866
3,balanced_rf_missing_leaf5,875,0,0.34828571428571425,0.43917142857142866
3,balanced_rf_missing_leaf5,880,0,0.41452380952380957,0.43917142857142866
3,balanced_rf_missing_leaf5,902,0,0.3084825396825396,0.43917142857142866
3,balanced_rf_missing_leaf5,917,0,0.34188095238095245,0.43917142857142866
3,balanced_rf_missing_leaf5,920,0,0.3719873015873018,0.43917142857142866
3,balanced_rf_missing_leaf5,921,0,0.33531904761904757,0.43917142857142866
3,balanced_rf_missing_leaf5,923,0,0.3718634920634922,0.43917142857142866
3,balanced_rf_missing_leaf5,937,0,0.33424920634920646,0.43917142857142866
3,balanced_rf_missing_leaf5,938,0,0.35549841269841276,0.43917142857142866
3,balanced_rf_missing_leaf5,945,0,0.3356174603174603,0.43917142857142866
3,balanced_rf_missing_leaf5,958,0,0.4434111111111111,0.43917142857142866
3,balanced_rf_missing_leaf5,963,0,0.34117460317460313,0.43917142857142866
3,balanced_rf_missing_leaf5,969,0,0.3089873015873016,0.43917142857142866
3,balanced_rf_missing_leaf5,976,0,0.37878571428571434,0.43917142857142866
3,balanced_rf_missing_leaf5,977,0,0.3393380952380953,0.43917142857142866
3,balanced_rf_missing_leaf5,984,0,0.2900650793650794,0.43917142857142866
3,balanced_rf_missing_leaf5,990,0,0.3650031746031747,0.43917142857142866
3,balanced_rf_missing_leaf5,994,0,0.23498253968253976,0.43917142857142866
3,balanced_rf_missing_leaf5,1002,0,0.37737777777777787,0.43917142857142866
3,balanced_rf_missing_leaf5,1013,0,0.3887444444444444,0.43917142857142866
3,balanced_rf_missing_leaf5,1020,0,0.3685698412698413,0.43917142857142866
3,balanced_rf_missing_leaf5,1026,0,0.43271746031746033,0.43917142857142866
3,balanced_rf_missing_leaf5,1028,0,0.4644984126984127,0.43917142857142866
3,balanced_rf_missing_leaf5,1041,0,0.402788888888889,0.43917142857142866
3,balanced_rf_missing_leaf5,1061,0,0.48513015873015874,0.43917142857142866
3,balanced_rf_missing_leaf5,1067,0,0.3484126984126984,0.43917142857142866
3,balanced_rf_missing_leaf5,1071,0,0.3389920634920636,0.43917142857142866
3,balanced_rf_missing_leaf5,1074,0,0.37551269841269835,0.43917142857142866
3,balanced_rf_missing_leaf5,1075,0,0.3473047619047619,0.43917142857142866
3,balanced_rf_missing_leaf5,1077,0,0.3848158730158731,0.43917142857142866
3,balanced_rf_missing_leaf5,1087,0,0.3860936507936509,0.43917142857142866
3,balanced_rf_missing_leaf5,1100,0,0.35191746031746046,0.43917142857142866
3,balanced_rf_missing_leaf5,1102,0,0.3271031746031747,0.43917142857142866
3,balanced_rf_missing_leaf5,1107,0,0.411273015873016,0.43917142857142866
3,balanced_rf_missing_leaf5,1111,0,0.296147619047619,0.43917142857142866
3,balanced_rf_missing_leaf5,1112,0,0.2879777777777779,0.43917142857142866
3,balanced_rf_missing_leaf5,1113,0,0.41191111111111106,0.43917142857142866
3,balanced_rf_missing_leaf5,1114,0,0.34195079365079367,0.43917142857142866
3,balanced_rf_missing_leaf5,1118,0,0.4434301587301588,0.43917142857142866
3,balanced_rf_missing_leaf5,1144,1,0.4243714285714289,0.43917142857142866
3,balanced_rf_missing_leaf5,1145,0,0.40381111111111107,0.43917142857142866
3,balanced_rf_missing_leaf5,1153,0,0.420079365079365,0.43917142857142866
3,balanced_rf_missing_leaf5,1165,0,0.35348095238095256,0.43917142857142866
3,balanced_rf_missing_leaf5,1169,0,0.3555079365079366,0.43917142857142866
3,balanced_rf_missing_leaf5,1171,0,0.4207158730158731,0.43917142857142866
3,balanced_rf_missing_leaf5,1173,0,0.3525444444444445,0.43917142857142866
3,balanced_rf_missing_leaf5,1182,0,0.34022698412698416,0.43917142857142866
3,balanced_rf_missing_leaf5,1210,0,0.38319841269841265,0.43917142857142866
3,balanced_rf_missing_leaf5,1215,0,0.35930476190476196,0.43917142857142866
3,balanced_rf_missing_leaf5,1216,0,0.43900793650793646,0.43917142857142866
3,balanced_rf_missing_leaf5,1224,0,0.31401428571428575,0.43917142857142866
3,balanced_rf_missing_leaf5,1238,1,0.3377301587301586,0.43917142857142866
3,balanced_rf_missing_leaf5,1246,0,0.3734777777777779,0.43917142857142866
3,balanced_rf_missing_leaf5,1260,0,0.4055158730158731,0.43917142857142866
3,balanced_rf_missing_leaf5,1265,0,0.3651142857142859,0.43917142857142866
3,balanced_rf_missing_leaf5,1275,0,0.35971904761904766,0.43917142857142866
3,balanced_rf_missing_leaf5,1277,0,0.31036666666666674,0.43917142857142866
3,balanced_rf_missing_leaf5,1281,0,0.32703809523809524,0.43917142857142866
3,balanced_rf_missing_leaf5,1284,0,0.4407523809523808,0.43917142857142866
3,balanced_rf_missing_leaf5,1288,0,0.3075507936507937,0.43917142857142866
3,balanced_rf_missing_leaf5,1300,0,0.3512158730158731,0.43917142857142866
3,balanced_rf_missing_leaf5,1303,1,0.4172730158730159,0.43917142857142866
3,balanced_rf_missing_leaf5,1308,0,0.31233968253968264,0.43917142857142866
3,balanced_rf_missing_leaf5,1313,0,0.4421444444444445,0.43917142857142866
3,balanced_rf_missing_leaf5,1318,0,0.313688888888889,0.43917142857142866
3,balanced_rf_missing_leaf5,1330,0,0.38521904761904757,0.43917142857142866
3,balanced_rf_missing_leaf5,1338,0,0.2771190476190476,0.43917142857142866
3,balanced_rf_missing_leaf5,1340,0,0.3666238095238096,0.43917142857142866
3,balanced_rf_missing_leaf5,1358,0,0.29229047619047627,0.43917142857142866
3,balanced_rf_missing_leaf5,1363,1,0.37396349206349216,0.43917142857142866
3,balanced_rf_missing_leaf5,1365,1,0.3929285714285714,0.43917142857142866
3,balanced_rf_missing_leaf5,1380,0,0.2197412698412698,0.43917142857142866
3,balanced_rf_missing_leaf5,1404,0,0.2606396825396825,0.43917142857142866
3,balanced_rf_missing_leaf5,1413,0,0.30832857142857134,0.43917142857142866
3,balanced_rf_missing_leaf5,1435,0,0.4329095238095237,0.43917142857142866
3,balanced_rf_missing_leaf5,1438,1,0.31127460317460315,0.43917142857142866
3,balanced_rf_missing_leaf5,1444,0,0.281168253968254,0.43917142857142866
3,balanced_rf_missing_leaf5,1450,0,0.3680095238095239,0.43917142857142866
3,balanced_rf_missing_leaf5,1455,0,0.29285238095238103,0.43917142857142866
3,balanced_rf_missing_leaf5,1468,0,0.3109444444444446,0.43917142857142866
3,balanced_rf_missing_leaf5,1469,0,0.4097793650793653,0.43917142857142866
3,balanced_rf_missing_leaf5,1475,0,0.2990809523809524,0.43917142857142866
3,balanced_rf_missing_leaf5,1484,0,0.24515555555555557,0.43917142857142866
3,balanced_rf_missing_leaf5,1496,0,0.37018412698412684,0.43917142857142866
3,balanced_rf_missing_leaf5,1506,0,0.3628761904761905,0.43917142857142866
3,balanced_rf_missing_leaf5,1514,0,0.33739682539682536,0.43917142857142866
3,balanced_rf_missing_leaf5,1524,0,0.3085428571428571,0.43917142857142866
3,balanced_rf_missing_leaf5,1530,0,0.41972539682539683,0.43917142857142866
3,balanced_rf_missing_leaf5,1535,0,0.3127492063492064,0.43917142857142866
3,balanced_rf_missing_leaf5,1538,0,0.2744793650793652,0.43917142857142866
3,balanced_rf_missing_leaf5,1542,0,0.3817063492063494,0.43917142857142866
4,rf_weighted_baseline,10,1,0.1802318757775232,0.08969167339507945
4,rf_weighted_baseline,22,0,0.08656338825564754,0.08969167339507945
4,rf_weighted_baseline,36,0,0.17242342258587007,0.08969167339507945
4,rf_weighted_baseline,40,1,0.18817627242534954,0.08969167339507945
4,rf_weighted_baseline,63,0,0.1532367156743433,0.08969167339507945
4,rf_weighted_baseline,72,0,0.13105256602979568,0.08969167339507945
4,rf_weighted_baseline,73,0,0.13030786890216,0.08969167339507945
4,rf_weighted_baseline,76,0,0.08694893617021278,0.08969167339507945
4,rf_weighted_baseline,77,0,0.2325306461538526,0.08969167339507945
4,rf_weighted_baseline,84,0,0.08572063285135638,0.08969167339507945
4,rf_weighted_baseline,102,0,0.1129028744305273,0.08969167339507945
4,rf_weighted_baseline,117,0,0.0428619320166191,0.08969167339507945
4,rf_weighted_baseline,118,0,0.1364369541979464,0.08969167339507945
4,rf_weighted_baseline,123,0,0.1325168060104686,0.08969167339507945
4,rf_weighted_baseline,139,0,0.12684174055946454,0.08969167339507945
4,rf_weighted_baseline,145,0,0.12152484137274894,0.08969167339507945
4,rf_weighted_baseline,152,0,0.0900918614793195,0.08969167339507945
4,rf_weighted_baseline,168,0,0.16614038790293567,0.08969167339507945
4,rf_weighted_baseline,171,0,0.15797671003172725,0.08969167339507945
4,rf_weighted_baseline,177,0,0.10977578985360832,0.08969167339507945
4,rf_weighted_baseline,181,0,0.07341643100054433,0.08969167339507945
4,rf_weighted_baseline,192,0,0.18016354540545976,0.08969167339507945
4,rf_weighted_baseline,193,0,0.15618614631570193,0.08969167339507945
4,rf_weighted_baseline,194,0,0.19764430832722096,0.08969167339507945
4,rf_weighted_baseline,201,0,0.0654500773660417,0.08969167339507945
4,rf_weighted_baseline,204,0,0.06652968591691996,0.08969167339507945
4,rf_weighted_baseline,205,0,0.05482942804622958,0.08969167339507945
4,rf_weighted_baseline,213,0,0.1451730144824024,0.08969167339507945
4,rf_weighted_baseline,223,0,0.21824512493076545,0.08969167339507945
4,rf_weighted_baseline,229,0,0.17326926127568487,0.08969167339507945
4,rf_weighted_baseline,240,1,0.13238885709999776,0.08969167339507945
4,rf_weighted_baseline,256,0,0.11698366558795854,0.08969167339507945
4,rf_weighted_baseline,262,0,0.18193667702158312,0.08969167339507945
4,rf_weighted_baseline,266,0,0.0819685519847949,0.08969167339507945
4,rf_weighted_baseline,267,0,0.19673383433542305,0.08969167339507945
4,rf_weighted_baseline,302,0,0.10175117687794459,0.08969167339507945
4,rf_weighted_baseline,304,0,0.08191313979227506,0.08969167339507945
4,rf_weighted_baseline,310,0,0.13937368642193812,0.08969167339507945
4,rf_weighted_baseline,312,0,0.1135749792523112,0.08969167339507945
4,rf_weighted_baseline,314,0,0.11669796669230775,0.08969167339507945
4,rf_weighted_baseline,318,0,0.07764965788733716,0.08969167339507945
4,rf_weighted_baseline,319,0,0.08255262639667793,0.08969167339507945
4,rf_weighted_baseline,332,0,0.1556285897643179,0.08969167339507945
4,rf_weighted_baseline,340,0,0.0745727676489446,0.08969167339507945
4,rf_weighted_baseline,346,0,0.06679114741641339,0.08969167339507945
4,rf_weighted_baseline,351,1,0.08196258987475788,0.08969167339507945
4,rf_weighted_baseline,354,0,0.17384791702101854,0.08969167339507945
4,rf_weighted_baseline,380,0,0.1566648437303911,0.08969167339507945
4,rf_weighted_baseline,382,0,0.054350623821406124,0.08969167339507945
4,rf_weighted_baseline,385,0,0.06383464523905157,0.08969167339507945
4,rf_weighted_baseline,388,0,0.06298791218106298,0.08969167339507945
4,rf_weighted_baseline,393,0,0.1486054374097859,0.08969167339507945
4,rf_weighted_baseline,394,0,0.08597300524562086,0.08969167339507945
4,rf_weighted_baseline,400,0,0.12966237277967047,0.08969167339507945
4,rf_weighted_baseline,404,0,0.07738758066095697,0.08969167339507945
4,rf_weighted_baseline,406,1,0.21619532495795635,0.08969167339507945
4,rf_weighted_baseline,423,0,0.1870515459184911,0.08969167339507945
4,rf_weighted_baseline,425,0,0.0635774955954834,0.08969167339507945
4,rf_weighted_baseline,431,0,0.17184267808083256,0.08969167339507945
4,rf_weighted_baseline,439,0,0.06504706295034732,0.08969167339507945
4,rf_weighted_baseline,446,0,0.11373837829965919,0.08969167339507945
4,rf_weighted_baseline,447,0,0.11339605185446795,0.08969167339507945
4,rf_weighted_baseline,456,0,0.05765268172165027,0.08969167339507945
4,rf_weighted_baseline,462,0,0.05885656264524726,0.08969167339507945
4,rf_weighted_baseline,469,0,0.03530918129030876,0.08969167339507945
4,rf_weighted_baseline,484,0,0.07076450043924493,0.08969167339507945
4,rf_weighted_baseline,487,0,0.06667234581146761,0.08969167339507945
4,rf_weighted_baseline,488,0,0.03138167938931298,0.08969167339507945
4,rf_weighted_baseline,497,0,0.09541518360706373,0.08969167339507945
4,rf_weighted_baseline,498,0,0.05432861589647402,0.08969167339507945
4,rf_weighted_baseline,501,0,0.053320301079846893,0.08969167339507945
4,rf_weighted_baseline,510,0,0.11978689168549421,0.08969167339507945
4,rf_weighted_baseline,513,0,0.07007278126789479,0.08969167339507945
4,rf_weighted_baseline,528,0,0.041572256744055354,0.08969167339507945
4,rf_weighted_baseline,551,0,0.07374687425219567,0.08969167339507945
4,rf_weighted_baseline,555,0,0.07989015157578198,0.08969167339507945
4,rf_weighted_baseline,561,0,0.06581240676963383,0.08969167339507945
4,rf_weighted_baseline,575,0,0.062308746563553244,0.08969167339507945
4,rf_weighted_baseline,580,0,0.13676030550514498,0.08969167339507945
4,rf_weighted_baseline,588,0,0.05847848728329451,0.08969167339507945
4,rf_weighted_baseline,593,0,0.07348050911854105,0.08969167339507945
4,rf_weighted_baseline,594,0,0.03912971890389011,0.08969167339507945
4,rf_weighted_baseline,596,0,0.06714003937986274,0.08969167339507945
4,rf_weighted_baseline,597,0,0.09020362123964022,0.08969167339507945
4,rf_weighted_baseline,605,1,0.06644608006126176,0.08969167339507945
4,rf_weighted_baseline,606,0,0.043452923686818634,0.08969167339507945
4,rf_weighted_baseline,607,0,0.07725538842115467,0.08969167339507945
4,rf_weighted_baseline,619,0,0.08690319615436741,0.08969167339507945
4,rf_weighted_baseline,620,0,0.027046904676042795,0.08969167339507945
4,rf_weighted_baseline,622,0,0.041560474853455494,0.08969167339507945
4,rf_weighted_baseline,631,0,0.08021246631155793,0.08969167339507945
4,rf_weighted_baseline,644,0,0.03924541555187497,0.08969167339507945
4,rf_weighted_baseline,649,0,0.07072620031416972,0.08969167339507945
4,rf_weighted_baseline,655,0,0.07119574468085106,0.08969167339507945
4,rf_weighted_baseline,660,0,0.10959362001069434,0.08969167339507945
4,rf_weighted_baseline,664,0,0.039055070140280555,0.08969167339507945
4,rf_weighted_baseline,671,0,0.05931018630378108,0.08969167339507945
4,rf_weighted_baseline,675,0,0.03514042553191489,0.08969167339507945
4,rf_weighted_baseline,676,0,0.08161338576431601,0.08969167339507945
4,rf_weighted_baseline,679,0,0.031366952782608794,0.08969167339507945
4,rf_weighted_baseline,680,0,0.09293694751094153,0.08969167339507945
4,rf_weighted_baseline,688,0,0.03882978723404255,0.08969167339507945
4,rf_weighted_baseline,703,0,0.0821387711984774,0.08969167339507945
4,rf_weighted_baseline,704,0,0.03883672676494263,0.08969167339507945
4,rf_weighted_baseline,719,0,0.02361904761904762,0.08969167339507945
4,rf_weighted_baseline,729,0,0.039391969407265776,0.08969167339507945
4,rf_weighted_baseline,736,0,0.05836639411356406,0.08969167339507945
4,rf_weighted_baseline,738,0,0.0844225548443323,0.08969167339507945
4,rf_weighted_baseline,742,0,0.05551063829787234,0.08969167339507945
4,rf_weighted_baseline,767,0,0.05887101648351648,0.08969167339507945
4,rf_weighted_baseline,768,0,0.06119327791686869,0.08969167339507945
4,rf_weighted_baseline,770,0,0.07387031000335519,0.08969167339507945
4,rf_weighted_baseline,772,0,0.06670858533045947,0.08969167339507945
4,rf_weighted_baseline,775,0,0.08887483637964819,0.08969167339507945
4,rf_weighted_baseline,794,0,0.08196720841438901,0.08969167339507945
4,rf_weighted_baseline,796,0,0.05084893547966688,0.08969167339507945
4,rf_weighted_baseline,802,0,0.07263565716136115,0.08969167339507945
4,rf_weighted_baseline,808,0,0.06694216153276171,0.08969167339507945
4,rf_weighted_baseline,813,0,0.05805953858654904,0.08969167339507945
4,rf_weighted_baseline,814,0,0.03498261953559129,0.08969167339507945
4,rf_weighted_baseline,821,0,0.01547659574468085,0.08969167339507945
4,rf_weighted_baseline,825,0,0.08655216321172673,0.08969167339507945
4,rf_weighted_baseline,832,0,0.05468697284415937,0.08969167339507945
4,rf_weighted_baseline,841,0,0.03535522206496438,0.08969167339507945
4,rf_weighted_baseline,845,0,0.09009748238370549,0.08969167339507945
4,rf_weighted_baseline,878,0,0.04596133726480134,0.08969167339507945
4,rf_weighted_baseline,884,0,0.042659876301360214,0.08969167339507945
4,rf_weighted_baseline,885,0,0.02310082832548319,0.08969167339507945
4,rf_weighted_baseline,894,0,0.027714893617021275,0.08969167339507945
4,rf_weighted_baseline,898,0,0.04313617021276595,0.08969167339507945
4,rf_weighted_baseline,911,0,0.04924024783615159,0.08969167339507945
4,rf_weighted_baseline,913,0,0.042304821006724704,0.08969167339507945
4,rf_weighted_baseline,924,1,0.09341572194250447,0.08969167339507945
4,rf_weighted_baseline,929,1,0.06915749198358784,0.08969167339507945
4,rf_weighted_baseline,934,0,0.039391969407265776,0.08969167339507945
4,rf_weighted_baseline,949,0,0.05811497823582832,0.08969167339507945
4,rf_weighted_baseline,955,0,0.03934984415981558,0.08969167339507945
4,rf_weighted_baseline,962,0,0.004,0.08969167339507945
4,rf_weighted_baseline,971,0,0.011638297872340426,0.08969167339507945
4,rf_weighted_baseline,979,0,0.047211912078631915,0.08969167339507945
4,rf_weighted_baseline,981,0,0.03849831526193677,0.08969167339507945
4,rf_weighted_baseline,982,0,0.02715744680851064,0.08969167339507945
4,rf_weighted_baseline,988,0,0.03519429471018409,0.08969167339507945
4,rf_weighted_baseline,1006,0,0.011212765957446809,0.08969167339507945
4,rf_weighted_baseline,1007,0,0.0787681765439628,0.08969167339507945
4,rf_weighted_baseline,1008,0,0.035527527527527525,0.08969167339507945
4,rf_weighted_baseline,1016,0,0.030665356114997135,0.08969167339507945
4,rf_weighted_baseline,1018,0,0.03918057261887049,0.08969167339507945
4,rf_weighted_baseline,1023,0,0.034859695325835785,0.08969167339507945
4,rf_weighted_baseline,1029,1,0.06166366726985239,0.08969167339507945
4,rf_weighted_baseline,1039,0,0.04663071384702566,0.08969167339507945
4,rf_weighted_baseline,1053,0,0.06683347746050772,0.08969167339507945
4,rf_weighted_baseline,1062,1,0.046013735552681484,0.08969167339507945
4,rf_weighted_baseline,1064,0,0.031102454632505782,0.08969167339507945
4,rf_weighted_baseline,1076,0,0.05534450511075873,0.08969167339507945
4,rf_weighted_baseline,1082,0,0.04727124035304652,0.08969167339507945
4,rf_weighted_baseline,1084,0,0.05096541119930614,0.08969167339507945
4,rf_weighted_baseline,1089,0,0.03868197713466022,0.08969167339507945
4,rf_weighted_baseline,1109,0,0.10693862917199946,0.08969167339507945
4,rf_weighted_baseline,1110,0,0.07373788738044057,0.08969167339507945
4,rf_weighted_baseline,1115,0,0.08237532204763605,0.08969167339507945
4,rf_weighted_baseline,1127,0,0.02,0.08969167339507945
4,rf_weighted_baseline,1130,0,0.05100851063829787,0.08969167339507945
4,rf_weighted_baseline,1133,0,0.08473008392621414,0.08969167339507945
4,rf_weighted_baseline,1135,0,0.07070528290623801,0.08969167339507945
4,rf_weighted_baseline,1136,0,0.04498632713709516,0.08969167339507945
4,rf_weighted_baseline,1149,0,0.0473232722083786,0.08969167339507945
4,rf_weighted_baseline,1155,0,0.0768820114025829,0.08969167339507945
4,rf_weighted_baseline,1158,0,0.07302472678571818,0.08969167339507945
4,rf_weighted_baseline,1164,0,0.022677803165286656,0.08969167339507945
4,rf_weighted_baseline,1170,0,0.06594088178776675,0.08969167339507945
4,rf_weighted_baseline,1180,0,0.0271643456770234,0.08969167339507945
4,rf_weighted_baseline,1198,0,0.03888072258340818,0.08969167339507945
4,rf_weighted_baseline,1200,0,0.06175017708816545,0.08969167339507945
4,rf_weighted_baseline,1201,0,0.04360628589475162,0.08969167339507945
4,rf_weighted_baseline,1211,1,0.04648510638297872,0.08969167339507945
4,rf_weighted_baseline,1214,0,0.12964813962003174,0.08969167339507945
4,rf_weighted_baseline,1227,1,0.07796246191220559,0.08969167339507945
4,rf_weighted_baseline,1232,0,0.04122321857430775,0.08969167339507945
4,rf_weighted_baseline,1234,0,0.07041420455449642,0.08969167339507945
4,rf_weighted_baseline,1240,0,0.11573046815157098,0.08969167339507945
4,rf_weighted_baseline,1241,1,0.042944115758380065,0.08969167339507945
4,rf_weighted_baseline,1243,0,0.05437787617212347,0.08969167339507945
4,rf_weighted_baseline,1244,0,0.10341225433197461,0.08969167339507945
4,rf_weighted_baseline,1258,0,0.10093561038122102,0.08969167339507945
4,rf_weighted_baseline,1261,0,0.07893849599421951,0.08969167339507945
4,rf_weighted_baseline,1263,0,0.06431996048076966,0.08969167339507945
4,rf_weighted_baseline,1266,0,0.05425155781336398,0.08969167339507945
4,rf_weighted_baseline,1291,0,0.062184837631368346,0.08969167339507945
4,rf_weighted_baseline,1302,1,0.047200000000000006,0.08969167339507945
4,rf_weighted_baseline,1311,0,0.0786449521929551,0.08969167339507945
4,rf_weighted_baseline,1312,0,0.06473011816094303,0.08969167339507945
4,rf_weighted_baseline,1321,0,0.0867063829787234,0.08969167339507945
4,rf_weighted_baseline,1332,0,0.043025399867953056,0.08969167339507945
4,rf_weighted_baseline,1337,0,0.05346786074148845,0.08969167339507945
4,rf_weighted_baseline,1341,0,0.05946382978723404,0.08969167339507945
4,rf_weighted_baseline,1343,1,0.06282844399499972,0.08969167339507945
4,rf_weighted_baseline,1359,0,0.05889530467246996,0.08969167339507945
4,rf_weighted_baseline,1371,0,0.05394575862438836,0.08969167339507945
4,rf_weighted_baseline,1379,0,0.10469505556105864,0.08969167339507945
4,rf_weighted_baseline,1383,0,0.059035157432725825,0.08969167339507945
4,rf_weighted_baseline,1386,0,0.03866802783938072,0.08969167339507945
4,rf_weighted_baseline,1387,0,0.034678085771483055,0.08969167339507945
4,rf_weighted_baseline,1403,0,0.04279857007494186,0.08969167339507945
4,rf_weighted_baseline,1408,0,0.05083800369636758,0.08969167339507945
4,rf_weighted_baseline,1417,0,0.02334859422492401,0.08969167339507945
4,rf_weighted_baseline,1422,0,0.03894105493627877,0.08969167339507945
4,rf_weighted_baseline,1427,0,0.07779023944584335,0.08969167339507945
4,rf_weighted_baseline,1434,0,0.02693582005948577,0.08969167339507945
4,rf_weighted_baseline,1436,0,0.045426841320519905,0.08969167339507945
4,rf_weighted_baseline,1447,0,0.04308245684464071,0.08969167339507945
4,rf_weighted_baseline,1452,0,0.038640196401002545,0.08969167339507945
4,rf_weighted_baseline,1454,0,0.031252913044402406,0.08969167339507945
4,rf_weighted_baseline,1459,0,0.061378257994384795,0.08969167339507945
4,rf_weighted_baseline,1460,0,0.05773564475479834,0.08969167339507945
4,rf_weighted_baseline,1463,0,0.02661750132215939,0.08969167339507945
4,rf_weighted_baseline,1467,0,0.035014966504569076,0.08969167339507945
4,rf_weighted_baseline,1470,0,0.0430910498574501,0.08969167339507945
4,rf_weighted_baseline,1480,0,0.03865531914893617,0.08969167339507945
4,rf_weighted_baseline,1487,0,0.023007117679534547,0.08969167339507945
4,rf_weighted_baseline,1488,0,0.02743083003952569,0.08969167339507945
4,rf_weighted_baseline,1497,0,0.02607116309798715,0.08969167339507945
4,rf_weighted_baseline,1509,0,0.059322741903622016,0.08969167339507945
4,rf_weighted_baseline,1510,0,0.04887255852245201,0.08969167339507945
4,rf_weighted_baseline,1512,0,0.04679000761038823,0.08969167339507945
4,rf_weighted_baseline,1515,0,0.036,0.08969167339507945
4,rf_weighted_baseline,1519,1,0.03821450743000417,0.08969167339507945
4,rf_weighted_baseline,1526,0,0.02725892016056057,0.08969167339507945
4,rf_weighted_baseline,1527,0,0.04666951526874158,0.08969167339507945
4,rf_weighted_baseline,1532,0,0.049596273071649655,0.08969167339507945
4,rf_weighted_baseline,1533,0,0.034548735526480794,0.08969167339507945
4,rf_weighted_baseline,1536,0,0.022791972920696325,0.08969167339507945
4,rf_weighted_baseline,1546,0,0.043174468085106374,0.08969167339507945
4,rf_weighted_baseline,1553,0,0.010781194029850748,0.08969167339507945
4,rf_weighted_baseline,1557,0,0.06661682463523028,0.08969167339507945
4,rf_missing,10,1,0.17234495646816161,0.09344631531272667
4,rf_missing,22,0,0.10736935888714257,0.09344631531272667
4,rf_missing,36,0,0.13556677969384792,0.09344631531272667
4,rf_missing,40,1,0.15786201345827505,0.09344631531272667
4,rf_missing,63,0,0.13302336095092723,0.09344631531272667
4,rf_missing,72,0,0.09114283508085137,0.09344631531272667
4,rf_missing,73,0,0.13738000782882429,0.09344631531272667
4,rf_missing,76,0,0.1065760088885401,0.09344631531272667
4,rf_missing,77,0,0.15195716918935348,0.09344631531272667
4,rf_missing,84,0,0.0897802042940112,0.09344631531272667
4,rf_missing,102,0,0.06672765957446808,0.09344631531272667
4,rf_missing,117,0,0.07759723927272932,0.09344631531272667
4,rf_missing,118,0,0.14815216691322067,0.09344631531272667
4,rf_missing,123,0,0.11183717895364251,0.09344631531272667
4,rf_missing,139,0,0.0828808510638298,0.09344631531272667
4,rf_missing,145,0,0.08196828670698733,0.09344631531272667
4,rf_missing,152,0,0.11662451325986686,0.09344631531272667
4,rf_missing,168,0,0.1570890909153975,0.09344631531272667
4,rf_missing,171,0,0.14655398596011138,0.09344631531272667
4,rf_missing,177,0,0.12540779961998413,0.09344631531272667
4,rf_missing,181,0,0.0904100090929664,0.09344631531272667
4,rf_missing,192,0,0.1964217256831988,0.09344631531272667
4,rf_missing,193,0,0.15565476681234344,0.09344631531272667
4,rf_missing,194,0,0.20732912092904107,0.09344631531272667
4,rf_missing,201,0,0.0567118725016166,0.09344631531272667
4,rf_missing,204,0,0.02686292941316905,0.09344631531272667
4,rf_missing,205,0,0.07749563167508619,0.09344631531272667
4,rf_missing,213,0,0.15470397687418963,0.09344631531272667
4,rf_missing,223,0,0.22738699017393793,0.09344631531272667
4,rf_missing,229,0,0.22251344608772872,0.09344631531272667
4,rf_missing,240,1,0.11124255319148936,0.09344631531272667
4,rf_missing,256,0,0.12496921157326567,0.09344631531272667
4,rf_missing,262,0,0.19024641465841322,0.09344631531272667
4,rf_missing,266,0,0.08864271979493178,0.09344631531272667
4,rf_missing,267,0,0.17235675877228082,0.09344631531272667
4,rf_missing,302,0,0.16439309350943612,0.09344631531272667
4,rf_missing,304,0,0.11677301132658843,0.09344631531272667
4,rf_missing,310,0,0.18806335353895282,0.09344631531272667
4,rf_missing,312,0,0.1180392455896595,0.09344631531272667
4,rf_missing,314,0,0.09952000000000001,0.09344631531272667
4,rf_missing,318,0,0.05011914893617021,0.09344631531272667
4,rf_missing,319,0,0.09917899571422262,0.09344631531272667
4,rf_missing,332,0,0.13955605141803687,0.09344631531272667
4,rf_missing,340,0,0.08887694014300504,0.09344631531272667
4,rf_missing,346,0,0.11410811897957024,0.09344631531272667
4,rf_missing,351,1,0.12160309695165072,0.09344631531272667
4,rf_missing,354,0,0.19992122033391976,0.09344631531272667
4,rf_missing,380,0,0.1650507937739174,0.09344631531272667
4,rf_missing,382,0,0.10494040913244733,0.09344631531272667
4,rf_missing,385,0,0.08844288426097871,0.09344631531272667
4,rf_missing,388,0,0.08247706518919207,0.09344631531272667
4,rf_missing,393,0,0.1481480127700441,0.09344631531272667
4,rf_missing,394,0,0.1019150640156767,0.09344631531272667
4,rf_missing,400,0,0.07762755542552854,0.09344631531272667
4,rf_missing,404,0,0.038339780328781534,0.09344631531272667
4,rf_missing,406,1,0.1765209162074695,0.09344631531272667
4,rf_missing,423,0,0.18370552213001942,0.09344631531272667
4,rf_missing,425,0,0.07387395998729755,0.09344631531272667
4,rf_missing,431,0,0.12762630311069526,0.09344631531272667
4,rf_missing,439,0,0.12396507105991603,0.09344631531272667
4,rf_missing,446,0,0.1388339121677937,0.09344631531272667
4,rf_missing,447,0,0.11010100813062391,0.09344631531272667
4,rf_missing,456,0,0.029679551360366305,0.09344631531272667
4,rf_missing,462,0,0.06946367564110656,0.09344631531272667
4,rf_missing,469,0,0.03528112821117183,0.09344631531272667
4,rf_missing,484,0,0.14232124622728354,0.09344631531272667
4,rf_missing,487,0,0.08047678303129081,0.09344631531272667
4,rf_missing,488,0,0.05382882416187004,0.09344631531272667
4,rf_missing,497,0,0.06642312581035985,0.09344631531272667
4,rf_missing,498,0,0.0462317085727111,0.09344631531272667
4,rf_missing,501,0,0.07413084922614234,0.09344631531272667
4,rf_missing,510,0,0.09436985372035792,0.09344631531272667
4,rf_missing,513,0,0.03415367504835589,0.09344631531272667
4,rf_missing,528,0,0.04075691326720468,0.09344631531272667
4,rf_missing,551,0,0.061117251875202894,0.09344631531272667
4,rf_missing,555,0,0.04,0.09344631531272667
4,rf_missing,561,0,0.07198501851198498,0.09344631531272667
4,rf_missing,575,0,0.06941610712780498,0.09344631531272667
4,rf_missing,580,0,0.12840377686995488,0.09344631531272667
4,rf_missing,588,0,0.05887234042553191,0.09344631531272667
4,rf_missing,593,0,0.07155076258814257,0.09344631531272667
4,rf_missing,594,0,0.04161681752379803,0.09344631531272667
4,rf_missing,596,0,0.08542790764708039,0.09344631531272667
4,rf_missing,597,0,0.08275744680851065,0.09344631531272667
4,rf_missing,605,1,0.08621561683782798,0.09344631531272667
4,rf_missing,606,0,0.03922773426662968,0.09344631531272667
4,rf_missing,607,0,0.09831591212931481,0.09344631531272667
4,rf_missing,619,0,0.08621105700288126,0.09344631531272667
4,rf_missing,620,0,0.04937062991922763,0.09344631531272667
4,rf_missing,622,0,0.04907282476914811,0.09344631531272667
4,rf_missing,631,0,0.03807553049176791,0.09344631531272667
4,rf_missing,644,0,0.03451626219032126,0.09344631531272667
4,rf_missing,649,0,0.0752632225437953,0.09344631531272667
4,rf_missing,655,0,0.06169475125494782,0.09344631531272667
4,rf_missing,660,0,0.07755122840991607,0.09344631531272667
4,rf_missing,664,0,0.06153991464167729,0.09344631531272667
4,rf_missing,671,0,0.05477463848376178,0.09344631531272667
4,rf_missing,675,0,0.03048387426355277,0.09344631531272667
4,rf_missing,676,0,0.05497021276595745,0.09344631531272667
4,rf_missing,679,0,0.07716048173706146,0.09344631531272667
4,rf_missing,680,0,0.05929162900449206,0.09344631531272667
4,rf_missing,688,0,0.047270006863417986,0.09344631531272667
4,rf_missing,703,0,0.0947162469664467,0.09344631531272667
4,rf_missing,704,0,0.05646731027173022,0.09344631531272667
4,rf_missing,719,0,0.022966290265065973,0.09344631531272667
4,rf_missing,729,0,0.05474978534698307,0.09344631531272667
4,rf_missing,736,0,0.038821756641308325,0.09344631531272667
4,rf_missing,738,0,0.061200212446680884,0.09344631531272667
4,rf_missing,742,0,0.06179274281498771,0.09344631531272667
4,rf_missing,767,0,0.08040598390992784,0.09344631531272667
4,rf_missing,768,0,0.047328774454002416,0.09344631531272667
4,rf_missing,770,0,0.06618442294599944,0.09344631531272667
4,rf_missing,772,0,0.03390075314431478,0.09344631531272667
4,rf_missing,775,0,0.07015812182168547,0.09344631531272667
4,rf_missing,794,0,0.0643548944417115,0.09344631531272667
4,rf_missing,796,0,0.08143599108471618,0.09344631531272667
4,rf_missing,802,0,0.06569708842980633,0.09344631531272667
4,rf_missing,808,0,0.0516036400404449,0.09344631531272667
4,rf_missing,813,0,0.02373191489361702,0.09344631531272667
4,rf_missing,814,0,0.03802114454880413,0.09344631531272667
4,rf_missing,821,0,0.015415670804342998,0.09344631531272667
4,rf_missing,825,0,0.05385244420847836,0.09344631531272667
4,rf_missing,832,0,0.06556020610639081,0.09344631531272667
4,rf_missing,841,0,0.06169513271961792,0.09344631531272667
4,rf_missing,845,0,0.09981724565280013,0.09344631531272667
4,rf_missing,878,0,0.07321695696117102,0.09344631531272667
4,rf_missing,884,0,0.050393225362548956,0.09344631531272667
4,rf_missing,885,0,0.04244960682222366,0.09344631531272667
4,rf_missing,894,0,0.03433464520706208,0.09344631531272667
4,rf_missing,898,0,0.0355421609152332,0.09344631531272667
4,rf_missing,911,0,0.04525174453708616,0.09344631531272667
4,rf_missing,913,0,0.033621538074921756,0.09344631531272667
4,rf_missing,924,1,0.09112352000696605,0.09344631531272667
4,rf_missing,929,1,0.07536598261234344,0.09344631531272667
4,rf_missing,934,0,0.03445617021276595,0.09344631531272667
4,rf_missing,949,0,0.027143381516972553,0.09344631531272667
4,rf_missing,955,0,0.026881529202339577,0.09344631531272667
4,rf_missing,962,0,0.023095927265825877,0.09344631531272667
4,rf_missing,971,0,0.018145237086383246,0.09344631531272667
4,rf_missing,979,0,0.0670468085106383,0.09344631531272667
4,rf_missing,981,0,0.041601795070783536,0.09344631531272667
4,rf_missing,982,0,0.01899004272238907,0.09344631531272667
4,rf_missing,988,0,0.03901412073990457,0.09344631531272667
4,rf_missing,1006,0,0.029628181375752276,0.09344631531272667
4,rf_missing,1007,0,0.09282273247887493,0.09344631531272667
4,rf_missing,1008,0,0.053462761785565284,0.09344631531272667
4,rf_missing,1016,0,0.03000224578356164,0.09344631531272667
4,rf_missing,1018,0,0.03084194973423572,0.09344631531272667
4,rf_missing,1023,0,0.027239652654798184,0.09344631531272667
4,rf_missing,1029,1,0.04672956978239033,0.09344631531272667
4,rf_missing,1039,0,0.04752088431948852,0.09344631531272667
4,rf_missing,1053,0,0.0503477149673287,0.09344631531272667
4,rf_missing,1062,1,0.05340341244121773,0.09344631531272667
4,rf_missing,1064,0,0.04338828004279092,0.09344631531272667
4,rf_missing,1076,0,0.0550070310771079,0.09344631531272667
4,rf_missing,1082,0,0.05062301259659151,0.09344631531272667
4,rf_missing,1084,0,0.046212464342440016,0.09344631531272667
4,rf_missing,1089,0,0.04637787277231783,0.09344631531272667
4,rf_missing,1109,0,0.053824816916482,0.09344631531272667
4,rf_missing,1110,0,0.09827156188343197,0.09344631531272667
4,rf_missing,1115,0,0.08587121456389347,0.09344631531272667
4,rf_missing,1127,0,0.053864087492126275,0.09344631531272667
4,rf_missing,1130,0,0.05073178284667647,0.09344631531272667
4,rf_missing,1133,0,0.10057073349311425,0.09344631531272667
4,rf_missing,1135,0,0.027580753979858003,0.09344631531272667
4,rf_missing,1136,0,0.035710638297872334,0.09344631531272667
4,rf_missing,1149,0,0.08304494424589484,0.09344631531272667
4,rf_missing,1155,0,0.0690022520427359,0.09344631531272667
4,rf_missing,1158,0,0.07022702404925575,0.09344631531272667
4,rf_missing,1164,0,0.04915577239715265,0.09344631531272667
4,rf_missing,1170,0,0.05088110750348664,0.09344631531272667
4,rf_missing,1180,0,0.08622269231681723,0.09344631531272667
4,rf_missing,1198,0,0.056497638900998855,0.09344631531272667
4,rf_missing,1200,0,0.04599650039327406,0.09344631531272667
4,rf_missing,1201,0,0.05173191489361702,0.09344631531272667
4,rf_missing,1211,1,0.057315277421440665,0.09344631531272667
4,rf_missing,1214,0,0.11901032086301913,0.09344631531272667
4,rf_missing,1227,1,0.08440303074424117,0.09344631531272667
4,rf_missing,1232,0,0.0736339921897463,0.09344631531272667
4,rf_missing,1234,0,0.10586275738559985,0.09344631531272667
4,rf_missing,1240,0,0.10287053155877343,0.09344631531272667
4,rf_missing,1241,1,0.05000239498107094,0.09344631531272667
4,rf_missing,1243,0,0.05852315671597807,0.09344631531272667
4,rf_missing,1244,0,0.11330012831773052,0.09344631531272667
4,rf_missing,1258,0,0.03949674832551136,0.09344631531272667
4,rf_missing,1261,0,0.10413896275957699,0.09344631531272667
4,rf_missing,1263,0,0.06352314333831448,0.09344631531272667
4,rf_missing,1266,0,0.04342127659574468,0.09344631531272667
4,rf_missing,1291,0,0.05043198958577861,0.09344631531272667
4,rf_missing,1302,1,0.055744680851063835,0.09344631531272667
4,rf_missing,1311,0,0.06672782997312347,0.09344631531272667
4,rf_missing,1312,0,0.09240764727176257,0.09344631531272667
4,rf_missing,1321,0,0.09714693302906077,0.09344631531272667
4,rf_missing,1332,0,0.05796668129281935,0.09344631531272667
4,rf_missing,1337,0,0.03799157386797739,0.09344631531272667
4,rf_missing,1341,0,0.06302301197906299,0.09344631531272667
4,rf_missing,1343,1,0.038481640565339474,0.09344631531272667
4,rf_missing,1359,0,0.10123579429717036,0.09344631531272667
4,rf_missing,1371,0,0.03946382978723405,0.09344631531272667
4,rf_missing,1379,0,0.1014403995558952,0.09344631531272667
4,rf_missing,1383,0,0.04315665222732297,0.09344631531272667
4,rf_missing,1386,0,0.05061940570320341,0.09344631531272667
4,rf_missing,1387,0,0.09410170982588462,0.09344631531272667
4,rf_missing,1403,0,0.029845761107671273,0.09344631531272667
4,rf_missing,1408,0,0.05329138680689445,0.09344631531272667
4,rf_missing,1417,0,0.05033416001300489,0.09344631531272667
4,rf_missing,1422,0,0.050349419729206965,0.09344631531272667
4,rf_missing,1427,0,0.08538977313428078,0.09344631531272667
4,rf_missing,1434,0,0.0623106354668354,0.09344631531272667
4,rf_missing,1436,0,0.04640696276623947,0.09344631531272667
4,rf_missing,1447,0,0.06268517821075956,0.09344631531272667
4,rf_missing,1452,0,0.07979661717659581,0.09344631531272667
4,rf_missing,1454,0,0.05817360387195766,0.09344631531272667
4,rf_missing,1459,0,0.054598607041236674,0.09344631531272667
4,rf_missing,1460,0,0.051736170212765956,0.09344631531272667
4,rf_missing,1463,0,0.01973617021276596,0.09344631531272667
4,rf_missing,1467,0,0.08086140829936436,0.09344631531272667
4,rf_missing,1470,0,0.04940993708968204,0.09344631531272667
4,rf_missing,1480,0,0.03034244031706487,0.09344631531272667
4,rf_missing,1487,0,0.03809111537139848,0.09344631531272667
4,rf_missing,1488,0,0.03772147810006505,0.09344631531272667
4,rf_missing,1497,0,0.045814416982831854,0.09344631531272667
4,rf_missing,1509,0,0.023551010490132165,0.09344631531272667
4,rf_missing,1510,0,0.052143022574159814,0.09344631531272667
4,rf_missing,1512,0,0.030512073726452364,0.09344631531272667
4,rf_missing,1515,0,0.02665717900596757,0.09344631531272667
4,rf_missing,1519,1,0.06262978723404256,0.09344631531272667
4,rf_missing,1526,0,0.04386419442891575,0.09344631531272667
4,rf_missing,1527,0,0.038049838179835496,0.09344631531272667
4,rf_missing,1532,0,0.06101294054444961,0.09344631531272667
4,rf_missing,1533,0,0.048559735057010965,0.09344631531272667
4,rf_missing,1536,0,0.0312936170212766,0.09344631531272667
4,rf_missing,1546,0,0.027341215033424578,0.09344631531272667
4,rf_missing,1553,0,0.04993068277419106,0.09344631531272667
4,rf_missing,1557,0,0.08916594569259317,0.09344631531272667
4,rf_missing_pruned,10,1,0.13299185656798015,0.09403183064138508
4,rf_missing_pruned,22,0,0.09665554913748817,0.09403183064138508
4,rf_missing_pruned,36,0,0.09512044784335882,0.09403183064138508
4,rf_missing_pruned,40,1,0.14848484394254713,0.09403183064138508
4,rf_missing_pruned,63,0,0.1389228024821592,0.09403183064138508
4,rf_missing_pruned,72,0,0.1430064219334198,0.09403183064138508
4,rf_missing_pruned,73,0,0.14348552395295638,0.09403183064138508
4,rf_missing_pruned,76,0,0.082278650918859,0.09403183064138508
4,rf_missing_pruned,77,0,0.21910842279663167,0.09403183064138508
4,rf_missing_pruned,84,0,0.157132427873026,0.09403183064138508
4,rf_missing_pruned,102,0,0.08949907179245355,0.09403183064138508
4,rf_missing_pruned,117,0,0.06604739541486936,0.09403183064138508
4,rf_missing_pruned,118,0,0.12904861316386898,0.09403183064138508
4,rf_missing_pruned,123,0,0.10018469445057442,0.09403183064138508
4,rf_missing_pruned,139,0,0.13617525965517172,0.09403183064138508
4,rf_missing_pruned,145,0,0.13099603704712465,0.09403183064138508
4,rf_missing_pruned,152,0,0.1053975915330804,0.09403183064138508
4,rf_missing_pruned,168,0,0.18347082193690054,0.09403183064138508
4,rf_missing_pruned,171,0,0.11507703329060123,0.09403183064138508
4,rf_missing_pruned,177,0,0.13329125823296661,0.09403183064138508
4,rf_missing_pruned,181,0,0.08437474607022123,0.09403183064138508
4,rf_missing_pruned,192,0,0.19776298901906744,0.09403183064138508
4,rf_missing_pruned,193,0,0.13139578913365166,0.09403183064138508
4,rf_missing_pruned,194,0,0.20612271383400327,0.09403183064138508
4,rf_missing_pruned,201,0,0.0972403449757659,0.09403183064138508
4,rf_missing_pruned,204,0,0.05806382978723404,0.09403183064138508
4,rf_missing_pruned,205,0,0.050574350232548346,0.09403183064138508
4,rf_missing_pruned,213,0,0.122796046481405,0.09403183064138508
4,rf_missing_pruned,223,0,0.16019256619192962,0.09403183064138508
4,rf_missing_pruned,229,0,0.18637258653937092,0.09403183064138508
4,rf_missing_pruned,240,1,0.13600820325108773,0.09403183064138508
4,rf_missing_pruned,256,0,0.15238974498739888,0.09403183064138508
4,rf_missing_pruned,262,0,0.23196960620911503,0.09403183064138508
4,rf_missing_pruned,266,0,0.15707154868423062,0.09403183064138508
4,rf_missing_pruned,267,0,0.2008264038375189,0.09403183064138508
4,rf_missing_pruned,302,0,0.1267787589003573,0.09403183064138508
4,rf_missing_pruned,304,0,0.1328208528549487,0.09403183064138508
4,rf_missing_pruned,310,0,0.10652546358474116,0.09403183064138508
4,rf_missing_pruned,312,0,0.10229717876657242,0.09403183064138508
4,rf_missing_pruned,314,0,0.11409705082633091,0.09403183064138508
4,rf_missing_pruned,318,0,0.07333384637974183,0.09403183064138508
4,rf_missing_pruned,319,0,0.062407246682115024,0.09403183064138508
4,rf_missing_pruned,332,0,0.10781738141065858,0.09403183064138508
4,rf_missing_pruned,340,0,0.05445531914893617,0.09403183064138508
4,rf_missing_pruned,346,0,0.07376277165082222,0.09403183064138508
4,rf_missing_pruned,351,1,0.1464866087747618,0.09403183064138508
4,rf_missing_pruned,354,0,0.1679789919973033,0.09403183064138508
4,rf_missing_pruned,380,0,0.14627326293986595,0.09403183064138508
4,rf_missing_pruned,382,0,0.04202258380608801,0.09403183064138508
4,rf_missing_pruned,385,0,0.11214755616405851,0.09403183064138508
4,rf_missing_pruned,388,0,0.07373359061889846,0.09403183064138508
4,rf_missing_pruned,393,0,0.15732089181126563,0.09403183064138508
4,rf_missing_pruned,394,0,0.0718955223880597,0.09403183064138508
4,rf_missing_pruned,400,0,0.07643595269771124,0.09403183064138508
4,rf_missing_pruned,404,0,0.046355386558536014,0.09403183064138508
4,rf_missing_pruned,406,1,0.21069083423682514,0.09403183064138508
4,rf_missing_pruned,423,0,0.1889314768515759,0.09403183064138508
4,rf_missing_pruned,425,0,0.07771270857916245,0.09403183064138508
4,rf_missing_pruned,431,0,0.12898208295512223,0.09403183064138508
4,rf_missing_pruned,439,0,0.08122130985564699,0.09403183064138508
4,rf_missing_pruned,446,0,0.15092728537865613,0.09403183064138508
4,rf_missing_pruned,447,0,0.11813677281894576,0.09403183064138508
4,rf_missing_pruned,456,0,0.054432854513990325,0.09403183064138508
4,rf_missing_pruned,462,0,0.05869701846161064,0.09403183064138508
4,rf_missing_pruned,469,0,0.02688798258565118,0.09403183064138508
4,rf_missing_pruned,484,0,0.069633449068784,0.09403183064138508
4,rf_missing_pruned,487,0,0.050553664302600484,0.09403183064138508
4,rf_missing_pruned,488,0,0.04556122529714321,0.09403183064138508
4,rf_missing_pruned,497,0,0.059662008672623966,0.09403183064138508
4,rf_missing_pruned,498,0,0.06203446152066364,0.09403183064138508
4,rf_missing_pruned,501,0,0.07701364575292374,0.09403183064138508
4,rf_missing_pruned,510,0,0.07308550556535551,0.09403183064138508
4,rf_missing_pruned,513,0,0.05456804744093783,0.09403183064138508
4,rf_missing_pruned,528,0,0.04187958644443509,0.09403183064138508
4,rf_missing_pruned,551,0,0.03886913615995733,0.09403183064138508
4,rf_missing_pruned,555,0,0.03906243077819878,0.09403183064138508
4,rf_missing_pruned,561,0,0.07192704448111042,0.09403183064138508
4,rf_missing_pruned,575,0,0.03977021276595744,0.09403183064138508
4,rf_missing_pruned,580,0,0.13288031686975801,0.09403183064138508
4,rf_missing_pruned,588,0,0.0539176638939182,0.09403183064138508
4,rf_missing_pruned,593,0,0.06526490383375569,0.09403183064138508
4,rf_missing_pruned,594,0,0.042557087942945215,0.09403183064138508
4,rf_missing_pruned,596,0,0.04657872340425532,0.09403183064138508
4,rf_missing_pruned,597,0,0.08486397781787225,0.09403183064138508
4,rf_missing_pruned,605,1,0.0944213601400778,0.09403183064138508
4,rf_missing_pruned,606,0,0.057628808919389415,0.09403183064138508
4,rf_missing_pruned,607,0,0.051263829787234046,0.09403183064138508
4,rf_missing_pruned,619,0,0.07805146262779797,0.09403183064138508
4,rf_missing_pruned,620,0,0.04137324902672827,0.09403183064138508
4,rf_missing_pruned,622,0,0.024,0.09403183064138508
4,rf_missing_pruned,631,0,0.06582132688597414,0.09403183064138508
4,rf_missing_pruned,644,0,0.10989796850583002,0.09403183064138508
4,rf_missing_pruned,649,0,0.08336595744680851,0.09403183064138508
4,rf_missing_pruned,655,0,0.04666911151112402,0.09403183064138508
4,rf_missing_pruned,660,0,0.08620415801610101,0.09403183064138508
4,rf_missing_pruned,664,0,0.07482463385410001,0.09403183064138508
4,rf_missing_pruned,671,0,0.05008698718702245,0.09403183064138508
4,rf_missing_pruned,675,0,0.034751090990308736,0.09403183064138508
4,rf_missing_pruned,676,0,0.06209185247379986,0.09403183064138508
4,rf_missing_pruned,679,0,0.06433116534097703,0.09403183064138508
4,rf_missing_pruned,680,0,0.06216336412632772,0.09403183064138508
4,rf_missing_pruned,688,0,0.05067747541029179,0.09403183064138508
4,rf_missing_pruned,703,0,0.08551301832646116,0.09403183064138508
4,rf_missing_pruned,704,0,0.0841887120546191,0.09403183064138508
4,rf_missing_pruned,719,0,0.02702759124431564,0.09403183064138508
4,rf_missing_pruned,729,0,0.030867113000810756,0.09403183064138508
4,rf_missing_pruned,736,0,0.046125146028751104,0.09403183064138508
4,rf_missing_pruned,738,0,0.0661111533750437,0.09403183064138508
4,rf_missing_pruned,742,0,0.03143404255319149,0.09403183064138508
4,rf_missing_pruned,767,0,0.07024891598368929,0.09403183064138508
4,rf_missing_pruned,768,0,0.06601014513849232,0.09403183064138508
4,rf_missing_pruned,770,0,0.05560965490784565,0.09403183064138508
4,rf_missing_pruned,772,0,0.06864293942745507,0.09403183064138508
4,rf_missing_pruned,775,0,0.05476019748442459,0.09403183064138508
4,rf_missing_pruned,794,0,0.06939871646928182,0.09403183064138508
4,rf_missing_pruned,796,0,0.06620104320436733,0.09403183064138508
4,rf_missing_pruned,802,0,0.04546589930394824,0.09403183064138508
4,rf_missing_pruned,808,0,0.0769094597189556,0.09403183064138508
4,rf_missing_pruned,813,0,0.057899661679572965,0.09403183064138508
4,rf_missing_pruned,814,0,0.04677856833569408,0.09403183064138508
4,rf_missing_pruned,821,0,0.01872770738704279,0.09403183064138508
4,rf_missing_pruned,825,0,0.09561174369056623,0.09403183064138508
4,rf_missing_pruned,832,0,0.06304112326643121,0.09403183064138508
4,rf_missing_pruned,841,0,0.04625381132212039,0.09403183064138508
4,rf_missing_pruned,845,0,0.05566298282424225,0.09403183064138508
4,rf_missing_pruned,878,0,0.018743047822671655,0.09403183064138508
4,rf_missing_pruned,884,0,0.08192470144222279,0.09403183064138508
4,rf_missing_pruned,885,0,0.011774468085106383,0.09403183064138508
4,rf_missing_pruned,894,0,0.031069253592611902,0.09403183064138508
4,rf_missing_pruned,898,0,0.03809999605257964,0.09403183064138508
4,rf_missing_pruned,911,0,0.04300901020193205,0.09403183064138508
4,rf_missing_pruned,913,0,0.04888328173846782,0.09403183064138508
4,rf_missing_pruned,924,1,0.11911654874961769,0.09403183064138508
4,rf_missing_pruned,929,1,0.05891063829787234,0.09403183064138508
4,rf_missing_pruned,934,0,0.023714893617021275,0.09403183064138508
4,rf_missing_pruned,949,0,0.07097446808510638,0.09403183064138508
4,rf_missing_pruned,955,0,0.04581435107818086,0.09403183064138508
4,rf_missing_pruned,962,0,0.02,0.09403183064138508
4,rf_missing_pruned,971,0,0.03085057843216568,0.09403183064138508
4,rf_missing_pruned,979,0,0.04255448960477974,0.09403183064138508
4,rf_missing_pruned,981,0,0.04458552840692502,0.09403183064138508
4,rf_missing_pruned,982,0,0.04226631123014101,0.09403183064138508
4,rf_missing_pruned,988,0,0.04684567832527078,0.09403183064138508
4,rf_missing_pruned,1006,0,0.02264467690364347,0.09403183064138508
4,rf_missing_pruned,1007,0,0.06144287842360271,0.09403183064138508
4,rf_missing_pruned,1008,0,0.05022290548645747,0.09403183064138508
4,rf_missing_pruned,1016,0,0.015340425531914892,0.09403183064138508
4,rf_missing_pruned,1018,0,0.0308731914893617,0.09403183064138508
4,rf_missing_pruned,1023,0,0.06208085106382978,0.09403183064138508
4,rf_missing_pruned,1029,1,0.0548750351838198,0.09403183064138508
4,rf_missing_pruned,1039,0,0.0837739142839799,0.09403183064138508
4,rf_missing_pruned,1053,0,0.05026261052078014,0.09403183064138508
4,rf_missing_pruned,1062,1,0.0623175788349244,0.09403183064138508
4,rf_missing_pruned,1064,0,0.029866416851910656,0.09403183064138508
4,rf_missing_pruned,1076,0,0.058427911249831564,0.09403183064138508
4,rf_missing_pruned,1082,0,0.023740425531914893,0.09403183064138508
4,rf_missing_pruned,1084,0,0.0584263829787234,0.09403183064138508
4,rf_missing_pruned,1089,0,0.03034090557747854,0.09403183064138508
4,rf_missing_pruned,1109,0,0.07097532567406958,0.09403183064138508
4,rf_missing_pruned,1110,0,0.09523229964928688,0.09403183064138508
4,rf_missing_pruned,1115,0,0.07612695274792654,0.09403183064138508
4,rf_missing_pruned,1127,0,0.03124440240610453,0.09403183064138508
4,rf_missing_pruned,1130,0,0.05109960371703532,0.09403183064138508
4,rf_missing_pruned,1133,0,0.10980499831138128,0.09403183064138508
4,rf_missing_pruned,1135,0,0.06682690243535369,0.09403183064138508
4,rf_missing_pruned,1136,0,0.11088543440820557,0.09403183064138508
4,rf_missing_pruned,1149,0,0.07811841673648605,0.09403183064138508
4,rf_missing_pruned,1155,0,0.05491489361702128,0.09403183064138508
4,rf_missing_pruned,1158,0,0.07271515936006531,0.09403183064138508
4,rf_missing_pruned,1164,0,0.04685806982485013,0.09403183064138508
4,rf_missing_pruned,1170,0,0.07026354560071794,0.09403183064138508
4,rf_missing_pruned,1180,0,0.0511674837745716,0.09403183064138508
4,rf_missing_pruned,1198,0,0.04437350697320227,0.09403183064138508
4,rf_missing_pruned,1200,0,0.057549754172768273,0.09403183064138508
4,rf_missing_pruned,1201,0,0.05888536402764395,0.09403183064138508
4,rf_missing_pruned,1211,1,0.04698710199561263,0.09403183064138508
4,rf_missing_pruned,1214,0,0.12858546664080472,0.09403183064138508
4,rf_missing_pruned,1227,1,0.1003972773584415,0.09403183064138508
4,rf_missing_pruned,1232,0,0.10203801183276037,0.09403183064138508
4,rf_missing_pruned,1234,0,0.09990180130979925,0.09403183064138508
4,rf_missing_pruned,1240,0,0.06929301617210984,0.09403183064138508
4,rf_missing_pruned,1241,1,0.07734332509416605,0.09403183064138508
4,rf_missing_pruned,1243,0,0.07133514193513099,0.09403183064138508
4,rf_missing_pruned,1244,0,0.10589015120363736,0.09403183064138508
4,rf_missing_pruned,1258,0,0.035417021276595746,0.09403183064138508
4,rf_missing_pruned,1261,0,0.07584580345615848,0.09403183064138508
4,rf_missing_pruned,1263,0,0.08081397925848673,0.09403183064138508
4,rf_missing_pruned,1266,0,0.09700978116551474,0.09403183064138508
4,rf_missing_pruned,1291,0,0.015472340425531913,0.09403183064138508
4,rf_missing_pruned,1302,1,0.07504200956040866,0.09403183064138508
4,rf_missing_pruned,1311,0,0.05488602919647053,0.09403183064138508
4,rf_missing_pruned,1312,0,0.04269531255029303,0.09403183064138508
4,rf_missing_pruned,1321,0,0.0669276595744681,0.09403183064138508
4,rf_missing_pruned,1332,0,0.08541362280714633,0.09403183064138508
4,rf_missing_pruned,1337,0,0.05061491071481949,0.09403183064138508
4,rf_missing_pruned,1341,0,0.027472340425531913,0.09403183064138508
4,rf_missing_pruned,1343,1,0.0645862890122996,0.09403183064138508
4,rf_missing_pruned,1359,0,0.07107728081329089,0.09403183064138508
4,rf_missing_pruned,1371,0,0.061909517967079976,0.09403183064138508
4,rf_missing_pruned,1379,0,0.11327523244563022,0.09403183064138508
4,rf_missing_pruned,1383,0,0.05064174467020741,0.09403183064138508
4,rf_missing_pruned,1386,0,0.04189028165732813,0.09403183064138508
4,rf_missing_pruned,1387,0,0.06546079790283738,0.09403183064138508
4,rf_missing_pruned,1403,0,0.05449194876680428,0.09403183064138508
4,rf_missing_pruned,1408,0,0.04247266739846323,0.09403183064138508
4,rf_missing_pruned,1417,0,0.061916251334171904,0.09403183064138508
4,rf_missing_pruned,1422,0,0.06098873043423737,0.09403183064138508
4,rf_missing_pruned,1427,0,0.09919387024292277,0.09403183064138508
4,rf_missing_pruned,1434,0,0.046759762580765765,0.09403183064138508
4,rf_missing_pruned,1436,0,0.07323814375062862,0.09403183064138508
4,rf_missing_pruned,1447,0,0.04655945543817885,0.09403183064138508
4,rf_missing_pruned,1452,0,0.043161702127659574,0.09403183064138508
4,rf_missing_pruned,1454,0,0.026811633029559412,0.09403183064138508
4,rf_missing_pruned,1459,0,0.06913240633419283,0.09403183064138508
4,rf_missing_pruned,1460,0,0.07405921528027214,0.09403183064138508
4,rf_missing_pruned,1463,0,0.026134722752072702,0.09403183064138508
4,rf_missing_pruned,1467,0,0.05306151839790613,0.09403183064138508
4,rf_missing_pruned,1470,0,0.04893121433198996,0.09403183064138508
4,rf_missing_pruned,1480,0,0.034768159798544564,0.09403183064138508
4,rf_missing_pruned,1487,0,0.04671901688922965,0.09403183064138508
4,rf_missing_pruned,1488,0,0.04902026267223712,0.09403183064138508
4,rf_missing_pruned,1497,0,0.034183381298706364,0.09403183064138508
4,rf_missing_pruned,1509,0,0.05124255319148936,0.09403183064138508
4,rf_missing_pruned,1510,0,0.05819962398818679,0.09403183064138508
4,rf_missing_pruned,1512,0,0.05424595463182342,0.09403183064138508
4,rf_missing_pruned,1515,0,0.0467531914893617,0.09403183064138508
4,rf_missing_pruned,1519,1,0.06865100693434621,0.09403183064138508
4,rf_missing_pruned,1526,0,0.02747659574468085,0.09403183064138508
4,rf_missing_pruned,1527,0,0.03301360179171029,0.09403183064138508
4,rf_missing_pruned,1532,0,0.04093323129842555,0.09403183064138508
4,rf_missing_pruned,1533,0,0.05414468085106383,0.09403183064138508
4,rf_missing_pruned,1536,0,0.03810287483501497,0.09403183064138508
4,rf_missing_pruned,1546,0,0.023517698987949885,0.09403183064138508
4,rf_missing_pruned,1553,0,0.02250057261887049,0.09403183064138508
4,rf_missing_pruned,1557,0,0.05351108924644579,0.09403183064138508
4,balanced_rf,10,1,0.5373333333333333,0.4213333333333334
4,balanced_rf,22,0,0.4556666666666666,0.4213333333333334
4,balanced_rf,36,0,0.5206666666666667,0.4213333333333334
4,balanced_rf,40,1,0.5673333333333334,0.4213333333333334
4,balanced_rf,63,0,0.5593333333333333,0.4213333333333334
4,balanced_rf,72,0,0.478,0.4213333333333334
4,balanced_rf,73,0,0.48266666666666663,0.4213333333333334
4,balanced_rf,76,0,0.5266666666666666,0.4213333333333334
4,balanced_rf,77,0,0.5773333333333334,0.4213333333333334
4,balanced_rf,84,0,0.5206666666666667,0.4213333333333334
4,balanced_rf,102,0,0.412,0.4213333333333334
4,balanced_rf,117,0,0.37333333333333324,0.4213333333333334
4,balanced_rf,118,0,0.45199999999999996,0.4213333333333334
4,balanced_rf,123,0,0.5133333333333333,0.4213333333333334
4,balanced_rf,139,0,0.37866666666666665,0.4213333333333334
4,balanced_rf,145,0,0.39866666666666667,0.4213333333333334
4,balanced_rf,152,0,0.4946666666666667,0.4213333333333334
4,balanced_rf,168,0,0.6016666666666668,0.4213333333333334
4,balanced_rf,171,0,0.5073333333333333,0.4213333333333334
4,balanced_rf,177,0,0.4933333333333333,0.4213333333333334
4,balanced_rf,181,0,0.38133333333333336,0.4213333333333334
4,balanced_rf,192,0,0.5706666666666667,0.4213333333333334
4,balanced_rf,193,0,0.5660000000000001,0.4213333333333334
4,balanced_rf,194,0,0.544,0.4213333333333334
4,balanced_rf,201,0,0.43733333333333335,0.4213333333333334
4,balanced_rf,204,0,0.3360000000000001,0.4213333333333334
4,balanced_rf,205,0,0.4060000000000001,0.4213333333333334
4,balanced_rf,213,0,0.5286666666666666,0.4213333333333334
4,balanced_rf,223,0,0.6393333333333334,0.4213333333333334
4,balanced_rf,229,0,0.57,0.4213333333333334
4,balanced_rf,240,1,0.422,0.4213333333333334
4,balanced_rf,256,0,0.4823333333333334,0.4213333333333334
4,balanced_rf,262,0,0.5093333333333333,0.4213333333333334
4,balanced_rf,266,0,0.3940000000000001,0.4213333333333334
4,balanced_rf,267,0,0.5166666666666666,0.4213333333333334
4,balanced_rf,302,0,0.478,0.4213333333333334
4,balanced_rf,304,0,0.5010000000000001,0.4213333333333334
4,balanced_rf,310,0,0.506,0.4213333333333334
4,balanced_rf,312,0,0.4953333333333333,0.4213333333333334
4,balanced_rf,314,0,0.522,0.4213333333333334
4,balanced_rf,318,0,0.342,0.4213333333333334
4,balanced_rf,319,0,0.41000000000000003,0.4213333333333334
4,balanced_rf,332,0,0.5059999999999999,0.4213333333333334
4,balanced_rf,340,0,0.41533333333333333,0.4213333333333334
4,balanced_rf,346,0,0.3426666666666667,0.4213333333333334
4,balanced_rf,351,1,0.4766666666666667,0.4213333333333334
4,balanced_rf,354,0,0.494,0.4213333333333334
4,balanced_rf,380,0,0.606,0.4213333333333334
4,balanced_rf,382,0,0.33866666666666667,0.4213333333333334
4,balanced_rf,385,0,0.49,0.4213333333333334
4,balanced_rf,388,0,0.3833333333333333,0.4213333333333334
4,balanced_rf,393,0,0.5093333333333334,0.4213333333333334
4,balanced_rf,394,0,0.4306666666666667,0.4213333333333334
4,balanced_rf,400,0,0.45199999999999996,0.4213333333333334
4,balanced_rf,404,0,0.30133333333333334,0.4213333333333334
4,balanced_rf,406,1,0.5719999999999998,0.4213333333333334
4,balanced_rf,423,0,0.5386666666666666,0.4213333333333334
4,balanced_rf,425,0,0.3993333333333334,0.4213333333333334
4,balanced_rf,431,0,0.43,0.4213333333333334
4,balanced_rf,439,0,0.43666666666666665,0.4213333333333334
4,balanced_rf,446,0,0.5659999999999998,0.4213333333333334
4,balanced_rf,447,0,0.49866666666666665,0.4213333333333334
4,balanced_rf,456,0,0.292,0.4213333333333334
4,balanced_rf,462,0,0.2933333333333334,0.4213333333333334
4,balanced_rf,469,0,0.36599999999999994,0.4213333333333334
4,balanced_rf,484,0,0.436,0.4213333333333334
4,balanced_rf,487,0,0.3586666666666667,0.4213333333333334
4,balanced_rf,488,0,0.31766666666666665,0.4213333333333334
4,balanced_rf,497,0,0.362,0.4213333333333334
4,balanced_rf,498,0,0.36266666666666664,0.4213333333333334
4,balanced_rf,501,0,0.3886666666666666,0.4213333333333334
4,balanced_rf,510,0,0.3286666666666666,0.4213333333333334
4,balanced_rf,513,0,0.32999999999999996,0.4213333333333334
4,balanced_rf,528,0,0.32466666666666666,0.4213333333333334
4,balanced_rf,551,0,0.35133333333333333,0.4213333333333334
4,balanced_rf,555,0,0.366,0.4213333333333334
4,balanced_rf,561,0,0.3273333333333333,0.4213333333333334
4,balanced_rf,575,0,0.332,0.4213333333333334
4,balanced_rf,580,0,0.4413333333333333,0.4213333333333334
4,balanced_rf,588,0,0.3613333333333334,0.4213333333333334
4,balanced_rf,593,0,0.3326666666666666,0.4213333333333334
4,balanced_rf,594,0,0.2713333333333333,0.4213333333333334
4,balanced_rf,596,0,0.39533333333333337,0.4213333333333334
4,balanced_rf,597,0,0.3706666666666667,0.4213333333333334
4,balanced_rf,605,1,0.4126666666666667,0.4213333333333334
4,balanced_rf,606,0,0.3526666666666667,0.4213333333333334
4,balanced_rf,607,0,0.4146666666666667,0.4213333333333334
4,balanced_rf,619,0,0.41133333333333333,0.4213333333333334
4,balanced_rf,620,0,0.25133333333333335,0.4213333333333334
4,balanced_rf,622,0,0.273,0.4213333333333334
4,balanced_rf,631,0,0.32733333333333337,0.4213333333333334
4,balanced_rf,644,0,0.3653333333333334,0.4213333333333334
4,balanced_rf,649,0,0.43066666666666664,0.4213333333333334
4,balanced_rf,655,0,0.4186666666666667,0.4213333333333334
4,balanced_rf,660,0,0.4046666666666667,0.4213333333333334
4,balanced_rf,664,0,0.3633333333333334,0.4213333333333334
4,balanced_rf,671,0,0.33000000000000007,0.4213333333333334
4,balanced_rf,675,0,0.33266666666666667,0.4213333333333334
4,balanced_rf,676,0,0.3486666666666666,0.4213333333333334
4,balanced_rf,679,0,0.3546666666666667,0.4213333333333334
4,balanced_rf,680,0,0.3853333333333333,0.4213333333333334
4,balanced_rf,688,0,0.2703333333333333,0.4213333333333334
4,balanced_rf,703,0,0.394,0.4213333333333334
4,balanced_rf,704,0,0.338,0.4213333333333334
4,balanced_rf,719,0,0.2686666666666666,0.4213333333333334
4,balanced_rf,729,0,0.2906666666666667,0.4213333333333334
4,balanced_rf,736,0,0.3066666666666667,0.4213333333333334
4,balanced_rf,738,0,0.3519999999999999,0.4213333333333334
4,balanced_rf,742,0,0.32933333333333337,0.4213333333333334
4,balanced_rf,767,0,0.3666666666666667,0.4213333333333334
4,balanced_rf,768,0,0.3433333333333334,0.4213333333333334
4,balanced_rf,770,0,0.31866666666666665,0.4213333333333334
4,balanced_rf,772,0,0.2866666666666666,0.4213333333333334
4,balanced_rf,775,0,0.394,0.4213333333333334
4,balanced_rf,794,0,0.38266666666666677,0.4213333333333334
4,balanced_rf,796,0,0.37200000000000005,0.4213333333333334
4,balanced_rf,802,0,0.35000000000000003,0.4213333333333334
4,balanced_rf,808,0,0.374,0.4213333333333334
4,balanced_rf,813,0,0.3053333333333333,0.4213333333333334
4,balanced_rf,814,0,0.26333333333333336,0.4213333333333334
4,balanced_rf,821,0,0.2593333333333333,0.4213333333333334
4,balanced_rf,825,0,0.3046666666666667,0.4213333333333334
4,balanced_rf,832,0,0.36333333333333334,0.4213333333333334
4,balanced_rf,841,0,0.31066666666666676,0.4213333333333334
4,balanced_rf,845,0,0.384,0.4213333333333334
4,balanced_rf,878,0,0.21133333333333332,0.4213333333333334
4,balanced_rf,884,0,0.34600000000000003,0.4213333333333334
4,balanced_rf,885,0,0.2326666666666667,0.4213333333333334
4,balanced_rf,894,0,0.2686666666666666,0.4213333333333334
4,balanced_rf,898,0,0.2666666666666666,0.4213333333333334
4,balanced_rf,911,0,0.27066666666666667,0.4213333333333334
4,balanced_rf,913,0,0.2966666666666667,0.4213333333333334
4,balanced_rf,924,1,0.36999999999999994,0.4213333333333334
4,balanced_rf,929,1,0.39599999999999996,0.4213333333333334
4,balanced_rf,934,0,0.30599999999999994,0.4213333333333334
4,balanced_rf,949,0,0.25533333333333336,0.4213333333333334
4,balanced_rf,955,0,0.2733333333333333,0.4213333333333334
4,balanced_rf,962,0,0.24066666666666667,0.4213333333333334
4,balanced_rf,971,0,0.274,0.4213333333333334
4,balanced_rf,979,0,0.30333333333333334,0.4213333333333334
4,balanced_rf,981,0,0.23933333333333334,0.4213333333333334
4,balanced_rf,982,0,0.23466666666666666,0.4213333333333334
4,balanced_rf,988,0,0.247,0.4213333333333334
4,balanced_rf,1006,0,0.2253333333333333,0.4213333333333334
4,balanced_rf,1007,0,0.3603333333333333,0.4213333333333334
4,balanced_rf,1008,0,0.3653333333333333,0.4213333333333334
4,balanced_rf,1016,0,0.22133333333333333,0.4213333333333334
4,balanced_rf,1018,0,0.294,0.4213333333333334
4,balanced_rf,1023,0,0.29066666666666663,0.4213333333333334
4,balanced_rf,1029,1,0.318,0.4213333333333334
4,balanced_rf,1039,0,0.36066666666666664,0.4213333333333334
4,balanced_rf,1053,0,0.346,0.4213333333333334
4,balanced_rf,1062,1,0.3026666666666667,0.4213333333333334
4,balanced_rf,1064,0,0.276,0.4213333333333334
4,balanced_rf,1076,0,0.32866666666666666,0.4213333333333334
4,balanced_rf,1082,0,0.31266666666666665,0.4213333333333334
4,balanced_rf,1084,0,0.3273333333333333,0.4213333333333334
4,balanced_rf,1089,0,0.32966666666666666,0.4213333333333334
4,balanced_rf,1109,0,0.408,0.4213333333333334
4,balanced_rf,1110,0,0.4146666666666667,0.4213333333333334
4,balanced_rf,1115,0,0.41600000000000004,0.4213333333333334
4,balanced_rf,1127,0,0.3,0.4213333333333334
4,balanced_rf,1130,0,0.35800000000000004,0.4213333333333334
4,balanced_rf,1133,0,0.356,0.4213333333333334
4,balanced_rf,1135,0,0.3233333333333333,0.4213333333333334
4,balanced_rf,1136,0,0.37266666666666665,0.4213333333333334
4,balanced_rf,1149,0,0.37599999999999995,0.4213333333333334
4,balanced_rf,1155,0,0.38333333333333336,0.4213333333333334
4,balanced_rf,1158,0,0.3436666666666666,0.4213333333333334
4,balanced_rf,1164,0,0.3253333333333333,0.4213333333333334
4,balanced_rf,1170,0,0.364,0.4213333333333334
4,balanced_rf,1180,0,0.292,0.4213333333333334
4,balanced_rf,1198,0,0.30066666666666664,0.4213333333333334
4,balanced_rf,1200,0,0.3316666666666666,0.4213333333333334
4,balanced_rf,1201,0,0.3983333333333334,0.4213333333333334
4,balanced_rf,1211,1,0.30666666666666664,0.4213333333333334
4,balanced_rf,1214,0,0.44733333333333336,0.4213333333333334
4,balanced_rf,1227,1,0.4003333333333333,0.4213333333333334
4,balanced_rf,1232,0,0.38033333333333336,0.4213333333333334
4,balanced_rf,1234,0,0.3593333333333334,0.4213333333333334
4,balanced_rf,1240,0,0.44333333333333336,0.4213333333333334
4,balanced_rf,1241,1,0.3333333333333333,0.4213333333333334
4,balanced_rf,1243,0,0.3286666666666667,0.4213333333333334
4,balanced_rf,1244,0,0.4113333333333334,0.4213333333333334
4,balanced_rf,1258,0,0.372,0.4213333333333334
4,balanced_rf,1261,0,0.384,0.4213333333333334
4,balanced_rf,1263,0,0.32933333333333337,0.4213333333333334
4,balanced_rf,1266,0,0.37466666666666665,0.4213333333333334
4,balanced_rf,1291,0,0.354,0.4213333333333334
4,balanced_rf,1302,1,0.35133333333333333,0.4213333333333334
4,balanced_rf,1311,0,0.36000000000000004,0.4213333333333334
4,balanced_rf,1312,0,0.3486666666666667,0.4213333333333334
4,balanced_rf,1321,0,0.4453333333333333,0.4213333333333334
4,balanced_rf,1332,0,0.35266666666666674,0.4213333333333334
4,balanced_rf,1337,0,0.3393333333333334,0.4213333333333334
4,balanced_rf,1341,0,0.3846666666666666,0.4213333333333334
4,balanced_rf,1343,1,0.30833333333333324,0.4213333333333334
4,balanced_rf,1359,0,0.4093333333333333,0.4213333333333334
4,balanced_rf,1371,0,0.278,0.4213333333333334
4,balanced_rf,1379,0,0.42066666666666663,0.4213333333333334
4,balanced_rf,1383,0,0.36866666666666664,0.4213333333333334
4,balanced_rf,1386,0,0.326,0.4213333333333334
4,balanced_rf,1387,0,0.40066666666666667,0.4213333333333334
4,balanced_rf,1403,0,0.3396666666666667,0.4213333333333334
4,balanced_rf,1408,0,0.3506666666666666,0.4213333333333334
4,balanced_rf,1417,0,0.3366666666666666,0.4213333333333334
4,balanced_rf,1422,0,0.3546666666666667,0.4213333333333334
4,balanced_rf,1427,0,0.4013333333333334,0.4213333333333334
4,balanced_rf,1434,0,0.3439999999999999,0.4213333333333334
4,balanced_rf,1436,0,0.3539999999999999,0.4213333333333334
4,balanced_rf,1447,0,0.30466666666666664,0.4213333333333334
4,balanced_rf,1452,0,0.3653333333333333,0.4213333333333334
4,balanced_rf,1454,0,0.23533333333333334,0.4213333333333334
4,balanced_rf,1459,0,0.3173333333333333,0.4213333333333334
4,balanced_rf,1460,0,0.348,0.4213333333333334
4,balanced_rf,1463,0,0.22466666666666665,0.4213333333333334
4,balanced_rf,1467,0,0.2913333333333334,0.4213333333333334
4,balanced_rf,1470,0,0.3053333333333333,0.4213333333333334
4,balanced_rf,1480,0,0.22333333333333333,0.4213333333333334
4,balanced_rf,1487,0,0.2646666666666666,0.4213333333333334
4,balanced_rf,1488,0,0.29333333333333333,0.4213333333333334
4,balanced_rf,1497,0,0.2926666666666667,0.4213333333333334
4,balanced_rf,1509,0,0.30866666666666664,0.4213333333333334
4,balanced_rf,1510,0,0.3173333333333333,0.4213333333333334
4,balanced_rf,1512,0,0.2783333333333333,0.4213333333333334
4,balanced_rf,1515,0,0.2773333333333334,0.4213333333333334
4,balanced_rf,1519,1,0.37600000000000006,0.4213333333333334
4,balanced_rf,1526,0,0.3076666666666667,0.4213333333333334
4,balanced_rf,1527,0,0.2726666666666666,0.4213333333333334
4,balanced_rf,1532,0,0.32066666666666666,0.4213333333333334
4,balanced_rf,1533,0,0.25266666666666665,0.4213333333333334
4,balanced_rf,1536,0,0.20933333333333332,0.4213333333333334
4,balanced_rf,1546,0,0.22399999999999998,0.4213333333333334
4,balanced_rf,1553,0,0.198,0.4213333333333334
4,balanced_rf,1557,0,0.322,0.4213333333333334
4,balanced_rf_missing,10,1,0.5046666666666667,0.42400000000000004
4,balanced_rf_missing,22,0,0.4013333333333333,0.42400000000000004
4,balanced_rf_missing,36,0,0.5086666666666667,0.42400000000000004
4,balanced_rf_missing,40,1,0.494,0.42400000000000004
4,balanced_rf_missing,63,0,0.4886666666666666,0.42400000000000004
4,balanced_rf_missing,72,0,0.5193333333333332,0.42400000000000004
4,balanced_rf_missing,73,0,0.4753333333333334,0.42400000000000004
4,balanced_rf_missing,76,0,0.48199999999999993,0.42400000000000004
4,balanced_rf_missing,77,0,0.6053333333333333,0.42400000000000004
4,balanced_rf_missing,84,0,0.5153333333333333,0.42400000000000004
4,balanced_rf_missing,102,0,0.4026666666666667,0.42400000000000004
4,balanced_rf_missing,117,0,0.3946666666666666,0.42400000000000004
4,balanced_rf_missing,118,0,0.5353333333333333,0.42400000000000004
4,balanced_rf_missing,123,0,0.528,0.42400000000000004
4,balanced_rf_missing,139,0,0.4326666666666667,0.42400000000000004
4,balanced_rf_missing,145,0,0.482,0.42400000000000004
4,balanced_rf_missing,152,0,0.46199999999999997,0.42400000000000004
4,balanced_rf_missing,168,0,0.5033333333333334,0.42400000000000004
4,balanced_rf_missing,171,0,0.49000000000000005,0.42400000000000004
4,balanced_rf_missing,177,0,0.5306666666666666,0.42400000000000004
4,balanced_rf_missing,181,0,0.43866666666666665,0.42400000000000004
4,balanced_rf_missing,192,0,0.5686666666666667,0.42400000000000004
4,balanced_rf_missing,193,0,0.5653333333333332,0.42400000000000004
4,balanced_rf_missing,194,0,0.5393333333333332,0.42400000000000004
4,balanced_rf_missing,201,0,0.38866666666666666,0.42400000000000004
4,balanced_rf_missing,204,0,0.3446666666666667,0.42400000000000004
4,balanced_rf_missing,205,0,0.368,0.42400000000000004
4,balanced_rf_missing,213,0,0.546,0.42400000000000004
4,balanced_rf_missing,223,0,0.6326666666666666,0.42400000000000004
4,balanced_rf_missing,229,0,0.6020000000000001,0.42400000000000004
4,balanced_rf_missing,240,1,0.42,0.42400000000000004
4,balanced_rf_missing,256,0,0.478,0.42400000000000004
4,balanced_rf_missing,262,0,0.6053333333333334,0.42400000000000004
4,balanced_rf_missing,266,0,0.4206666666666667,0.42400000000000004
4,balanced_rf_missing,267,0,0.5206666666666666,0.42400000000000004
4,balanced_rf_missing,302,0,0.5313333333333332,0.42400000000000004
4,balanced_rf_missing,304,0,0.5333333333333332,0.42400000000000004
4,balanced_rf_missing,310,0,0.4713333333333333,0.42400000000000004
4,balanced_rf_missing,312,0,0.4986666666666667,0.42400000000000004
4,balanced_rf_missing,314,0,0.5513333333333333,0.42400000000000004
4,balanced_rf_missing,318,0,0.382,0.42400000000000004
4,balanced_rf_missing,319,0,0.39000000000000007,0.42400000000000004
4,balanced_rf_missing,332,0,0.468,0.42400000000000004
4,balanced_rf_missing,340,0,0.3626666666666667,0.42400000000000004
4,balanced_rf_missing,346,0,0.40066666666666667,0.42400000000000004
4,balanced_rf_missing,351,1,0.542,0.42400000000000004
4,balanced_rf_missing,354,0,0.5026666666666668,0.42400000000000004
4,balanced_rf_missing,380,0,0.5173333333333333,0.42400000000000004
4,balanced_rf_missing,382,0,0.3813333333333333,0.42400000000000004
4,balanced_rf_missing,385,0,0.42733333333333323,0.42400000000000004
4,balanced_rf_missing,388,0,0.41466666666666663,0.42400000000000004
4,balanced_rf_missing,393,0,0.532,0.42400000000000004
4,balanced_rf_missing,394,0,0.44,0.42400000000000004
4,balanced_rf_missing,400,0,0.4126666666666667,0.42400000000000004
4,balanced_rf_missing,404,0,0.336,0.42400000000000004
4,balanced_rf_missing,406,1,0.5193333333333332,0.42400000000000004
4,balanced_rf_missing,423,0,0.5473333333333333,0.42400000000000004
4,balanced_rf_missing,425,0,0.3913333333333333,0.42400000000000004
4,balanced_rf_missing,431,0,0.529,0.42400000000000004
4,balanced_rf_missing,439,0,0.41866666666666663,0.42400000000000004
4,balanced_rf_missing,446,0,0.4686666666666667,0.42400000000000004
4,balanced_rf_missing,447,0,0.45466666666666666,0.42400000000000004
4,balanced_rf_missing,456,0,0.3273333333333333,0.42400000000000004
4,balanced_rf_missing,462,0,0.2906666666666667,0.42400000000000004
4,balanced_rf_missing,469,0,0.35400000000000004,0.42400000000000004
4,balanced_rf_missing,484,0,0.4306666666666667,0.42400000000000004
4,balanced_rf_missing,487,0,0.361,0.42400000000000004
4,balanced_rf_missing,488,0,0.31066666666666665,0.42400000000000004
4,balanced_rf_missing,497,0,0.43199999999999994,0.42400000000000004
4,balanced_rf_missing,498,0,0.35933333333333334,0.42400000000000004
4,balanced_rf_missing,501,0,0.40299999999999997,0.42400000000000004
4,balanced_rf_missing,510,0,0.4306666666666667,0.42400000000000004
4,balanced_rf_missing,513,0,0.338,0.42400000000000004
4,balanced_rf_missing,528,0,0.3566666666666667,0.42400000000000004
4,balanced_rf_missing,551,0,0.3946666666666667,0.42400000000000004
4,balanced_rf_missing,555,0,0.3866666666666666,0.42400000000000004
4,balanced_rf_missing,561,0,0.4106666666666667,0.42400000000000004
4,balanced_rf_missing,575,0,0.3146666666666667,0.42400000000000004
4,balanced_rf_missing,580,0,0.4566666666666666,0.42400000000000004
4,balanced_rf_missing,588,0,0.3213333333333333,0.42400000000000004
4,balanced_rf_missing,593,0,0.3793333333333333,0.42400000000000004
4,balanced_rf_missing,594,0,0.32600000000000007,0.42400000000000004
4,balanced_rf_missing,596,0,0.352,0.42400000000000004
4,balanced_rf_missing,597,0,0.4233333333333334,0.42400000000000004
4,balanced_rf_missing,605,1,0.44800000000000006,0.42400000000000004
4,balanced_rf_missing,606,0,0.32866666666666666,0.42400000000000004
4,balanced_rf_missing,607,0,0.39333333333333337,0.42400000000000004
4,balanced_rf_missing,619,0,0.338,0.42400000000000004
4,balanced_rf_missing,620,0,0.2973333333333334,0.42400000000000004
4,balanced_rf_missing,622,0,0.3153333333333333,0.42400000000000004
4,balanced_rf_missing,631,0,0.29,0.42400000000000004
4,balanced_rf_missing,644,0,0.36666666666666664,0.42400000000000004
4,balanced_rf_missing,649,0,0.4353333333333333,0.42400000000000004
4,balanced_rf_missing,655,0,0.3306666666666666,0.42400000000000004
4,balanced_rf_missing,660,0,0.3506666666666667,0.42400000000000004
4,balanced_rf_missing,664,0,0.3473333333333334,0.42400000000000004
4,balanced_rf_missing,671,0,0.36866666666666664,0.42400000000000004
4,balanced_rf_missing,675,0,0.3126666666666667,0.42400000000000004
4,balanced_rf_missing,676,0,0.38600000000000007,0.42400000000000004
4,balanced_rf_missing,679,0,0.342,0.42400000000000004
4,balanced_rf_missing,680,0,0.4066666666666667,0.42400000000000004
4,balanced_rf_missing,688,0,0.3,0.42400000000000004
4,balanced_rf_missing,703,0,0.362,0.42400000000000004
4,balanced_rf_missing,704,0,0.34266666666666673,0.42400000000000004
4,balanced_rf_missing,719,0,0.244,0.42400000000000004
4,balanced_rf_missing,729,0,0.3066666666666667,0.42400000000000004
4,balanced_rf_missing,736,0,0.3393333333333334,0.42400000000000004
4,balanced_rf_missing,738,0,0.39666666666666667,0.42400000000000004
4,balanced_rf_missing,742,0,0.3453333333333332,0.42400000000000004
4,balanced_rf_missing,767,0,0.406,0.42400000000000004
4,balanced_rf_missing,768,0,0.36466666666666675,0.42400000000000004
4,balanced_rf_missing,770,0,0.3346666666666666,0.42400000000000004
4,balanced_rf_missing,772,0,0.3086666666666667,0.42400000000000004
4,balanced_rf_missing,775,0,0.30866666666666664,0.42400000000000004
4,balanced_rf_missing,794,0,0.4453333333333333,0.42400000000000004
4,balanced_rf_missing,796,0,0.3606666666666667,0.42400000000000004
4,balanced_rf_missing,802,0,0.32533333333333325,0.42400000000000004
4,balanced_rf_missing,808,0,0.4306666666666667,0.42400000000000004
4,balanced_rf_missing,813,0,0.3486666666666667,0.42400000000000004
4,balanced_rf_missing,814,0,0.3046666666666667,0.42400000000000004
4,balanced_rf_missing,821,0,0.289,0.42400000000000004
4,balanced_rf_missing,825,0,0.33333333333333337,0.42400000000000004
4,balanced_rf_missing,832,0,0.34733333333333327,0.42400000000000004
4,balanced_rf_missing,841,0,0.334,0.42400000000000004
4,balanced_rf_missing,845,0,0.342,0.42400000000000004
4,balanced_rf_missing,878,0,0.22666666666666668,0.42400000000000004
4,balanced_rf_missing,884,0,0.3293333333333333,0.42400000000000004
4,balanced_rf_missing,885,0,0.222,0.42400000000000004
4,balanced_rf_missing,894,0,0.2606666666666666,0.42400000000000004
4,balanced_rf_missing,898,0,0.2726666666666666,0.42400000000000004
4,balanced_rf_missing,911,0,0.30133333333333334,0.42400000000000004
4,balanced_rf_missing,913,0,0.278,0.42400000000000004
4,balanced_rf_missing,924,1,0.38199999999999995,0.42400000000000004
4,balanced_rf_missing,929,1,0.38300000000000006,0.42400000000000004
4,balanced_rf_missing,934,0,0.256,0.42400000000000004
4,balanced_rf_missing,949,0,0.29133333333333333,0.42400000000000004
4,balanced_rf_missing,955,0,0.2906666666666667,0.42400000000000004
4,balanced_rf_missing,962,0,0.16733333333333333,0.42400000000000004
4,balanced_rf_missing,971,0,0.2633333333333333,0.42400000000000004
4,balanced_rf_missing,979,0,0.262,0.42400000000000004
4,balanced_rf_missing,981,0,0.2606666666666667,0.42400000000000004
4,balanced_rf_missing,982,0,0.2426666666666667,0.42400000000000004
4,balanced_rf_missing,988,0,0.26333333333333336,0.42400000000000004
4,balanced_rf_missing,1006,0,0.25533333333333336,0.42400000000000004
4,balanced_rf_missing,1007,0,0.3459999999999999,0.42400000000000004
4,balanced_rf_missing,1008,0,0.3206666666666667,0.42400000000000004
4,balanced_rf_missing,1016,0,0.24466666666666664,0.42400000000000004
4,balanced_rf_missing,1018,0,0.2733333333333333,0.42400000000000004
4,balanced_rf_missing,1023,0,0.24866666666666665,0.42400000000000004
4,balanced_rf_missing,1029,1,0.31766666666666665,0.42400000000000004
4,balanced_rf_missing,1039,0,0.39,0.42400000000000004
4,balanced_rf_missing,1053,0,0.39799999999999996,0.42400000000000004
4,balanced_rf_missing,1062,1,0.3533333333333333,0.42400000000000004
4,balanced_rf_missing,1064,0,0.26933333333333337,0.42400000000000004
4,balanced_rf_missing,1076,0,0.262,0.42400000000000004
4,balanced_rf_missing,1082,0,0.3453333333333333,0.42400000000000004
4,balanced_rf_missing,1084,0,0.3430000000000001,0.42400000000000004
4,balanced_rf_missing,1089,0,0.30566666666666675,0.42400000000000004
4,balanced_rf_missing,1109,0,0.39999999999999997,0.42400000000000004
4,balanced_rf_missing,1110,0,0.35733333333333334,0.42400000000000004
4,balanced_rf_missing,1115,0,0.4086666666666666,0.42400000000000004
4,balanced_rf_missing,1127,0,0.303,0.42400000000000004
4,balanced_rf_missing,1130,0,0.35533333333333333,0.42400000000000004
4,balanced_rf_missing,1133,0,0.36466666666666664,0.42400000000000004
4,balanced_rf_missing,1135,0,0.3286666666666666,0.42400000000000004
4,balanced_rf_missing,1136,0,0.4106666666666666,0.42400000000000004
4,balanced_rf_missing,1149,0,0.3663333333333333,0.42400000000000004
4,balanced_rf_missing,1155,0,0.3133333333333333,0.42400000000000004
4,balanced_rf_missing,1158,0,0.3513333333333334,0.42400000000000004
4,balanced_rf_missing,1164,0,0.294,0.42400000000000004
4,balanced_rf_missing,1170,0,0.3373333333333333,0.42400000000000004
4,balanced_rf_missing,1180,0,0.306,0.42400000000000004
4,balanced_rf_missing,1198,0,0.3273333333333333,0.42400000000000004
4,balanced_rf_missing,1200,0,0.3653333333333333,0.42400000000000004
4,balanced_rf_missing,1201,0,0.3366666666666666,0.42400000000000004
4,balanced_rf_missing,1211,1,0.31133333333333324,0.42400000000000004
4,balanced_rf_missing,1214,0,0.4506666666666667,0.42400000000000004
4,balanced_rf_missing,1227,1,0.3646666666666667,0.42400000000000004
4,balanced_rf_missing,1232,0,0.376,0.42400000000000004
4,balanced_rf_missing,1234,0,0.4126666666666666,0.42400000000000004
4,balanced_rf_missing,1240,0,0.4766666666666667,0.42400000000000004
4,balanced_rf_missing,1241,1,0.35233333333333333,0.42400000000000004
4,balanced_rf_missing,1243,0,0.38133333333333325,0.42400000000000004
4,balanced_rf_missing,1244,0,0.43266666666666675,0.42400000000000004
4,balanced_rf_missing,1258,0,0.3133333333333333,0.42400000000000004
4,balanced_rf_missing,1261,0,0.39,0.42400000000000004
4,balanced_rf_missing,1263,0,0.416,0.42400000000000004
4,balanced_rf_missing,1266,0,0.38799999999999996,0.42400000000000004
4,balanced_rf_missing,1291,0,0.3493333333333334,0.42400000000000004
4,balanced_rf_missing,1302,1,0.3726666666666667,0.42400000000000004
4,balanced_rf_missing,1311,0,0.3986666666666667,0.42400000000000004
4,balanced_rf_missing,1312,0,0.3673333333333333,0.42400000000000004
4,balanced_rf_missing,1321,0,0.42266666666666663,0.42400000000000004
4,balanced_rf_missing,1332,0,0.33666666666666667,0.42400000000000004
4,balanced_rf_missing,1337,0,0.31333333333333335,0.42400000000000004
4,balanced_rf_missing,1341,0,0.3066666666666667,0.42400000000000004
4,balanced_rf_missing,1343,1,0.3433333333333334,0.42400000000000004
4,balanced_rf_missing,1359,0,0.37400000000000005,0.42400000000000004
4,balanced_rf_missing,1371,0,0.3033333333333333,0.42400000000000004
4,balanced_rf_missing,1379,0,0.404,0.42400000000000004
4,balanced_rf_missing,1383,0,0.3286666666666666,0.42400000000000004
4,balanced_rf_missing,1386,0,0.3,0.42400000000000004
4,balanced_rf_missing,1387,0,0.37466666666666665,0.42400000000000004
4,balanced_rf_missing,1403,0,0.33133333333333337,0.42400000000000004
4,balanced_rf_missing,1408,0,0.36133333333333334,0.42400000000000004
4,balanced_rf_missing,1417,0,0.32866666666666666,0.42400000000000004
4,balanced_rf_missing,1422,0,0.30266666666666664,0.42400000000000004
4,balanced_rf_missing,1427,0,0.384,0.42400000000000004
4,balanced_rf_missing,1434,0,0.29066666666666663,0.42400000000000004
4,balanced_rf_missing,1436,0,0.33599999999999997,0.42400000000000004
4,balanced_rf_missing,1447,0,0.3146666666666667,0.42400000000000004
4,balanced_rf_missing,1452,0,0.33333333333333337,0.42400000000000004
4,balanced_rf_missing,1454,0,0.338,0.42400000000000004
4,balanced_rf_missing,1459,0,0.31733333333333336,0.42400000000000004
4,balanced_rf_missing,1460,0,0.2893333333333334,0.42400000000000004
4,balanced_rf_missing,1463,0,0.21466666666666664,0.42400000000000004
4,balanced_rf_missing,1467,0,0.2833333333333334,0.42400000000000004
4,balanced_rf_missing,1470,0,0.282,0.42400000000000004
4,balanced_rf_missing,1480,0,0.22200000000000003,0.42400000000000004
4,balanced_rf_missing,1487,0,0.2886666666666666,0.42400000000000004
4,balanced_rf_missing,1488,0,0.31466666666666665,0.42400000000000004
4,balanced_rf_missing,1497,0,0.27066666666666667,0.42400000000000004
4,balanced_rf_missing,1509,0,0.292,0.42400000000000004
4,balanced_rf_missing,1510,0,0.3026666666666667,0.42400000000000004
4,balanced_rf_missing,1512,0,0.28800000000000003,0.42400000000000004
4,balanced_rf_missing,1515,0,0.2866666666666666,0.42400000000000004
4,balanced_rf_missing,1519,1,0.3626666666666667,0.42400000000000004
4,balanced_rf_missing,1526,0,0.2886666666666667,0.42400000000000004
4,balanced_rf_missing,1527,0,0.316,0.42400000000000004
4,balanced_rf_missing,1532,0,0.27266666666666667,0.42400000000000004
4,balanced_rf_missing,1533,0,0.3513333333333334,0.42400000000000004
4,balanced_rf_missing,1536,0,0.2833333333333334,0.42400000000000004
4,balanced_rf_missing,1546,0,0.22400000000000003,0.42400000000000004
4,balanced_rf_missing,1553,0,0.2866666666666667,0.42400000000000004
4,balanced_rf_missing,1557,0,0.3266666666666666,0.42400000000000004
4,balanced_rf_missing_leaf5,10,1,0.5422507936507938,0.44190634920634936
4,balanced_rf_missing_leaf5,22,0,0.4395968253968256,0.44190634920634936
4,balanced_rf_missing_leaf5,36,0,0.5677507936507935,0.44190634920634936
4,balanced_rf_missing_leaf5,40,1,0.5390539682539682,0.44190634920634936
4,balanced_rf_missing_leaf5,63,0,0.5261587301587302,0.44190634920634936
4,balanced_rf_missing_leaf5,72,0,0.4731253968253967,0.44190634920634936
4,balanced_rf_missing_leaf5,73,0,0.5017238095238093,0.44190634920634936
4,balanced_rf_missing_leaf5,76,0,0.5187936507936506,0.44190634920634936
4,balanced_rf_missing_leaf5,77,0,0.5986888888888887,0.44190634920634936
4,balanced_rf_missing_leaf5,84,0,0.5245825396825398,0.44190634920634936
4,balanced_rf_missing_leaf5,102,0,0.4382269841269843,0.44190634920634936
4,balanced_rf_missing_leaf5,117,0,0.4421095238095239,0.44190634920634936
4,balanced_rf_missing_leaf5,118,0,0.5077555555555554,0.44190634920634936
4,balanced_rf_missing_leaf5,123,0,0.488468253968254,0.44190634920634936
4,balanced_rf_missing_leaf5,139,0,0.43939047619047633,0.44190634920634936
4,balanced_rf_missing_leaf5,145,0,0.45017777777777773,0.44190634920634936
4,balanced_rf_missing_leaf5,152,0,0.5015142857142855,0.44190634920634936
4,balanced_rf_missing_leaf5,168,0,0.5383730158730158,0.44190634920634936
4,balanced_rf_missing_leaf5,171,0,0.5077492063492063,0.44190634920634936
4,balanced_rf_missing_leaf5,177,0,0.5136269841269843,0.44190634920634936
4,balanced_rf_missing_leaf5,181,0,0.44704603174603175,0.44190634920634936
4,balanced_rf_missing_leaf5,192,0,0.5452714285714286,0.44190634920634936
4,balanced_rf_missing_leaf5,193,0,0.5640365079365078,0.44190634920634936
4,balanced_rf_missing_leaf5,194,0,0.5493904761904762,0.44190634920634936
4,balanced_rf_missing_leaf5,201,0,0.3946000000000003,0.44190634920634936
4,balanced_rf_missing_leaf5,204,0,0.3338174603174605,0.44190634920634936
4,balanced_rf_missing_leaf5,205,0,0.3904253968253968,0.44190634920634936
4,balanced_rf_missing_leaf5,213,0,0.5777857142857142,0.44190634920634936
4,balanced_rf_missing_leaf5,223,0,0.6339888888888889,0.44190634920634936
4,balanced_rf_missing_leaf5,229,0,0.5965238095238097,0.44190634920634936
4,balanced_rf_missing_leaf5,240,1,0.444290476190476,0.44190634920634936
4,balanced_rf_missing_leaf5,256,0,0.5200253968253967,0.44190634920634936
4,balanced_rf_missing_leaf5,262,0,0.5808809523809523,0.44190634920634936
4,balanced_rf_missing_leaf5,266,0,0.41030952380952374,0.44190634920634936
4,balanced_rf_missing_leaf5,267,0,0.5634857142857145,0.44190634920634936
4,balanced_rf_missing_leaf5,302,0,0.5502492063492062,0.44190634920634936
4,balanced_rf_missing_leaf5,304,0,0.5538968253968254,0.44190634920634936
4,balanced_rf_missing_leaf5,310,0,0.4900380952380952,0.44190634920634936
4,balanced_rf_missing_leaf5,312,0,0.4970571428571428,0.44190634920634936
4,balanced_rf_missing_leaf5,314,0,0.5362380952380955,0.44190634920634936
4,balanced_rf_missing_leaf5,318,0,0.39038412698412694,0.44190634920634936
4,balanced_rf_missing_leaf5,319,0,0.42055396825396846,0.44190634920634936
4,balanced_rf_missing_leaf5,332,0,0.4722476190476192,0.44190634920634936
4,balanced_rf_missing_leaf5,340,0,0.41280793650793646,0.44190634920634936
4,balanced_rf_missing_leaf5,346,0,0.358009523809524,0.44190634920634936
4,balanced_rf_missing_leaf5,351,1,0.5176206349206353,0.44190634920634936
4,balanced_rf_missing_leaf5,354,0,0.5202793650793649,0.44190634920634936
4,balanced_rf_missing_leaf5,380,0,0.524195238095238,0.44190634920634936
4,balanced_rf_missing_leaf5,382,0,0.3994555555555555,0.44190634920634936
4,balanced_rf_missing_leaf5,385,0,0.44306349206349205,0.44190634920634936
4,balanced_rf_missing_leaf5,388,0,0.42469365079365085,0.44190634920634936
4,balanced_rf_missing_leaf5,393,0,0.5394888888888889,0.44190634920634936
4,balanced_rf_missing_leaf5,394,0,0.4776968253968256,0.44190634920634936
4,balanced_rf_missing_leaf5,400,0,0.46616825396825395,0.44190634920634936
4,balanced_rf_missing_leaf5,404,0,0.3261904761904761,0.44190634920634936
4,balanced_rf_missing_leaf5,406,1,0.5521333333333335,0.44190634920634936
4,balanced_rf_missing_leaf5,423,0,0.5357952380952379,0.44190634920634936
4,balanced_rf_missing_leaf5,425,0,0.4535285714285714,0.44190634920634936
4,balanced_rf_missing_leaf5,431,0,0.5184190476190471,0.44190634920634936
4,balanced_rf_missing_leaf5,439,0,0.4093238095238093,0.44190634920634936
4,balanced_rf_missing_leaf5,446,0,0.5471396825396826,0.44190634920634936
4,balanced_rf_missing_leaf5,447,0,0.47714285714285704,0.44190634920634936
4,balanced_rf_missing_leaf5,456,0,0.33120634920634934,0.44190634920634936
4,balanced_rf_missing_leaf5,462,0,0.3334333333333333,0.44190634920634936
4,balanced_rf_missing_leaf5,469,0,0.34178571428571425,0.44190634920634936
4,balanced_rf_missing_leaf5,484,0,0.46871111111111086,0.44190634920634936
4,balanced_rf_missing_leaf5,487,0,0.4282936507936507,0.44190634920634936
4,balanced_rf_missing_leaf5,488,0,0.30880317460317447,0.44190634920634936
4,balanced_rf_missing_leaf5,497,0,0.4840952380952382,0.44190634920634936
4,balanced_rf_missing_leaf5,498,0,0.38448888888888894,0.44190634920634936
4,balanced_rf_missing_leaf5,501,0,0.43812063492063485,0.44190634920634936
4,balanced_rf_missing_leaf5,510,0,0.35915555555555556,0.44190634920634936
4,balanced_rf_missing_leaf5,513,0,0.38573968253968266,0.44190634920634936
4,balanced_rf_missing_leaf5,528,0,0.36293650793650795,0.44190634920634936
4,balanced_rf_missing_leaf5,551,0,0.39767777777777774,0.44190634920634936
4,balanced_rf_missing_leaf5,555,0,0.37541111111111125,0.44190634920634936
4,balanced_rf_missing_leaf5,561,0,0.43000952380952384,0.44190634920634936
4,balanced_rf_missing_leaf5,575,0,0.33147777777777776,0.44190634920634936
4,balanced_rf_missing_leaf5,580,0,0.4291730158730157,0.44190634920634936
4,balanced_rf_missing_leaf5,588,0,0.36882063492063494,0.44190634920634936
4,balanced_rf_missing_leaf5,593,0,0.3899047619047619,0.44190634920634936
4,balanced_rf_missing_leaf5,594,0,0.36972539682539685,0.44190634920634936
4,balanced_rf_missing_leaf5,596,0,0.3985492063492064,0.44190634920634936
4,balanced_rf_missing_leaf5,597,0,0.4343904761904763,0.44190634920634936
4,balanced_rf_missing_leaf5,605,1,0.47326984126984134,0.44190634920634936
4,balanced_rf_missing_leaf5,606,0,0.32185079365079367,0.44190634920634936
4,balanced_rf_missing_leaf5,607,0,0.43827936507936494,0.44190634920634936
4,balanced_rf_missing_leaf5,619,0,0.4055269841269842,0.44190634920634936
4,balanced_rf_missing_leaf5,620,0,0.3202730158730158,0.44190634920634936
4,balanced_rf_missing_leaf5,622,0,0.3818492063492066,0.44190634920634936
4,balanced_rf_missing_leaf5,631,0,0.3428507936507938,0.44190634920634936
4,balanced_rf_missing_leaf5,644,0,0.413088888888889,0.44190634920634936
4,balanced_rf_missing_leaf5,649,0,0.4209555555555557,0.44190634920634936
4,balanced_rf_missing_leaf5,655,0,0.3913698412698413,0.44190634920634936
4,balanced_rf_missing_leaf5,660,0,0.3778174603174605,0.44190634920634936
4,balanced_rf_missing_leaf5,664,0,0.38657460317460335,0.44190634920634936
4,balanced_rf_missing_leaf5,671,0,0.40108253968253976,0.44190634920634936
4,balanced_rf_missing_leaf5,675,0,0.36728730158730155,0.44190634920634936
4,balanced_rf_missing_leaf5,676,0,0.41832698412698405,0.44190634920634936
4,balanced_rf_missing_leaf5,679,0,0.3626079365079366,0.44190634920634936
4,balanced_rf_missing_leaf5,680,0,0.42093650793650805,0.44190634920634936
4,balanced_rf_missing_leaf5,688,0,0.3525698412698413,0.44190634920634936
4,balanced_rf_missing_leaf5,703,0,0.4396365079365078,0.44190634920634936
4,balanced_rf_missing_leaf5,704,0,0.34443174603174603,0.44190634920634936
4,balanced_rf_missing_leaf5,719,0,0.2877111111111112,0.44190634920634936
4,balanced_rf_missing_leaf5,729,0,0.31907142857142856,0.44190634920634936
4,balanced_rf_missing_leaf5,736,0,0.3827,0.44190634920634936
4,balanced_rf_missing_leaf5,738,0,0.37257936507936534,0.44190634920634936
4,balanced_rf_missing_leaf5,742,0,0.3445015873015873,0.44190634920634936
4,balanced_rf_missing_leaf5,767,0,0.39845238095238084,0.44190634920634936
4,balanced_rf_missing_leaf5,768,0,0.39103492063492074,0.44190634920634936
4,balanced_rf_missing_leaf5,770,0,0.372525396825397,0.44190634920634936
4,balanced_rf_missing_leaf5,772,0,0.3450333333333333,0.44190634920634936
4,balanced_rf_missing_leaf5,775,0,0.3411126984126984,0.44190634920634936
4,balanced_rf_missing_leaf5,794,0,0.3718603174603175,0.44190634920634936
4,balanced_rf_missing_leaf5,796,0,0.4022888888888888,0.44190634920634936
4,balanced_rf_missing_leaf5,802,0,0.37240952380952386,0.44190634920634936
4,balanced_rf_missing_leaf5,808,0,0.4734126984126983,0.44190634920634936
4,balanced_rf_missing_leaf5,813,0,0.35016984126984124,0.44190634920634936
4,balanced_rf_missing_leaf5,814,0,0.35497619047619056,0.44190634920634936
4,balanced_rf_missing_leaf5,821,0,0.28877142857142873,0.44190634920634936
4,balanced_rf_missing_leaf5,825,0,0.3816920634920635,0.44190634920634936
4,balanced_rf_missing_leaf5,832,0,0.3854063492063492,0.44190634920634936
4,balanced_rf_missing_leaf5,841,0,0.3317746031746032,0.44190634920634936
4,balanced_rf_missing_leaf5,845,0,0.41224761904761914,0.44190634920634936
4,balanced_rf_missing_leaf5,878,0,0.28001111111111116,0.44190634920634936
4,balanced_rf_missing_leaf5,884,0,0.3524507936507936,0.44190634920634936
4,balanced_rf_missing_leaf5,885,0,0.2692174603174604,0.44190634920634936
4,balanced_rf_missing_leaf5,894,0,0.2978031746031747,0.44190634920634936
4,balanced_rf_missing_leaf5,898,0,0.2513222222222223,0.44190634920634936
4,balanced_rf_missing_leaf5,911,0,0.32784761904761917,0.44190634920634936
4,balanced_rf_missing_leaf5,913,0,0.2913396825396827,0.44190634920634936
4,balanced_rf_missing_leaf5,924,1,0.40788888888888886,0.44190634920634936
4,balanced_rf_missing_leaf5,929,1,0.40419841269841267,0.44190634920634936
4,balanced_rf_missing_leaf5,934,0,0.31105396825396825,0.44190634920634936
4,balanced_rf_missing_leaf5,949,0,0.2829571428571428,0.44190634920634936
4,balanced_rf_missing_leaf5,955,0,0.3237126984126983,0.44190634920634936
4,balanced_rf_missing_leaf5,962,0,0.19772857142857142,0.44190634920634936
4,balanced_rf_missing_leaf5,971,0,0.2841634920634922,0.44190634920634936
4,balanced_rf_missing_leaf5,979,0,0.2654253968253968,0.44190634920634936
4,balanced_rf_missing_leaf5,981,0,0.27963333333333334,0.44190634920634936
4,balanced_rf_missing_leaf5,982,0,0.26639682539682535,0.44190634920634936
4,balanced_rf_missing_leaf5,988,0,0.30486825396825395,0.44190634920634936
4,balanced_rf_missing_leaf5,1006,0,0.24309523809523814,0.44190634920634936
4,balanced_rf_missing_leaf5,1007,0,0.38553492063492045,0.44190634920634936
4,balanced_rf_missing_leaf5,1008,0,0.3588349206349207,0.44190634920634936
4,balanced_rf_missing_leaf5,1016,0,0.2863523809523811,0.44190634920634936
4,balanced_rf_missing_leaf5,1018,0,0.28476349206349205,0.44190634920634936
4,balanced_rf_missing_leaf5,1023,0,0.36398571428571425,0.44190634920634936
4,balanced_rf_missing_leaf5,1029,1,0.3157507936507937,0.44190634920634936
4,balanced_rf_missing_leaf5,1039,0,0.42236190476190466,0.44190634920634936
4,balanced_rf_missing_leaf5,1053,0,0.3940603174603174,0.44190634920634936
4,balanced_rf_missing_leaf5,1062,1,0.3598031746031748,0.44190634920634936
4,balanced_rf_missing_leaf5,1064,0,0.3364206349206349,0.44190634920634936
4,balanced_rf_missing_leaf5,1076,0,0.34414126984126975,0.44190634920634936
4,balanced_rf_missing_leaf5,1082,0,0.3731523809523812,0.44190634920634936
4,balanced_rf_missing_leaf5,1084,0,0.38190793650793653,0.44190634920634936
4,balanced_rf_missing_leaf5,1089,0,0.3264746031746031,0.44190634920634936
4,balanced_rf_missing_leaf5,1109,0,0.39683333333333326,0.44190634920634936
4,balanced_rf_missing_leaf5,1110,0,0.441906349206349,0.44190634920634936
4,balanced_rf_missing_leaf5,1115,0,0.4368571428571427,0.44190634920634936
4,balanced_rf_missing_leaf5,1127,0,0.30750634920634917,0.44190634920634936
4,balanced_rf_missing_leaf5,1130,0,0.3596650793650793,0.44190634920634936
4,balanced_rf_missing_leaf5,1133,0,0.44355714285714287,0.44190634920634936
4,balanced_rf_missing_leaf5,1135,0,0.3541968253968254,0.44190634920634936
4,balanced_rf_missing_leaf5,1136,0,0.42557142857142866,0.44190634920634936
4,balanced_rf_missing_leaf5,1149,0,0.3950603174603175,0.44190634920634936
4,balanced_rf_missing_leaf5,1155,0,0.4452730158730158,0.44190634920634936
4,balanced_rf_missing_leaf5,1158,0,0.36799841269841255,0.44190634920634936
4,balanced_rf_missing_leaf5,1164,0,0.31485714285714284,0.44190634920634936
4,balanced_rf_missing_leaf5,1170,0,0.3923873015873017,0.44190634920634936
4,balanced_rf_missing_leaf5,1180,0,0.30875238095238106,0.44190634920634936
4,balanced_rf_missing_leaf5,1198,0,0.3481761904761905,0.44190634920634936
4,balanced_rf_missing_leaf5,1200,0,0.39258730158730176,0.44190634920634936
4,balanced_rf_missing_leaf5,1201,0,0.3841428571428573,0.44190634920634936
4,balanced_rf_missing_leaf5,1211,1,0.35760793650793676,0.44190634920634936
4,balanced_rf_missing_leaf5,1214,0,0.4705,0.44190634920634936
4,balanced_rf_missing_leaf5,1227,1,0.3655777777777777,0.44190634920634936
4,balanced_rf_missing_leaf5,1232,0,0.36132063492063493,0.44190634920634936
4,balanced_rf_missing_leaf5,1234,0,0.3888365079365081,0.44190634920634936
4,balanced_rf_missing_leaf5,1240,0,0.45079047619047613,0.44190634920634936
4,balanced_rf_missing_leaf5,1241,1,0.3695650793650795,0.44190634920634936
4,balanced_rf_missing_leaf5,1243,0,0.3983333333333335,0.44190634920634936
4,balanced_rf_missing_leaf5,1244,0,0.44186507936507957,0.44190634920634936
4,balanced_rf_missing_leaf5,1258,0,0.3378396825396825,0.44190634920634936
4,balanced_rf_missing_leaf5,1261,0,0.4764126984126984,0.44190634920634936
4,balanced_rf_missing_leaf5,1263,0,0.4337015873015872,0.44190634920634936
4,balanced_rf_missing_leaf5,1266,0,0.39177777777777784,0.44190634920634936
4,balanced_rf_missing_leaf5,1291,0,0.33280317460317455,0.44190634920634936
4,balanced_rf_missing_leaf5,1302,1,0.4129031746031747,0.44190634920634936
4,balanced_rf_missing_leaf5,1311,0,0.36713015873015864,0.44190634920634936
4,balanced_rf_missing_leaf5,1312,0,0.36003968253968244,0.44190634920634936
4,balanced_rf_missing_leaf5,1321,0,0.44951587301587304,0.44190634920634936
4,balanced_rf_missing_leaf5,1332,0,0.37256825396825405,0.44190634920634936
4,balanced_rf_missing_leaf5,1337,0,0.321968253968254,0.44190634920634936
4,balanced_rf_missing_leaf5,1341,0,0.37505555555555575,0.44190634920634936
4,balanced_rf_missing_leaf5,1343,1,0.3173158730158731,0.44190634920634936
4,balanced_rf_missing_leaf5,1359,0,0.4265793650793653,0.44190634920634936
4,balanced_rf_missing_leaf5,1371,0,0.3127952380952381,0.44190634920634936
4,balanced_rf_missing_leaf5,1379,0,0.411352380952381,0.44190634920634936
4,balanced_rf_missing_leaf5,1383,0,0.3320507936507937,0.44190634920634936
4,balanced_rf_missing_leaf5,1386,0,0.30604126984126995,0.44190634920634936
4,balanced_rf_missing_leaf5,1387,0,0.3694158730158731,0.44190634920634936
4,balanced_rf_missing_leaf5,1403,0,0.37583809523809536,0.44190634920634936
4,balanced_rf_missing_leaf5,1408,0,0.35110158730158725,0.44190634920634936
4,balanced_rf_missing_leaf5,1417,0,0.3546746031746031,0.44190634920634936
4,balanced_rf_missing_leaf5,1422,0,0.34566984126984146,0.44190634920634936
4,balanced_rf_missing_leaf5,1427,0,0.42765714285714285,0.44190634920634936
4,balanced_rf_missing_leaf5,1434,0,0.34039841269841264,0.44190634920634936
4,balanced_rf_missing_leaf5,1436,0,0.34328571428571447,0.44190634920634936
4,balanced_rf_missing_leaf5,1447,0,0.3386158730158729,0.44190634920634936
4,balanced_rf_missing_leaf5,1452,0,0.3632507936507937,0.44190634920634936
4,balanced_rf_missing_leaf5,1454,0,0.32674444444444445,0.44190634920634936
4,balanced_rf_missing_leaf5,1459,0,0.3171555555555555,0.44190634920634936
4,balanced_rf_missing_leaf5,1460,0,0.3180444444444444,0.44190634920634936
4,balanced_rf_missing_leaf5,1463,0,0.17208730158730162,0.44190634920634936
4,balanced_rf_missing_leaf5,1467,0,0.30261587301587284,0.44190634920634936
4,balanced_rf_missing_leaf5,1470,0,0.27187301587301593,0.44190634920634936
4,balanced_rf_missing_leaf5,1480,0,0.23398253968253968,0.44190634920634936
4,balanced_rf_missing_leaf5,1487,0,0.2952460317460318,0.44190634920634936
4,balanced_rf_missing_leaf5,1488,0,0.3357095238095239,0.44190634920634936
4,balanced_rf_missing_leaf5,1497,0,0.30992063492063504,0.44190634920634936
4,balanced_rf_missing_leaf5,1509,0,0.3315333333333333,0.44190634920634936
4,balanced_rf_missing_leaf5,1510,0,0.3322126984126983,0.44190634920634936
4,balanced_rf_missing_leaf5,1512,0,0.27946190476190474,0.44190634920634936
4,balanced_rf_missing_leaf5,1515,0,0.32842698412698423,0.44190634920634936
4,balanced_rf_missing_leaf5,1519,1,0.39603174603174596,0.44190634920634936
4,balanced_rf_missing_leaf5,1526,0,0.30705396825396825,0.44190634920634936
4,balanced_rf_missing_leaf5,1527,0,0.3201460317460318,0.44190634920634936
4,balanced_rf_missing_leaf5,1532,0,0.3133857142857142,0.44190634920634936
4,balanced_rf_missing_leaf5,1533,0,0.34835079365079386,0.44190634920634936
4,balanced_rf_missing_leaf5,1536,0,0.26976507936507943,0.44190634920634936
4,balanced_rf_missing_leaf5,1546,0,0.26045396825396827,0.44190634920634936
4,balanced_rf_missing_leaf5,1553,0,0.2972444444444445,0.44190634920634936
4,balanced_rf_missing_leaf5,1557,0,0.3883317460317462,0.44190634920634936
