window,model,row_index,actual_fail,risk_score,threshold
0,rf_weighted_baseline,851,0,0.03789551905868731,0.14599886696773554
0,rf_weighted_baseline,852,0,0.11283377485016055,0.14599886696773554
0,rf_weighted_baseline,853,0,0.13304543108960892,0.14599886696773554
0,rf_weighted_baseline,854,0,0.07598748421798382,0.14599886696773554
0,rf_weighted_baseline,856,0,0.03857947838023335,0.14599886696773554
0,rf_weighted_baseline,857,0,0.06916712022726781,0.14599886696773554
0,rf_weighted_baseline,858,0,0.07899235004884143,0.14599886696773554
0,rf_weighted_baseline,859,0,0.08949148572170056,0.14599886696773554
0,rf_weighted_baseline,860,0,0.07534819650218845,0.14599886696773554
0,rf_weighted_baseline,861,0,0.06930864045971853,0.14599886696773554
0,rf_weighted_baseline,863,0,0.10411216411916469,0.14599886696773554
0,rf_weighted_baseline,864,0,0.04599363751896036,0.14599886696773554
0,rf_weighted_baseline,867,0,0.08321695787528781,0.14599886696773554
0,rf_weighted_baseline,869,0,0.10719147377975197,0.14599886696773554
0,rf_weighted_baseline,870,0,0.1282751457373893,0.14599886696773554
0,rf_weighted_baseline,871,1,0.19737818701737614,0.14599886696773554
0,rf_weighted_baseline,873,0,0.14148051296857087,0.14599886696773554
0,rf_weighted_baseline,874,0,0.13836989587558857,0.14599886696773554
0,rf_weighted_baseline,875,0,0.08106064631136858,0.14599886696773554
0,rf_weighted_baseline,878,0,0.08798524236381734,0.14599886696773554
0,rf_weighted_baseline,879,0,0.15348630453838358,0.14599886696773554
0,rf_weighted_baseline,880,0,0.16008712817730134,0.14599886696773554
0,rf_weighted_baseline,881,0,0.1452169747389367,0.14599886696773554
0,rf_weighted_baseline,882,0,0.1141267709032256,0.14599886696773554
0,rf_weighted_baseline,883,0,0.1158461956967789,0.14599886696773554
0,rf_weighted_baseline,884,0,0.1368396815343204,0.14599886696773554
0,rf_weighted_baseline,885,0,0.07450603535975688,0.14599886696773554
0,rf_weighted_baseline,886,0,0.10284092158108937,0.14599886696773554
0,rf_weighted_baseline,888,0,0.09189048156697799,0.14599886696773554
0,rf_weighted_baseline,889,0,0.16722951216264814,0.14599886696773554
0,rf_weighted_baseline,890,0,0.0553979843225084,0.14599886696773554
0,rf_weighted_baseline,891,0,0.1180146189549805,0.14599886696773554
0,rf_weighted_baseline,892,0,0.13384681157182798,0.14599886696773554
0,rf_weighted_baseline,894,0,0.11431610938996721,0.14599886696773554
0,rf_weighted_baseline,895,0,0.10294916378035619,0.14599886696773554
0,rf_weighted_baseline,896,0,0.07197874030294853,0.14599886696773554
0,rf_weighted_baseline,897,0,0.17406842623767338,0.14599886696773554
0,rf_weighted_baseline,898,0,0.13885079145140133,0.14599886696773554
0,rf_weighted_baseline,900,0,0.12764924945406064,0.14599886696773554
0,rf_weighted_baseline,901,0,0.07574602601014285,0.14599886696773554
0,rf_weighted_baseline,902,0,0.08049467279383131,0.14599886696773554
0,rf_weighted_baseline,904,0,0.0924244291017398,0.14599886696773554
0,rf_weighted_baseline,906,0,0.08800203427850224,0.14599886696773554
0,rf_weighted_baseline,908,0,0.05223072516701622,0.14599886696773554
0,rf_weighted_baseline,910,0,0.09868093710641644,0.14599886696773554
0,rf_weighted_baseline,911,0,0.0949245926491318,0.14599886696773554
0,rf_weighted_baseline,913,0,0.09576012551227388,0.14599886696773554
0,rf_weighted_baseline,915,0,0.10152870080903668,0.14599886696773554
0,rf_weighted_baseline,916,0,0.11519556593568099,0.14599886696773554
0,rf_weighted_baseline,917,0,0.10398359186879114,0.14599886696773554
0,rf_weighted_baseline,918,0,0.1005676871601089,0.14599886696773554
0,rf_weighted_baseline,919,0,0.05961373167921657,0.14599886696773554
0,rf_weighted_baseline,920,0,0.11230397691937545,0.14599886696773554
0,rf_weighted_baseline,921,0,0.10609928269671667,0.14599886696773554
0,rf_weighted_baseline,922,0,0.09067129651309408,0.14599886696773554
0,rf_weighted_baseline,923,0,0.08455796311811005,0.14599886696773554
0,rf_weighted_baseline,924,1,0.15011872157166997,0.14599886696773554
0,rf_weighted_baseline,925,0,0.14692367367335138,0.14599886696773554
0,rf_weighted_baseline,926,1,0.2089424154062256,0.14599886696773554
0,rf_weighted_baseline,927,0,0.08292943085891429,0.14599886696773554
0,rf_weighted_baseline,929,1,0.08913904853192382,0.14599886696773554
0,rf_weighted_baseline,931,0,0.1028007675695637,0.14599886696773554
0,rf_weighted_baseline,933,0,0.09104245688106177,0.14599886696773554
0,rf_weighted_baseline,934,0,0.0886768798697396,0.14599886696773554
0,rf_weighted_baseline,935,0,0.0685840022452526,0.14599886696773554
0,rf_weighted_baseline,937,0,0.07680489899509224,0.14599886696773554
0,rf_weighted_baseline,938,0,0.11944484929548864,0.14599886696773554
0,rf_weighted_baseline,940,0,0.15273724948096154,0.14599886696773554
0,rf_weighted_baseline,941,0,0.0982045004798547,0.14599886696773554
0,rf_weighted_baseline,942,0,0.08758055561399294,0.14599886696773554
0,rf_weighted_baseline,943,0,0.2005045840137497,0.14599886696773554
0,rf_weighted_baseline,944,0,0.08106055890415499,0.14599886696773554
0,rf_weighted_baseline,945,0,0.08421963888522849,0.14599886696773554
0,rf_weighted_baseline,948,0,0.08293620026698009,0.14599886696773554
0,rf_weighted_baseline,949,0,0.11525838691877285,0.14599886696773554
0,rf_weighted_baseline,950,0,0.09918776957224883,0.14599886696773554
0,rf_weighted_baseline,951,0,0.10835577435988669,0.14599886696773554
0,rf_weighted_baseline,952,0,0.13949120947754162,0.14599886696773554
0,rf_weighted_baseline,955,0,0.09340334228803054,0.14599886696773554
0,rf_weighted_baseline,957,0,0.14366025970600768,0.14599886696773554
0,rf_weighted_baseline,958,0,0.142191161623898,0.14599886696773554
0,rf_weighted_baseline,960,0,0.09022641688822035,0.14599886696773554
0,rf_weighted_baseline,961,0,0.09064445658490711,0.14599886696773554
0,rf_weighted_baseline,962,0,0.06338719678518254,0.14599886696773554
0,rf_weighted_baseline,963,0,0.07397446808510638,0.14599886696773554
0,rf_weighted_baseline,964,0,0.06192494005887611,0.14599886696773554
0,rf_weighted_baseline,965,0,0.09223489588890728,0.14599886696773554
0,rf_weighted_baseline,966,0,0.08804672579573976,0.14599886696773554
0,rf_weighted_baseline,968,0,0.08436524769033231,0.14599886696773554
0,rf_weighted_baseline,969,0,0.09230482174306251,0.14599886696773554
0,rf_weighted_baseline,970,0,0.09195233009335663,0.14599886696773554
0,rf_weighted_baseline,971,0,0.06212834924599894,0.14599886696773554
0,rf_weighted_baseline,974,0,0.07947905869904999,0.14599886696773554
0,rf_weighted_baseline,975,0,0.056510293297146894,0.14599886696773554
0,rf_weighted_baseline,976,0,0.11606712664658206,0.14599886696773554
0,rf_weighted_baseline,977,0,0.12018999175165734,0.14599886696773554
0,rf_weighted_baseline,979,0,0.07051377629858553,0.14599886696773554
0,rf_weighted_baseline,980,0,0.11025224061211837,0.14599886696773554
0,rf_weighted_baseline,981,0,0.0968340601713622,0.14599886696773554
0,rf_weighted_baseline,982,0,0.04948959663125291,0.14599886696773554
0,rf_weighted_baseline,983,0,0.10055275641618347,0.14599886696773554
0,rf_weighted_baseline,984,0,0.11114106477204069,0.14599886696773554
0,rf_weighted_baseline,985,0,0.09190797721725279,0.14599886696773554
0,rf_weighted_baseline,986,0,0.05891455953073435,0.14599886696773554
0,rf_weighted_baseline,987,0,0.06665467655879462,0.14599886696773554
0,rf_weighted_baseline,988,0,0.06553064772544835,0.14599886696773554
0,rf_weighted_baseline,990,0,0.11687519307505581,0.14599886696773554
0,rf_weighted_baseline,991,0,0.13266093063206522,0.14599886696773554
0,rf_weighted_baseline,992,0,0.07387353139415505,0.14599886696773554
0,rf_weighted_baseline,993,0,0.07684139640570128,0.14599886696773554
0,rf_weighted_baseline,994,0,0.06004442183837481,0.14599886696773554
0,rf_weighted_baseline,995,0,0.08922152622736196,0.14599886696773554
0,rf_weighted_baseline,997,0,0.08854988675874827,0.14599886696773554
0,rf_weighted_baseline,998,0,0.10510761759011313,0.14599886696773554
0,rf_weighted_baseline,999,0,0.05649560569336589,0.14599886696773554
0,rf_weighted_baseline,1000,0,0.09111747231810713,0.14599886696773554
0,rf_weighted_baseline,1001,0,0.09940465144723229,0.14599886696773554
0,rf_weighted_baseline,1002,0,0.0679210034580157,0.14599886696773554
0,rf_weighted_baseline,1006,0,0.10410334384607138,0.14599886696773554
0,rf_weighted_baseline,1007,0,0.11113066031058698,0.14599886696773554
0,rf_weighted_baseline,1008,0,0.09575350740731876,0.14599886696773554
0,rf_weighted_baseline,1009,0,0.08213389396528036,0.14599886696773554
0,rf_weighted_baseline,1010,0,0.1271607555661722,0.14599886696773554
0,rf_weighted_baseline,1011,0,0.10376730554473627,0.14599886696773554
0,rf_weighted_baseline,1012,0,0.10161416810497347,0.14599886696773554
0,rf_weighted_baseline,1013,0,0.09349825214000529,0.14599886696773554
0,rf_weighted_baseline,1014,0,0.11843561577856188,0.14599886696773554
0,rf_weighted_baseline,1015,0,0.09602086628465209,0.14599886696773554
0,rf_weighted_baseline,1016,0,0.06685493534029144,0.14599886696773554
0,rf_weighted_baseline,1017,0,0.11838387064954613,0.14599886696773554
0,rf_weighted_baseline,1018,0,0.11299116342037592,0.14599886696773554
0,rf_weighted_baseline,1019,0,0.09679588173543197,0.14599886696773554
0,rf_weighted_baseline,1020,0,0.08334586346484826,0.14599886696773554
0,rf_weighted_baseline,1021,0,0.09520215679183922,0.14599886696773554
0,rf_weighted_baseline,1022,0,0.10505531914893618,0.14599886696773554
0,rf_weighted_baseline,1023,0,0.13971971373225872,0.14599886696773554
0,rf_weighted_baseline,1024,0,0.08085745983835434,0.14599886696773554
0,rf_weighted_baseline,1025,0,0.11994962245680968,0.14599886696773554
0,rf_weighted_baseline,1026,0,0.14205235856461346,0.14599886696773554
0,rf_weighted_baseline,1028,0,0.1838478307392975,0.14599886696773554
0,rf_weighted_baseline,1029,1,0.11628423372326925,0.14599886696773554
0,rf_weighted_baseline,1030,0,0.07557736239474762,0.14599886696773554
0,rf_weighted_baseline,1035,0,0.0873512061952852,0.14599886696773554
0,rf_weighted_baseline,1039,0,0.10505682247286821,0.14599886696773554
0,rf_weighted_baseline,1040,0,0.05658853661543866,0.14599886696773554
0,rf_weighted_baseline,1041,0,0.13417441767240035,0.14599886696773554
0,rf_weighted_baseline,1042,0,0.09098269799552101,0.14599886696773554
0,rf_weighted_baseline,1043,0,0.08299198745546323,0.14599886696773554
0,rf_weighted_baseline,1044,0,0.1415476921303615,0.14599886696773554
0,rf_weighted_baseline,1045,0,0.05605753145860036,0.14599886696773554
0,rf_weighted_baseline,1046,0,0.08465011473835037,0.14599886696773554
0,rf_weighted_baseline,1047,0,0.10259899863405382,0.14599886696773554
0,rf_weighted_baseline,1050,0,0.056955282593891966,0.14599886696773554
0,rf_weighted_baseline,1051,0,0.1108427627548738,0.14599886696773554
0,rf_weighted_baseline,1053,0,0.12672543203979614,0.14599886696773554
0,rf_weighted_baseline,1054,0,0.08533000272283381,0.14599886696773554
0,rf_weighted_baseline,1055,0,0.11416520874367718,0.14599886696773554
0,rf_weighted_baseline,1056,0,0.08895338043147027,0.14599886696773554
0,rf_weighted_baseline,1059,0,0.09776158888505576,0.14599886696773554
0,rf_weighted_baseline,1060,0,0.1397497734119826,0.14599886696773554
0,rf_weighted_baseline,1061,0,0.16908376467312486,0.14599886696773554
0,rf_weighted_baseline,1062,1,0.12434326314827109,0.14599886696773554
0,rf_weighted_baseline,1063,0,0.16469244680386882,0.14599886696773554
0,rf_weighted_baseline,1064,0,0.09820452904559249,0.14599886696773554
0,rf_weighted_baseline,1065,0,0.1833760301880755,0.14599886696773554
0,rf_weighted_baseline,1066,0,0.10163076923076923,0.14599886696773554
0,rf_weighted_baseline,1067,0,0.06828511334381217,0.14599886696773554
0,rf_weighted_baseline,1068,0,0.1315765970612904,0.14599886696773554
0,rf_weighted_baseline,1069,0,0.0704307445153829,0.14599886696773554
0,rf_weighted_baseline,1071,0,0.1389423946306309,0.14599886696773554
0,rf_weighted_baseline,1072,0,0.15399349203720222,0.14599886696773554
0,rf_weighted_baseline,1074,0,0.12304020390070922,0.14599886696773554
0,rf_weighted_baseline,1075,0,0.10123451047919203,0.14599886696773554
0,rf_weighted_baseline,1076,0,0.05379226167941244,0.14599886696773554
0,rf_weighted_baseline,1077,0,0.13917641888500878,0.14599886696773554
0,rf_missing,851,0,0.05828085106382978,0.12093412621758005
0,rf_missing,852,0,0.09949105822668905,0.12093412621758005
0,rf_missing,853,0,0.07835813658607663,0.12093412621758005
0,rf_missing,854,0,0.08039173502201623,0.12093412621758005
0,rf_missing,856,0,0.0812881513004344,0.12093412621758005
0,rf_missing,857,0,0.08755090591238833,0.12093412621758005
0,rf_missing,858,0,0.0825555671754205,0.12093412621758005
0,rf_missing,859,0,0.08472041376711974,0.12093412621758005
0,rf_missing,860,0,0.05618555297304492,0.12093412621758005
0,rf_missing,861,0,0.06940442598954631,0.12093412621758005
0,rf_missing,863,0,0.10020151296346543,0.12093412621758005
0,rf_missing,864,0,0.061235757875639125,0.12093412621758005
0,rf_missing,867,0,0.08512275705849043,0.12093412621758005
0,rf_missing,869,0,0.10416170212765959,0.12093412621758005
0,rf_missing,870,0,0.11385620703816468,0.12093412621758005
0,rf_missing,871,1,0.17731537769878125,0.12093412621758005
0,rf_missing,873,0,0.12256002375595755,0.12093412621758005
0,rf_missing,874,0,0.1342731248969157,0.12093412621758005
0,rf_missing,875,0,0.056875267660941004,0.12093412621758005
0,rf_missing,878,0,0.09014357718538864,0.12093412621758005
0,rf_missing,879,0,0.11503424485383347,0.12093412621758005
0,rf_missing,880,0,0.1505469618902243,0.12093412621758005
0,rf_missing,881,0,0.12294900250141266,0.12093412621758005
0,rf_missing,882,0,0.08973523936170215,0.12093412621758005
0,rf_missing,883,0,0.12776166221539892,0.12093412621758005
0,rf_missing,884,0,0.1672442607243665,0.12093412621758005
0,rf_missing,885,0,0.11441062912777807,0.12093412621758005
0,rf_missing,886,0,0.1382931206231167,0.12093412621758005
0,rf_missing,888,0,0.08109193882043601,0.12093412621758005
0,rf_missing,889,0,0.1141325392505962,0.12093412621758005
0,rf_missing,890,0,0.053613617272587344,0.12093412621758005
0,rf_missing,891,0,0.14589860227685578,0.12093412621758005
0,rf_missing,892,0,0.12335063224954464,0.12093412621758005
0,rf_missing,894,0,0.10745026676653074,0.12093412621758005
0,rf_missing,895,0,0.13567411693546877,0.12093412621758005
0,rf_missing,896,0,0.07593322324457996,0.12093412621758005
0,rf_missing,897,0,0.15580878718102256,0.12093412621758005
0,rf_missing,898,0,0.1271080653541794,0.12093412621758005
0,rf_missing,900,0,0.0883287261598411,0.12093412621758005
0,rf_missing,901,0,0.09426689242633761,0.12093412621758005
0,rf_missing,902,0,0.11003285333494099,0.12093412621758005
0,rf_missing,904,0,0.0438211170549294,0.12093412621758005
0,rf_missing,906,0,0.1177890288530499,0.12093412621758005
0,rf_missing,908,0,0.09707760851511348,0.12093412621758005
0,rf_missing,910,0,0.08978947368421053,0.12093412621758005
0,rf_missing,911,0,0.038641973952555135,0.12093412621758005
0,rf_missing,913,0,0.06063221035069777,0.12093412621758005
0,rf_missing,915,0,0.1074257543278022,0.12093412621758005
0,rf_missing,916,0,0.0963260823313777,0.12093412621758005
0,rf_missing,917,0,0.09591286548247568,0.12093412621758005
0,rf_missing,918,0,0.09669921207176986,0.12093412621758005
0,rf_missing,919,0,0.05660553572993316,0.12093412621758005
0,rf_missing,920,0,0.08028836957366013,0.12093412621758005
0,rf_missing,921,0,0.09874539748784263,0.12093412621758005
0,rf_missing,922,0,0.1158207619731367,0.12093412621758005
0,rf_missing,923,0,0.11310581769636509,0.12093412621758005
0,rf_missing,924,1,0.13895663970602704,0.12093412621758005
0,rf_missing,925,0,0.07174557743767132,0.12093412621758005
0,rf_missing,926,1,0.19799667758993456,0.12093412621758005
0,rf_missing,927,0,0.0384217237012998,0.12093412621758005
0,rf_missing,929,1,0.10600319879776487,0.12093412621758005
0,rf_missing,931,0,0.07373190941302322,0.12093412621758005
0,rf_missing,933,0,0.06116502659574467,0.12093412621758005
0,rf_missing,934,0,0.1140093157484307,0.12093412621758005
0,rf_missing,935,0,0.09253112674639348,0.12093412621758005
0,rf_missing,937,0,0.06148659766415167,0.12093412621758005
0,rf_missing,938,0,0.11485616149203738,0.12093412621758005
0,rf_missing,940,0,0.11163315534379366,0.12093412621758005
0,rf_missing,941,0,0.08593785038798937,0.12093412621758005
0,rf_missing,942,0,0.06893566224255057,0.12093412621758005
0,rf_missing,943,0,0.18538056152866453,0.12093412621758005
0,rf_missing,944,0,0.11153543189479728,0.12093412621758005
0,rf_missing,945,0,0.08748830338787161,0.12093412621758005
0,rf_missing,948,0,0.06749577899185961,0.12093412621758005
0,rf_missing,949,0,0.10047895875262343,0.12093412621758005
0,rf_missing,950,0,0.0721130530226275,0.12093412621758005
0,rf_missing,951,0,0.14876052097433212,0.12093412621758005
0,rf_missing,952,0,0.10873185763896284,0.12093412621758005
0,rf_missing,955,0,0.0808442376376,0.12093412621758005
0,rf_missing,957,0,0.14229641120831416,0.12093412621758005
0,rf_missing,958,0,0.12722287050442974,0.12093412621758005
0,rf_missing,960,0,0.08213236112525407,0.12093412621758005
0,rf_missing,961,0,0.05622828650328568,0.12093412621758005
0,rf_missing,962,0,0.08040224023438725,0.12093412621758005
0,rf_missing,963,0,0.10813672874942554,0.12093412621758005
0,rf_missing,964,0,0.10133548427784964,0.12093412621758005
0,rf_missing,965,0,0.09673473282248783,0.12093412621758005
0,rf_missing,966,0,0.11238547052942964,0.12093412621758005
0,rf_missing,968,0,0.1157271124119783,0.12093412621758005
0,rf_missing,969,0,0.10697883778513442,0.12093412621758005
0,rf_missing,970,0,0.12365076298853538,0.12093412621758005
0,rf_missing,971,0,0.03788936170212766,0.12093412621758005
0,rf_missing,974,0,0.1062087437099999,0.12093412621758005
0,rf_missing,975,0,0.07246182525940045,0.12093412621758005
0,rf_missing,976,0,0.1257358352507751,0.12093412621758005
0,rf_missing,977,0,0.1243336472547546,0.12093412621758005
0,rf_missing,979,0,0.09995189280007165,0.12093412621758005
0,rf_missing,980,0,0.06304892246914144,0.12093412621758005
0,rf_missing,981,0,0.09642027605823811,0.12093412621758005
0,rf_missing,982,0,0.07657237425297723,0.12093412621758005
0,rf_missing,983,0,0.0923989414921144,0.12093412621758005
0,rf_missing,984,0,0.14194314720215415,0.12093412621758005
0,rf_missing,985,0,0.1202742480502394,0.12093412621758005
0,rf_missing,986,0,0.09327796819328264,0.12093412621758005
0,rf_missing,987,0,0.0871136084088501,0.12093412621758005
0,rf_missing,988,0,0.06477310030395136,0.12093412621758005
0,rf_missing,990,0,0.08448241046649928,0.12093412621758005
0,rf_missing,991,0,0.07906997727620939,0.12093412621758005
0,rf_missing,992,0,0.06548645657107537,0.12093412621758005
0,rf_missing,993,0,0.08987423123741482,0.12093412621758005
0,rf_missing,994,0,0.04474745701756422,0.12093412621758005
0,rf_missing,995,0,0.07057245240761477,0.12093412621758005
0,rf_missing,997,0,0.08776651396980467,0.12093412621758005
0,rf_missing,998,0,0.08566673854455635,0.12093412621758005
0,rf_missing,999,0,0.0677248190922504,0.12093412621758005
0,rf_missing,1000,0,0.08309664707343323,0.12093412621758005
0,rf_missing,1001,0,0.08852139972748556,0.12093412621758005
0,rf_missing,1002,0,0.065023969722032,0.12093412621758005
0,rf_missing,1006,0,0.0660257836603441,0.12093412621758005
0,rf_missing,1007,0,0.09923880317756381,0.12093412621758005
0,rf_missing,1008,0,0.09174998161608956,0.12093412621758005
0,rf_missing,1009,0,0.051512880437608134,0.12093412621758005
0,rf_missing,1010,0,0.1014041915816134,0.12093412621758005
0,rf_missing,1011,0,0.0813222997175494,0.12093412621758005
0,rf_missing,1012,0,0.05332964078939321,0.12093412621758005
0,rf_missing,1013,0,0.10378483165772769,0.12093412621758005
0,rf_missing,1014,0,0.10684840042686491,0.12093412621758005
0,rf_missing,1015,0,0.05741029307898235,0.12093412621758005
0,rf_missing,1016,0,0.08130705750093685,0.12093412621758005
0,rf_missing,1017,0,0.16339047262407266,0.12093412621758005
0,rf_missing,1018,0,0.08883851999064765,0.12093412621758005
0,rf_missing,1019,0,0.09119692331988391,0.12093412621758005
0,rf_missing,1020,0,0.07261830714721344,0.12093412621758005
0,rf_missing,1021,0,0.08201633272971554,0.12093412621758005
0,rf_missing,1022,0,0.12861137783367171,0.12093412621758005
0,rf_missing,1023,0,0.13522005518692393,0.12093412621758005
0,rf_missing,1024,0,0.07027992021276595,0.12093412621758005
0,rf_missing,1025,0,0.11292081572787058,0.12093412621758005
0,rf_missing,1026,0,0.06820713202747414,0.12093412621758005
0,rf_missing,1028,0,0.15881633691798294,0.12093412621758005
0,rf_missing,1029,1,0.11550501490310376,0.12093412621758005
0,rf_missing,1030,0,0.07671554367623941,0.12093412621758005
0,rf_missing,1035,0,0.13247490178481383,0.12093412621758005
0,rf_missing,1039,0,0.10291063829787234,0.12093412621758005
0,rf_missing,1040,0,0.09960099591530354,0.12093412621758005
0,rf_missing,1041,0,0.10976111784120718,0.12093412621758005
0,rf_missing,1042,0,0.17646350182567394,0.12093412621758005
0,rf_missing,1043,0,0.09847262676199998,0.12093412621758005
0,rf_missing,1044,0,0.14216399025827814,0.12093412621758005
0,rf_missing,1045,0,0.0658958861505545,0.12093412621758005
0,rf_missing,1046,0,0.0998109624325931,0.12093412621758005
0,rf_missing,1047,0,0.08726408595284325,0.12093412621758005
0,rf_missing,1050,0,0.06840191339257427,0.12093412621758005
0,rf_missing,1051,0,0.09802542394744823,0.12093412621758005
0,rf_missing,1053,0,0.10734408368442704,0.12093412621758005
0,rf_missing,1054,0,0.08246353254871107,0.12093412621758005
0,rf_missing,1055,0,0.14406056848335158,0.12093412621758005
0,rf_missing,1056,0,0.08405502094503926,0.12093412621758005
0,rf_missing,1059,0,0.10162225859247136,0.12093412621758005
0,rf_missing,1060,0,0.11018682399560542,0.12093412621758005
0,rf_missing,1061,0,0.11480105613804463,0.12093412621758005
0,rf_missing,1062,1,0.1115768997120066,0.12093412621758005
0,rf_missing,1063,0,0.15116211892269993,0.12093412621758005
0,rf_missing,1064,0,0.1246332835242777,0.12093412621758005
0,rf_missing,1065,0,0.14287519542008373,0.12093412621758005
0,rf_missing,1066,0,0.09539884681370901,0.12093412621758005
0,rf_missing,1067,0,0.12442038884481198,0.12093412621758005
0,rf_missing,1068,0,0.17749416490533912,0.12093412621758005
0,rf_missing,1069,0,0.08282104188184707,0.12093412621758005
0,rf_missing,1071,0,0.14202361235335273,0.12093412621758005
0,rf_missing,1072,0,0.11836564491975625,0.12093412621758005
0,rf_missing,1074,0,0.14991182728212382,0.12093412621758005
0,rf_missing,1075,0,0.09787416305136655,0.12093412621758005
0,rf_missing,1076,0,0.06238078658929723,0.12093412621758005
0,rf_missing,1077,0,0.13602927433679177,0.12093412621758005
0,rf_missing_pruned,851,0,0.06766889365928651,0.13030326660433214
0,rf_missing_pruned,852,0,0.09951989294751852,0.13030326660433214
0,rf_missing_pruned,853,0,0.07379203294390232,0.13030326660433214
0,rf_missing_pruned,854,0,0.11951249014261957,0.13030326660433214
0,rf_missing_pruned,856,0,0.061730722330170955,0.13030326660433214
0,rf_missing_pruned,857,0,0.09631850314231272,0.13030326660433214
0,rf_missing_pruned,858,0,0.09730329148572579,0.13030326660433214
0,rf_missing_pruned,859,0,0.08713933329848808,0.13030326660433214
0,rf_missing_pruned,860,0,0.07303283568451267,0.13030326660433214
0,rf_missing_pruned,861,0,0.06804271262119639,0.13030326660433214
0,rf_missing_pruned,863,0,0.12344732110742743,0.13030326660433214
0,rf_missing_pruned,864,0,0.07773845648424627,0.13030326660433214
0,rf_missing_pruned,867,0,0.12035202565669058,0.13030326660433214
0,rf_missing_pruned,869,0,0.11858342574652539,0.13030326660433214
0,rf_missing_pruned,870,0,0.1200476789692691,0.13030326660433214
0,rf_missing_pruned,871,1,0.1524009240029649,0.13030326660433214
0,rf_missing_pruned,873,0,0.11385592427626663,0.13030326660433214
0,rf_missing_pruned,874,0,0.12314531642182804,0.13030326660433214
0,rf_missing_pruned,875,0,0.08620940258374397,0.13030326660433214
0,rf_missing_pruned,878,0,0.09471933396431007,0.13030326660433214
0,rf_missing_pruned,879,0,0.0813072934505478,0.13030326660433214
0,rf_missing_pruned,880,0,0.18291485055442555,0.13030326660433214
0,rf_missing_pruned,881,0,0.12691176786788652,0.13030326660433214
0,rf_missing_pruned,882,0,0.13339490058818168,0.13030326660433214
0,rf_missing_pruned,883,0,0.14381928402599645,0.13030326660433214
0,rf_missing_pruned,884,0,0.12410235887747942,0.13030326660433214
0,rf_missing_pruned,885,0,0.061385439530651474,0.13030326660433214
0,rf_missing_pruned,886,0,0.10968932695741096,0.13030326660433214
0,rf_missing_pruned,888,0,0.061721328378882716,0.13030326660433214
0,rf_missing_pruned,889,0,0.07752403986732471,0.13030326660433214
0,rf_missing_pruned,890,0,0.0841706905282219,0.13030326660433214
0,rf_missing_pruned,891,0,0.14372081489342456,0.13030326660433214
0,rf_missing_pruned,892,0,0.13743130552980104,0.13030326660433214
0,rf_missing_pruned,894,0,0.09936293802197976,0.13030326660433214
0,rf_missing_pruned,895,0,0.12859875751690855,0.13030326660433214
0,rf_missing_pruned,896,0,0.1100127279856797,0.13030326660433214
0,rf_missing_pruned,897,0,0.12087310364970308,0.13030326660433214
0,rf_missing_pruned,898,0,0.09913176600203631,0.13030326660433214
0,rf_missing_pruned,900,0,0.10032709071807704,0.13030326660433214
0,rf_missing_pruned,901,0,0.06375029105165742,0.13030326660433214
0,rf_missing_pruned,902,0,0.06399569160803832,0.13030326660433214
0,rf_missing_pruned,904,0,0.08887972307690721,0.13030326660433214
0,rf_missing_pruned,906,0,0.08436547799236253,0.13030326660433214
0,rf_missing_pruned,908,0,0.0786966600327731,0.13030326660433214
0,rf_missing_pruned,910,0,0.09776798443624853,0.13030326660433214
0,rf_missing_pruned,911,0,0.049522247469531086,0.13030326660433214
0,rf_missing_pruned,913,0,0.0686362102452093,0.13030326660433214
0,rf_missing_pruned,915,0,0.09355724825727448,0.13030326660433214
0,rf_missing_pruned,916,0,0.13112295177116562,0.13030326660433214
0,rf_missing_pruned,917,0,0.09135111721147242,0.13030326660433214
0,rf_missing_pruned,918,0,0.08737974622044274,0.13030326660433214
0,rf_missing_pruned,919,0,0.0716434391027898,0.13030326660433214
0,rf_missing_pruned,920,0,0.1331107014236955,0.13030326660433214
0,rf_missing_pruned,921,0,0.0721618562144463,0.13030326660433214
0,rf_missing_pruned,922,0,0.08805359254363958,0.13030326660433214
0,rf_missing_pruned,923,0,0.1390716668748671,0.13030326660433214
0,rf_missing_pruned,924,1,0.14290314709377752,0.13030326660433214
0,rf_missing_pruned,925,0,0.08225700798115987,0.13030326660433214
0,rf_missing_pruned,926,1,0.1371083427811154,0.13030326660433214
0,rf_missing_pruned,927,0,0.0564086647250846,0.13030326660433214
0,rf_missing_pruned,929,1,0.12233657465147983,0.13030326660433214
0,rf_missing_pruned,931,0,0.08355252381173862,0.13030326660433214
0,rf_missing_pruned,933,0,0.09133551103565453,0.13030326660433214
0,rf_missing_pruned,934,0,0.09136174134989525,0.13030326660433214
0,rf_missing_pruned,935,0,0.08174764895209843,0.13030326660433214
0,rf_missing_pruned,937,0,0.05305662793952968,0.13030326660433214
0,rf_missing_pruned,938,0,0.1160912931532901,0.13030326660433214
0,rf_missing_pruned,940,0,0.08525286335070778,0.13030326660433214
0,rf_missing_pruned,941,0,0.09272528931785945,0.13030326660433214
0,rf_missing_pruned,942,0,0.07146248036345332,0.13030326660433214
0,rf_missing_pruned,943,0,0.14862514656333647,0.13030326660433214
0,rf_missing_pruned,944,0,0.10799883229236584,0.13030326660433214
0,rf_missing_pruned,945,0,0.05061208324936345,0.13030326660433214
0,rf_missing_pruned,948,0,0.11430863023179864,0.13030326660433214
0,rf_missing_pruned,949,0,0.10394898026328102,0.13030326660433214
0,rf_missing_pruned,950,0,0.06421723082468107,0.13030326660433214
0,rf_missing_pruned,951,0,0.07735529759903026,0.13030326660433214
0,rf_missing_pruned,952,0,0.11455716327151073,0.13030326660433214
0,rf_missing_pruned,955,0,0.10053219055663253,0.13030326660433214
0,rf_missing_pruned,957,0,0.0939212575987842,0.13030326660433214
0,rf_missing_pruned,958,0,0.09196606396913869,0.13030326660433214
0,rf_missing_pruned,960,0,0.09748070630118591,0.13030326660433214
0,rf_missing_pruned,961,0,0.04483928253441931,0.13030326660433214
0,rf_missing_pruned,962,0,0.05258379032617319,0.13030326660433214
0,rf_missing_pruned,963,0,0.06536170212765957,0.13030326660433214
0,rf_missing_pruned,964,0,0.048069317141228154,0.13030326660433214
0,rf_missing_pruned,965,0,0.07970788193007391,0.13030326660433214
0,rf_missing_pruned,966,0,0.07538824938097183,0.13030326660433214
0,rf_missing_pruned,968,0,0.10713509592600126,0.13030326660433214
0,rf_missing_pruned,969,0,0.12101773583761342,0.13030326660433214
0,rf_missing_pruned,970,0,0.09363843889882216,0.13030326660433214
0,rf_missing_pruned,971,0,0.07683990963028357,0.13030326660433214
0,rf_missing_pruned,974,0,0.10608099165753776,0.13030326660433214
0,rf_missing_pruned,975,0,0.025774449674730398,0.13030326660433214
0,rf_missing_pruned,976,0,0.1081795387472641,0.13030326660433214
0,rf_missing_pruned,977,0,0.13397193417168404,0.13030326660433214
0,rf_missing_pruned,979,0,0.053651063829787224,0.13030326660433214
0,rf_missing_pruned,980,0,0.05608058564551494,0.13030326660433214
0,rf_missing_pruned,981,0,0.0592443601047963,0.13030326660433214
0,rf_missing_pruned,982,0,0.08267371632479349,0.13030326660433214
0,rf_missing_pruned,983,0,0.12979670489367448,0.13030326660433214
0,rf_missing_pruned,984,0,0.08636038467892003,0.13030326660433214
0,rf_missing_pruned,985,0,0.13076359740841864,0.13030326660433214
0,rf_missing_pruned,986,0,0.08787683824056795,0.13030326660433214
0,rf_missing_pruned,987,0,0.04087588024521693,0.13030326660433214
0,rf_missing_pruned,988,0,0.06994042553191489,0.13030326660433214
0,rf_missing_pruned,990,0,0.041473624623843575,0.13030326660433214
0,rf_missing_pruned,991,0,0.09219948709936793,0.13030326660433214
0,rf_missing_pruned,992,0,0.06471332251704592,0.13030326660433214
0,rf_missing_pruned,993,0,0.09589207263431587,0.13030326660433214
0,rf_missing_pruned,994,0,0.04549256774949344,0.13030326660433214
0,rf_missing_pruned,995,0,0.08845152431643287,0.13030326660433214
0,rf_missing_pruned,997,0,0.0860558527263759,0.13030326660433214
0,rf_missing_pruned,998,0,0.07524213145247201,0.13030326660433214
0,rf_missing_pruned,999,0,0.0647152317413887,0.13030326660433214
0,rf_missing_pruned,1000,0,0.09885213995785405,0.13030326660433214
0,rf_missing_pruned,1001,0,0.0910126218059947,0.13030326660433214
0,rf_missing_pruned,1002,0,0.07742710001775402,0.13030326660433214
0,rf_missing_pruned,1006,0,0.05402758928616766,0.13030326660433214
0,rf_missing_pruned,1007,0,0.0787089233972058,0.13030326660433214
0,rf_missing_pruned,1008,0,0.06351539335017332,0.13030326660433214
0,rf_missing_pruned,1009,0,0.09466977715269602,0.13030326660433214
0,rf_missing_pruned,1010,0,0.0946143785525945,0.13030326660433214
0,rf_missing_pruned,1011,0,0.06595568492911776,0.13030326660433214
0,rf_missing_pruned,1012,0,0.04495433047563558,0.13030326660433214
0,rf_missing_pruned,1013,0,0.12054010521474819,0.13030326660433214
0,rf_missing_pruned,1014,0,0.0737777025612183,0.13030326660433214
0,rf_missing_pruned,1015,0,0.08743392635491902,0.13030326660433214
0,rf_missing_pruned,1016,0,0.0895137846790108,0.13030326660433214
0,rf_missing_pruned,1017,0,0.10731518788704536,0.13030326660433214
0,rf_missing_pruned,1018,0,0.08737968081326034,0.13030326660433214
0,rf_missing_pruned,1019,0,0.1278248624822456,0.13030326660433214
0,rf_missing_pruned,1020,0,0.10479639727213215,0.13030326660433214
0,rf_missing_pruned,1021,0,0.11411540856375599,0.13030326660433214
0,rf_missing_pruned,1022,0,0.1063654021540983,0.13030326660433214
0,rf_missing_pruned,1023,0,0.10687752005794021,0.13030326660433214
0,rf_missing_pruned,1024,0,0.08589041264206677,0.13030326660433214
0,rf_missing_pruned,1025,0,0.1679462355287359,0.13030326660433214
0,rf_missing_pruned,1026,0,0.15303029220917216,0.13030326660433214
0,rf_missing_pruned,1028,0,0.14731603666718504,0.13030326660433214
0,rf_missing_pruned,1029,1,0.08638908841315199,0.13030326660433214
0,rf_missing_pruned,1030,0,0.09257983552672122,0.13030326660433214
0,rf_missing_pruned,1035,0,0.12675810407405386,0.13030326660433214
0,rf_missing_pruned,1039,0,0.08221769590941827,0.13030326660433214
0,rf_missing_pruned,1040,0,0.10822245606360703,0.13030326660433214
0,rf_missing_pruned,1041,0,0.08841979796845216,0.13030326660433214
0,rf_missing_pruned,1042,0,0.1160579692555754,0.13030326660433214
0,rf_missing_pruned,1043,0,0.08099320698787203,0.13030326660433214
0,rf_missing_pruned,1044,0,0.1632143532053001,0.13030326660433214
0,rf_missing_pruned,1045,0,0.10545788551080504,0.13030326660433214
0,rf_missing_pruned,1046,0,0.10654430033246698,0.13030326660433214
0,rf_missing_pruned,1047,0,0.1145960595237851,0.13030326660433214
0,rf_missing_pruned,1050,0,0.10135816520471186,0.13030326660433214
0,rf_missing_pruned,1051,0,0.10428822051678519,0.13030326660433214
0,rf_missing_pruned,1053,0,0.10358236024732165,0.13030326660433214
0,rf_missing_pruned,1054,0,0.07899721295830268,0.13030326660433214
0,rf_missing_pruned,1055,0,0.177307043973064,0.13030326660433214
0,rf_missing_pruned,1056,0,0.0708251642786453,0.13030326660433214
0,rf_missing_pruned,1059,0,0.12167877005295887,0.13030326660433214
0,rf_missing_pruned,1060,0,0.16444683649131875,0.13030326660433214
0,rf_missing_pruned,1061,0,0.15574081124248243,0.13030326660433214
0,rf_missing_pruned,1062,1,0.07575259324023322,0.13030326660433214
0,rf_missing_pruned,1063,0,0.12987475654128486,0.13030326660433214
0,rf_missing_pruned,1064,0,0.14249278455636105,0.13030326660433214
0,rf_missing_pruned,1065,0,0.14795485110937756,0.13030326660433214
0,rf_missing_pruned,1066,0,0.09983678871446161,0.13030326660433214
0,rf_missing_pruned,1067,0,0.13872898130296765,0.13030326660433214
0,rf_missing_pruned,1068,0,0.14548488765256828,0.13030326660433214
0,rf_missing_pruned,1069,0,0.09010638022508809,0.13030326660433214
0,rf_missing_pruned,1071,0,0.15105734572296345,0.13030326660433214
0,rf_missing_pruned,1072,0,0.15587033444236192,0.13030326660433214
0,rf_missing_pruned,1074,0,0.104070101333802,0.13030326660433214
0,rf_missing_pruned,1075,0,0.07347362931853223,0.13030326660433214
0,rf_missing_pruned,1076,0,0.08211930057337818,0.13030326660433214
0,rf_missing_pruned,1077,0,0.18174367113964754,0.13030326660433214
0,balanced_rf,851,0,0.3103333333333333,0.41400000000000003
0,balanced_rf,852,0,0.33,0.41400000000000003
0,balanced_rf,853,0,0.3926666666666666,0.41400000000000003
0,balanced_rf,854,0,0.3066666666666667,0.41400000000000003
0,balanced_rf,856,0,0.26533333333333337,0.41400000000000003
0,balanced_rf,857,0,0.248,0.41400000000000003
0,balanced_rf,858,0,0.39,0.41400000000000003
0,balanced_rf,859,0,0.32,0.41400000000000003
0,balanced_rf,860,0,0.31200000000000006,0.41400000000000003
0,balanced_rf,861,0,0.302,0.41400000000000003
0,balanced_rf,863,0,0.388,0.41400000000000003
0,balanced_rf,864,0,0.294,0.41400000000000003
0,balanced_rf,867,0,0.3133333333333333,0.41400000000000003
0,balanced_rf,869,0,0.3846666666666666,0.41400000000000003
0,balanced_rf,870,0,0.44999999999999996,0.41400000000000003
0,balanced_rf,871,1,0.5183333333333333,0.41400000000000003
0,balanced_rf,873,0,0.36333333333333334,0.41400000000000003
0,balanced_rf,874,0,0.39466666666666667,0.41400000000000003
0,balanced_rf,875,0,0.32933333333333337,0.41400000000000003
0,balanced_rf,878,0,0.4013333333333333,0.41400000000000003
0,balanced_rf,879,0,0.3993333333333333,0.41400000000000003
0,balanced_rf,880,0,0.5253333333333332,0.41400000000000003
0,balanced_rf,881,0,0.43566666666666665,0.41400000000000003
0,balanced_rf,882,0,0.35933333333333334,0.41400000000000003
0,balanced_rf,883,0,0.4026666666666666,0.41400000000000003
0,balanced_rf,884,0,0.4473333333333334,0.41400000000000003
0,balanced_rf,885,0,0.3293333333333333,0.41400000000000003
0,balanced_rf,886,0,0.3913333333333333,0.41400000000000003
0,balanced_rf,888,0,0.37866666666666665,0.41400000000000003
0,balanced_rf,889,0,0.43866666666666665,0.41400000000000003
0,balanced_rf,890,0,0.2706666666666666,0.41400000000000003
0,balanced_rf,891,0,0.44266666666666665,0.41400000000000003
0,balanced_rf,892,0,0.4533333333333333,0.41400000000000003
0,balanced_rf,894,0,0.3686666666666667,0.41400000000000003
0,balanced_rf,895,0,0.4466666666666667,0.41400000000000003
0,balanced_rf,896,0,0.35733333333333334,0.41400000000000003
0,balanced_rf,897,0,0.4813333333333334,0.41400000000000003
0,balanced_rf,898,0,0.4526666666666666,0.41400000000000003
0,balanced_rf,900,0,0.388,0.41400000000000003
0,balanced_rf,901,0,0.3173333333333333,0.41400000000000003
0,balanced_rf,902,0,0.3426666666666667,0.41400000000000003
0,balanced_rf,904,0,0.3653333333333334,0.41400000000000003
0,balanced_rf,906,0,0.3386666666666666,0.41400000000000003
0,balanced_rf,908,0,0.3373333333333333,0.41400000000000003
0,balanced_rf,910,0,0.3433333333333333,0.41400000000000003
0,balanced_rf,911,0,0.26566666666666666,0.41400000000000003
0,balanced_rf,913,0,0.31999999999999995,0.41400000000000003
0,balanced_rf,915,0,0.4086666666666667,0.41400000000000003
0,balanced_rf,916,0,0.408,0.41400000000000003
0,balanced_rf,917,0,0.39866666666666667,0.41400000000000003
0,balanced_rf,918,0,0.39,0.41400000000000003
0,balanced_rf,919,0,0.3426666666666666,0.41400000000000003
0,balanced_rf,920,0,0.3426666666666666,0.41400000000000003
0,balanced_rf,921,0,0.3286666666666666,0.41400000000000003
0,balanced_rf,922,0,0.384,0.41400000000000003
0,balanced_rf,923,0,0.3453333333333334,0.41400000000000003
0,balanced_rf,924,1,0.44799999999999995,0.41400000000000003
0,balanced_rf,925,0,0.41866666666666663,0.41400000000000003
0,balanced_rf,926,1,0.4926666666666667,0.41400000000000003
0,balanced_rf,927,0,0.294,0.41400000000000003
0,balanced_rf,929,1,0.41133333333333333,0.41400000000000003
0,balanced_rf,931,0,0.3213333333333333,0.41400000000000003
0,balanced_rf,933,0,0.376,0.41400000000000003
0,balanced_rf,934,0,0.4166666666666667,0.41400000000000003
0,balanced_rf,935,0,0.33166666666666667,0.41400000000000003
0,balanced_rf,937,0,0.30933333333333335,0.41400000000000003
0,balanced_rf,938,0,0.426,0.41400000000000003
0,balanced_rf,940,0,0.45466666666666666,0.41400000000000003
0,balanced_rf,941,0,0.388,0.41400000000000003
0,balanced_rf,942,0,0.3906666666666666,0.41400000000000003
0,balanced_rf,943,0,0.4699999999999999,0.41400000000000003
0,balanced_rf,944,0,0.42466666666666664,0.41400000000000003
0,balanced_rf,945,0,0.3216666666666667,0.41400000000000003
0,balanced_rf,948,0,0.3499999999999999,0.41400000000000003
0,balanced_rf,949,0,0.38866666666666666,0.41400000000000003
0,balanced_rf,950,0,0.334,0.41400000000000003
0,balanced_rf,951,0,0.4533333333333333,0.41400000000000003
0,balanced_rf,952,0,0.47966666666666663,0.41400000000000003
0,balanced_rf,955,0,0.25666666666666665,0.41400000000000003
0,balanced_rf,957,0,0.3743333333333333,0.41400000000000003
0,balanced_rf,958,0,0.424,0.41400000000000003
0,balanced_rf,960,0,0.35266666666666663,0.41400000000000003
0,balanced_rf,961,0,0.314,0.41400000000000003
0,balanced_rf,962,0,0.3746666666666667,0.41400000000000003
0,balanced_rf,963,0,0.30399999999999994,0.41400000000000003
0,balanced_rf,964,0,0.3193333333333333,0.41400000000000003
0,balanced_rf,965,0,0.3479999999999999,0.41400000000000003
0,balanced_rf,966,0,0.428,0.41400000000000003
0,balanced_rf,968,0,0.37999999999999995,0.41400000000000003
0,balanced_rf,969,0,0.3413333333333333,0.41400000000000003
0,balanced_rf,970,0,0.4226666666666667,0.41400000000000003
0,balanced_rf,971,0,0.3393333333333333,0.41400000000000003
0,balanced_rf,974,0,0.30799999999999994,0.41400000000000003
0,balanced_rf,975,0,0.2826666666666667,0.41400000000000003
0,balanced_rf,976,0,0.4206666666666667,0.41400000000000003
0,balanced_rf,977,0,0.4326666666666667,0.41400000000000003
0,balanced_rf,979,0,0.392,0.41400000000000003
0,balanced_rf,980,0,0.34933333333333333,0.41400000000000003
0,balanced_rf,981,0,0.3373333333333334,0.41400000000000003
0,balanced_rf,982,0,0.34933333333333333,0.41400000000000003
0,balanced_rf,983,0,0.4613333333333334,0.41400000000000003
0,balanced_rf,984,0,0.424,0.41400000000000003
0,balanced_rf,985,0,0.38466666666666677,0.41400000000000003
0,balanced_rf,986,0,0.319,0.41400000000000003
0,balanced_rf,987,0,0.23333333333333334,0.41400000000000003
0,balanced_rf,988,0,0.304,0.41400000000000003
0,balanced_rf,990,0,0.416,0.41400000000000003
0,balanced_rf,991,0,0.42133333333333334,0.41400000000000003
0,balanced_rf,992,0,0.3206666666666667,0.41400000000000003
0,balanced_rf,993,0,0.38866666666666666,0.41400000000000003
0,balanced_rf,994,0,0.23533333333333334,0.41400000000000003
0,balanced_rf,995,0,0.396,0.41400000000000003
0,balanced_rf,997,0,0.4086666666666666,0.41400000000000003
0,balanced_rf,998,0,0.32800000000000007,0.41400000000000003
0,balanced_rf,999,0,0.3433333333333334,0.41400000000000003
0,balanced_rf,1000,0,0.37066666666666664,0.41400000000000003
0,balanced_rf,1001,0,0.38666666666666666,0.41400000000000003
0,balanced_rf,1002,0,0.3713333333333333,0.41400000000000003
0,balanced_rf,1006,0,0.3859999999999999,0.41400000000000003
0,balanced_rf,1007,0,0.4163333333333334,0.41400000000000003
0,balanced_rf,1008,0,0.34533333333333327,0.41400000000000003
0,balanced_rf,1009,0,0.29666666666666663,0.41400000000000003
0,balanced_rf,1010,0,0.45666666666666667,0.41400000000000003
0,balanced_rf,1011,0,0.3866666666666666,0.41400000000000003
0,balanced_rf,1012,0,0.38800000000000007,0.41400000000000003
0,balanced_rf,1013,0,0.4353333333333333,0.41400000000000003
0,balanced_rf,1014,0,0.38333333333333336,0.41400000000000003
0,balanced_rf,1015,0,0.3126666666666667,0.41400000000000003
0,balanced_rf,1016,0,0.3443333333333333,0.41400000000000003
0,balanced_rf,1017,0,0.39,0.41400000000000003
0,balanced_rf,1018,0,0.4686666666666666,0.41400000000000003
0,balanced_rf,1019,0,0.426,0.41400000000000003
0,balanced_rf,1020,0,0.3126666666666667,0.41400000000000003
0,balanced_rf,1021,0,0.3966666666666666,0.41400000000000003
0,balanced_rf,1022,0,0.4406666666666667,0.41400000000000003
0,balanced_rf,1023,0,0.41700000000000004,0.41400000000000003
0,balanced_rf,1024,0,0.33199999999999996,0.41400000000000003
0,balanced_rf,1025,0,0.3933333333333333,0.41400000000000003
0,balanced_rf,1026,0,0.4126666666666667,0.41400000000000003
0,balanced_rf,1028,0,0.4206666666666667,0.41400000000000003
0,balanced_rf,1029,1,0.3366666666666667,0.41400000000000003
0,balanced_rf,1030,0,0.3793333333333333,0.41400000000000003
0,balanced_rf,1035,0,0.36666666666666664,0.41400000000000003
0,balanced_rf,1039,0,0.36666666666666664,0.41400000000000003
0,balanced_rf,1040,0,0.31333333333333335,0.41400000000000003
0,balanced_rf,1041,0,0.3953333333333333,0.41400000000000003
0,balanced_rf,1042,0,0.36733333333333335,0.41400000000000003
0,balanced_rf,1043,0,0.36800000000000005,0.41400000000000003
0,balanced_rf,1044,0,0.47666666666666674,0.41400000000000003
0,balanced_rf,1045,0,0.3333333333333333,0.41400000000000003
0,balanced_rf,1046,0,0.33666666666666667,0.41400000000000003
0,balanced_rf,1047,0,0.34133333333333327,0.41400000000000003
0,balanced_rf,1050,0,0.3940000000000001,0.41400000000000003
0,balanced_rf,1051,0,0.3413333333333333,0.41400000000000003
0,balanced_rf,1053,0,0.4073333333333333,0.41400000000000003
0,balanced_rf,1054,0,0.412,0.41400000000000003
0,balanced_rf,1055,0,0.44800000000000006,0.41400000000000003
0,balanced_rf,1056,0,0.35,0.41400000000000003
0,balanced_rf,1059,0,0.39666666666666667,0.41400000000000003
0,balanced_rf,1060,0,0.38600000000000007,0.41400000000000003
0,balanced_rf,1061,0,0.4906666666666667,0.41400000000000003
0,balanced_rf,1062,1,0.4266666666666667,0.41400000000000003
0,balanced_rf,1063,0,0.4673333333333334,0.41400000000000003
0,balanced_rf,1064,0,0.39399999999999996,0.41400000000000003
0,balanced_rf,1065,0,0.4423333333333333,0.41400000000000003
0,balanced_rf,1066,0,0.41,0.41400000000000003
0,balanced_rf,1067,0,0.39466666666666667,0.41400000000000003
0,balanced_rf,1068,0,0.36266666666666664,0.41400000000000003
0,balanced_rf,1069,0,0.328,0.41400000000000003
0,balanced_rf,1071,0,0.45666666666666667,0.41400000000000003
0,balanced_rf,1072,0,0.4473333333333333,0.41400000000000003
0,balanced_rf,1074,0,0.43,0.41400000000000003
0,balanced_rf,1075,0,0.30933333333333335,0.41400000000000003
0,balanced_rf,1076,0,0.308,0.41400000000000003
0,balanced_rf,1077,0,0.49066666666666664,0.41400000000000003
0,balanced_rf_missing,851,0,0.33533333333333337,0.391
0,balanced_rf_missing,852,0,0.3533333333333334,0.391
0,balanced_rf_missing,853,0,0.33799999999999997,0.391
0,balanced_rf_missing,854,0,0.30866666666666664,0.391
0,balanced_rf_missing,856,0,0.37266666666666665,0.391
0,balanced_rf_missing,857,0,0.294,0.391
0,balanced_rf_missing,858,0,0.35400000000000004,0.391
0,balanced_rf_missing,859,0,0.35000000000000003,0.391
0,balanced_rf_missing,860,0,0.2946666666666667,0.391
0,balanced_rf_missing,861,0,0.25733333333333336,0.391
0,balanced_rf_missing,863,0,0.386,0.391
0,balanced_rf_missing,864,0,0.3286666666666666,0.391
0,balanced_rf_missing,867,0,0.40133333333333326,0.391
0,balanced_rf_missing,869,0,0.40399999999999997,0.391
0,balanced_rf_missing,870,0,0.4060000000000001,0.391
0,balanced_rf_missing,871,1,0.5186666666666666,0.391
0,balanced_rf_missing,873,0,0.45333333333333325,0.391
0,balanced_rf_missing,874,0,0.37599999999999995,0.391
0,balanced_rf_missing,875,0,0.30366666666666664,0.391
0,balanced_rf_missing,878,0,0.3526666666666666,0.391
0,balanced_rf_missing,879,0,0.3813333333333333,0.391
0,balanced_rf_missing,880,0,0.4893333333333333,0.391
0,balanced_rf_missing,881,0,0.3846666666666666,0.391
0,balanced_rf_missing,882,0,0.3626666666666667,0.391
0,balanced_rf_missing,883,0,0.4086666666666667,0.391
0,balanced_rf_missing,884,0,0.388,0.391
0,balanced_rf_missing,885,0,0.3526666666666667,0.391
0,balanced_rf_missing,886,0,0.36666666666666664,0.391
0,balanced_rf_missing,888,0,0.324,0.391
0,balanced_rf_missing,889,0,0.43866666666666665,0.391
0,balanced_rf_missing,890,0,0.31333333333333335,0.391
0,balanced_rf_missing,891,0,0.36599999999999994,0.391
0,balanced_rf_missing,892,0,0.4163333333333334,0.391
0,balanced_rf_missing,894,0,0.35666666666666663,0.391
0,balanced_rf_missing,895,0,0.3786666666666666,0.391
0,balanced_rf_missing,896,0,0.33666666666666667,0.391
0,balanced_rf_missing,897,0,0.37266666666666676,0.391
0,balanced_rf_missing,898,0,0.3893333333333333,0.391
0,balanced_rf_missing,900,0,0.38466666666666677,0.391
0,balanced_rf_missing,901,0,0.3086666666666667,0.391
0,balanced_rf_missing,902,0,0.3466666666666667,0.391
0,balanced_rf_missing,904,0,0.3539999999999999,0.391
0,balanced_rf_missing,906,0,0.32533333333333336,0.391
0,balanced_rf_missing,908,0,0.35266666666666663,0.391
0,balanced_rf_missing,910,0,0.328,0.391
0,balanced_rf_missing,911,0,0.2859999999999999,0.391
0,balanced_rf_missing,913,0,0.334,0.391
0,balanced_rf_missing,915,0,0.37,0.391
0,balanced_rf_missing,916,0,0.32666666666666666,0.391
0,balanced_rf_missing,917,0,0.37,0.391
0,balanced_rf_missing,918,0,0.37300000000000005,0.391
0,balanced_rf_missing,919,0,0.3313333333333333,0.391
0,balanced_rf_missing,920,0,0.424,0.391
0,balanced_rf_missing,921,0,0.34600000000000003,0.391
0,balanced_rf_missing,922,0,0.414,0.391
0,balanced_rf_missing,923,0,0.3713333333333333,0.391
0,balanced_rf_missing,924,1,0.39166666666666655,0.391
0,balanced_rf_missing,925,0,0.4126666666666667,0.391
0,balanced_rf_missing,926,1,0.41999999999999993,0.391
0,balanced_rf_missing,927,0,0.2853333333333333,0.391
0,balanced_rf_missing,929,1,0.346,0.391
0,balanced_rf_missing,931,0,0.32066666666666677,0.391
0,balanced_rf_missing,933,0,0.3343333333333333,0.391
0,balanced_rf_missing,934,0,0.4033333333333333,0.391
0,balanced_rf_missing,935,0,0.3106666666666667,0.391
0,balanced_rf_missing,937,0,0.322,0.391
0,balanced_rf_missing,938,0,0.422,0.391
0,balanced_rf_missing,940,0,0.3663333333333333,0.391
0,balanced_rf_missing,941,0,0.3666666666666667,0.391
0,balanced_rf_missing,942,0,0.3426666666666667,0.391
0,balanced_rf_missing,943,0,0.456,0.391
0,balanced_rf_missing,944,0,0.3733333333333334,0.391
0,balanced_rf_missing,945,0,0.26466666666666666,0.391
0,balanced_rf_missing,948,0,0.2833333333333334,0.391
0,balanced_rf_missing,949,0,0.3653333333333334,0.391
0,balanced_rf_missing,950,0,0.3380000000000001,0.391
0,balanced_rf_missing,951,0,0.428,0.391
0,balanced_rf_missing,952,0,0.41600000000000004,0.391
0,balanced_rf_missing,955,0,0.30266666666666664,0.391
0,balanced_rf_missing,957,0,0.40800000000000003,0.391
0,balanced_rf_missing,958,0,0.359,0.391
0,balanced_rf_missing,960,0,0.3463333333333333,0.391
0,balanced_rf_missing,961,0,0.2866666666666667,0.391
0,balanced_rf_missing,962,0,0.3293333333333333,0.391
0,balanced_rf_missing,963,0,0.31733333333333336,0.391
0,balanced_rf_missing,964,0,0.324,0.391
0,balanced_rf_missing,965,0,0.3153333333333333,0.391
0,balanced_rf_missing,966,0,0.327,0.391
0,balanced_rf_missing,968,0,0.3453333333333333,0.391
0,balanced_rf_missing,969,0,0.3360000000000001,0.391
0,balanced_rf_missing,970,0,0.3996666666666666,0.391
0,balanced_rf_missing,971,0,0.368,0.391
0,balanced_rf_missing,974,0,0.31000000000000005,0.391
0,balanced_rf_missing,975,0,0.224,0.391
0,balanced_rf_missing,976,0,0.344,0.391
0,balanced_rf_missing,977,0,0.44366666666666676,0.391
0,balanced_rf_missing,979,0,0.372,0.391
0,balanced_rf_missing,980,0,0.33266666666666667,0.391
0,balanced_rf_missing,981,0,0.39933333333333343,0.391
0,balanced_rf_missing,982,0,0.30966666666666665,0.391
0,balanced_rf_missing,983,0,0.363,0.391
0,balanced_rf_missing,984,0,0.3626666666666667,0.391
0,balanced_rf_missing,985,0,0.35333333333333333,0.391
0,balanced_rf_missing,986,0,0.30866666666666664,0.391
0,balanced_rf_missing,987,0,0.286,0.391
0,balanced_rf_missing,988,0,0.424,0.391
0,balanced_rf_missing,990,0,0.39866666666666667,0.391
0,balanced_rf_missing,991,0,0.38333333333333336,0.391
0,balanced_rf_missing,992,0,0.282,0.391
0,balanced_rf_missing,993,0,0.3793333333333333,0.391
0,balanced_rf_missing,994,0,0.29466666666666663,0.391
0,balanced_rf_missing,995,0,0.32700000000000007,0.391
0,balanced_rf_missing,997,0,0.3573333333333334,0.391
0,balanced_rf_missing,998,0,0.31533333333333324,0.391
0,balanced_rf_missing,999,0,0.322,0.391
0,balanced_rf_missing,1000,0,0.30599999999999994,0.391
0,balanced_rf_missing,1001,0,0.3586666666666667,0.391
0,balanced_rf_missing,1002,0,0.3529999999999999,0.391
0,balanced_rf_missing,1006,0,0.38933333333333336,0.391
0,balanced_rf_missing,1007,0,0.3106666666666667,0.391
0,balanced_rf_missing,1008,0,0.32,0.391
0,balanced_rf_missing,1009,0,0.29466666666666663,0.391
0,balanced_rf_missing,1010,0,0.3613333333333334,0.391
0,balanced_rf_missing,1011,0,0.3673333333333333,0.391
0,balanced_rf_missing,1012,0,0.3496666666666667,0.391
0,balanced_rf_missing,1013,0,0.32199999999999995,0.391
0,balanced_rf_missing,1014,0,0.3593333333333333,0.391
0,balanced_rf_missing,1015,0,0.2906666666666667,0.391
0,balanced_rf_missing,1016,0,0.35666666666666663,0.391
0,balanced_rf_missing,1017,0,0.35,0.391
0,balanced_rf_missing,1018,0,0.4186666666666667,0.391
0,balanced_rf_missing,1019,0,0.3443333333333334,0.391
0,balanced_rf_missing,1020,0,0.37599999999999995,0.391
0,balanced_rf_missing,1021,0,0.36866666666666664,0.391
0,balanced_rf_missing,1022,0,0.3686666666666667,0.391
0,balanced_rf_missing,1023,0,0.42266666666666663,0.391
0,balanced_rf_missing,1024,0,0.3893333333333333,0.391
0,balanced_rf_missing,1025,0,0.3446666666666666,0.391
0,balanced_rf_missing,1026,0,0.4073333333333333,0.391
0,balanced_rf_missing,1028,0,0.4373333333333333,0.391
0,balanced_rf_missing,1029,1,0.4093333333333333,0.391
0,balanced_rf_missing,1030,0,0.37666666666666665,0.391
0,balanced_rf_missing,1035,0,0.39066666666666666,0.391
0,balanced_rf_missing,1039,0,0.38,0.391
0,balanced_rf_missing,1040,0,0.308,0.391
0,balanced_rf_missing,1041,0,0.422,0.391
0,balanced_rf_missing,1042,0,0.39266666666666666,0.391
0,balanced_rf_missing,1043,0,0.4053333333333333,0.391
0,balanced_rf_missing,1044,0,0.4079999999999999,0.391
0,balanced_rf_missing,1045,0,0.32399999999999995,0.391
0,balanced_rf_missing,1046,0,0.3946666666666667,0.391
0,balanced_rf_missing,1047,0,0.4233333333333334,0.391
0,balanced_rf_missing,1050,0,0.35933333333333334,0.391
0,balanced_rf_missing,1051,0,0.376,0.391
0,balanced_rf_missing,1053,0,0.4013333333333333,0.391
0,balanced_rf_missing,1054,0,0.4079999999999999,0.391
0,balanced_rf_missing,1055,0,0.4973333333333333,0.391
0,balanced_rf_missing,1056,0,0.32,0.391
0,balanced_rf_missing,1059,0,0.456,0.391
0,balanced_rf_missing,1060,0,0.43866666666666676,0.391
0,balanced_rf_missing,1061,0,0.468,0.391
0,balanced_rf_missing,1062,1,0.3846666666666667,0.391
0,balanced_rf_missing,1063,0,0.43499999999999994,0.391
0,balanced_rf_missing,1064,0,0.4306666666666667,0.391
0,balanced_rf_missing,1065,0,0.43066666666666664,0.391
0,balanced_rf_missing,1066,0,0.44266666666666665,0.391
0,balanced_rf_missing,1067,0,0.446,0.391
0,balanced_rf_missing,1068,0,0.3493333333333334,0.391
0,balanced_rf_missing,1069,0,0.31266666666666665,0.391
0,balanced_rf_missing,1071,0,0.42999999999999994,0.391
0,balanced_rf_missing,1072,0,0.36666666666666664,0.391
0,balanced_rf_missing,1074,0,0.397,0.391
0,balanced_rf_missing,1075,0,0.3406666666666667,0.391
0,balanced_rf_missing,1076,0,0.346,0.391
0,balanced_rf_missing,1077,0,0.42533333333333334,0.391
0,balanced_rf_missing_leaf5,851,0,0.3472126984126986,0.3955095238095238
0,balanced_rf_missing_leaf5,852,0,0.37195555555555554,0.3955095238095238
0,balanced_rf_missing_leaf5,853,0,0.41276984126984145,0.3955095238095238
0,balanced_rf_missing_leaf5,854,0,0.3586238095238095,0.3955095238095238
0,balanced_rf_missing_leaf5,856,0,0.3477587301587302,0.3955095238095238
0,balanced_rf_missing_leaf5,857,0,0.2687571428571429,0.3955095238095238
0,balanced_rf_missing_leaf5,858,0,0.3532841269841271,0.3955095238095238
0,balanced_rf_missing_leaf5,859,0,0.3513380952380952,0.3955095238095238
0,balanced_rf_missing_leaf5,860,0,0.32900793650793647,0.3955095238095238
0,balanced_rf_missing_leaf5,861,0,0.30187460317460324,0.3955095238095238
0,balanced_rf_missing_leaf5,863,0,0.39659523809523806,0.3955095238095238
0,balanced_rf_missing_leaf5,864,0,0.34175396825396825,0.3955095238095238
0,balanced_rf_missing_leaf5,867,0,0.3673539682539682,0.3955095238095238
0,balanced_rf_missing_leaf5,869,0,0.43565079365079346,0.3955095238095238
0,balanced_rf_missing_leaf5,870,0,0.4507142857142858,0.3955095238095238
0,balanced_rf_missing_leaf5,871,1,0.5264365079365076,0.3955095238095238
0,balanced_rf_missing_leaf5,873,0,0.4546936507936507,0.3955095238095238
0,balanced_rf_missing_leaf5,874,0,0.4275222222222221,0.3955095238095238
0,balanced_rf_missing_leaf5,875,0,0.3306301587301588,0.3955095238095238
0,balanced_rf_missing_leaf5,878,0,0.37940793650793636,0.3955095238095238
0,balanced_rf_missing_leaf5,879,0,0.39241746031746044,0.3955095238095238
0,balanced_rf_missing_leaf5,880,0,0.48872857142857146,0.3955095238095238
0,balanced_rf_missing_leaf5,881,0,0.4061365079365078,0.3955095238095238
0,balanced_rf_missing_leaf5,882,0,0.3627349206349206,0.3955095238095238
0,balanced_rf_missing_leaf5,883,0,0.39173968253968233,0.3955095238095238
0,balanced_rf_missing_leaf5,884,0,0.4073190476190477,0.3955095238095238
0,balanced_rf_missing_leaf5,885,0,0.35500317460317476,0.3955095238095238
0,balanced_rf_missing_leaf5,886,0,0.3625222222222223,0.3955095238095238
0,balanced_rf_missing_leaf5,888,0,0.36204285714285733,0.3955095238095238
0,balanced_rf_missing_leaf5,889,0,0.4407000000000001,0.3955095238095238
0,balanced_rf_missing_leaf5,890,0,0.3126126984126984,0.3955095238095238
0,balanced_rf_missing_leaf5,891,0,0.40296031746031746,0.3955095238095238
0,balanced_rf_missing_leaf5,892,0,0.4348444444444443,0.3955095238095238
0,balanced_rf_missing_leaf5,894,0,0.391211111111111,0.3955095238095238
0,balanced_rf_missing_leaf5,895,0,0.424684126984127,0.3955095238095238
0,balanced_rf_missing_leaf5,896,0,0.3779285714285714,0.3955095238095238
0,balanced_rf_missing_leaf5,897,0,0.40283015873015887,0.3955095238095238
0,balanced_rf_missing_leaf5,898,0,0.3729936507936509,0.3955095238095238
0,balanced_rf_missing_leaf5,900,0,0.40083650793650794,0.3955095238095238
0,balanced_rf_missing_leaf5,901,0,0.34088095238095245,0.3955095238095238
0,balanced_rf_missing_leaf5,902,0,0.3792031746031746,0.3955095238095238
0,balanced_rf_missing_leaf5,904,0,0.349373015873016,0.3955095238095238
0,balanced_rf_missing_leaf5,906,0,0.37278412698412694,0.3955095238095238
0,balanced_rf_missing_leaf5,908,0,0.36991269841269847,0.3955095238095238
0,balanced_rf_missing_leaf5,910,0,0.3208428571428571,0.3955095238095238
0,balanced_rf_missing_leaf5,911,0,0.2951666666666666,0.3955095238095238
0,balanced_rf_missing_leaf5,913,0,0.3111285714285713,0.3955095238095238
0,balanced_rf_missing_leaf5,915,0,0.38057777777777774,0.3955095238095238
0,balanced_rf_missing_leaf5,916,0,0.44488095238095243,0.3955095238095238
0,balanced_rf_missing_leaf5,917,0,0.3770714285714288,0.3955095238095238
0,balanced_rf_missing_leaf5,918,0,0.3864126984126985,0.3955095238095238
0,balanced_rf_missing_leaf5,919,0,0.3285666666666668,0.3955095238095238
0,balanced_rf_missing_leaf5,920,0,0.37362698412698403,0.3955095238095238
0,balanced_rf_missing_leaf5,921,0,0.36421904761904755,0.3955095238095238
0,balanced_rf_missing_leaf5,922,0,0.41749206349206347,0.3955095238095238
0,balanced_rf_missing_leaf5,923,0,0.3830333333333333,0.3955095238095238
0,balanced_rf_missing_leaf5,924,1,0.40244126984127,0.3955095238095238
0,balanced_rf_missing_leaf5,925,0,0.40824920634920625,0.3955095238095238
0,balanced_rf_missing_leaf5,926,1,0.4930238095238095,0.3955095238095238
0,balanced_rf_missing_leaf5,927,0,0.295963492063492,0.3955095238095238
0,balanced_rf_missing_leaf5,929,1,0.3567650793650793,0.3955095238095238
0,balanced_rf_missing_leaf5,931,0,0.3544063492063492,0.3955095238095238
0,balanced_rf_missing_leaf5,933,0,0.3756412698412699,0.3955095238095238
0,balanced_rf_missing_leaf5,934,0,0.4011285714285716,0.3955095238095238
0,balanced_rf_missing_leaf5,935,0,0.2941555555555555,0.3955095238095238
0,balanced_rf_missing_leaf5,937,0,0.3282523809523809,0.3955095238095238
0,balanced_rf_missing_leaf5,938,0,0.4131984126984127,0.3955095238095238
0,balanced_rf_missing_leaf5,940,0,0.40003015873015885,0.3955095238095238
0,balanced_rf_missing_leaf5,941,0,0.38683650793650787,0.3955095238095238
0,balanced_rf_missing_leaf5,942,0,0.3922111111111113,0.3955095238095238
0,balanced_rf_missing_leaf5,943,0,0.48339999999999983,0.3955095238095238
0,balanced_rf_missing_leaf5,944,0,0.3855873015873015,0.3955095238095238
0,balanced_rf_missing_leaf5,945,0,0.3202920634920635,0.3955095238095238
0,balanced_rf_missing_leaf5,948,0,0.34700476190476176,0.3955095238095238
0,balanced_rf_missing_leaf5,949,0,0.4144079365079364,0.3955095238095238
0,balanced_rf_missing_leaf5,950,0,0.3885666666666666,0.3955095238095238
0,balanced_rf_missing_leaf5,951,0,0.4198936507936506,0.3955095238095238
0,balanced_rf_missing_leaf5,952,0,0.39624444444444445,0.3955095238095238
0,balanced_rf_missing_leaf5,955,0,0.3280428571428572,0.3955095238095238
0,balanced_rf_missing_leaf5,957,0,0.3786142857142855,0.3955095238095238
0,balanced_rf_missing_leaf5,958,0,0.4037269841269842,0.3955095238095238
0,balanced_rf_missing_leaf5,960,0,0.3670857142857143,0.3955095238095238
0,balanced_rf_missing_leaf5,961,0,0.3246730158730158,0.3955095238095238
0,balanced_rf_missing_leaf5,962,0,0.34582222222222225,0.3955095238095238
0,balanced_rf_missing_leaf5,963,0,0.3627968253968254,0.3955095238095238
0,balanced_rf_missing_leaf5,964,0,0.38766031746031754,0.3955095238095238
0,balanced_rf_missing_leaf5,965,0,0.3274396825396827,0.3955095238095238
0,balanced_rf_missing_leaf5,966,0,0.37132063492063505,0.3955095238095238
0,balanced_rf_missing_leaf5,968,0,0.3385825396825397,0.3955095238095238
0,balanced_rf_missing_leaf5,969,0,0.36338412698412725,0.3955095238095238
0,balanced_rf_missing_leaf5,970,0,0.46810158730158724,0.3955095238095238
0,balanced_rf_missing_leaf5,971,0,0.40273015873015866,0.3955095238095238
0,balanced_rf_missing_leaf5,974,0,0.3098253968253969,0.3955095238095238
0,balanced_rf_missing_leaf5,975,0,0.2731428571428572,0.3955095238095238
0,balanced_rf_missing_leaf5,976,0,0.38822539682539686,0.3955095238095238
0,balanced_rf_missing_leaf5,977,0,0.4059492063492062,0.3955095238095238
0,balanced_rf_missing_leaf5,979,0,0.37601904761904764,0.3955095238095238
0,balanced_rf_missing_leaf5,980,0,0.3655174603174603,0.3955095238095238
0,balanced_rf_missing_leaf5,981,0,0.3854301587301589,0.3955095238095238
0,balanced_rf_missing_leaf5,982,0,0.3641841269841269,0.3955095238095238
0,balanced_rf_missing_leaf5,983,0,0.41415396825396844,0.3955095238095238
0,balanced_rf_missing_leaf5,984,0,0.36085079365079376,0.3955095238095238
0,balanced_rf_missing_leaf5,985,0,0.4219857142857142,0.3955095238095238
0,balanced_rf_missing_leaf5,986,0,0.3541539682539682,0.3955095238095238
0,balanced_rf_missing_leaf5,987,0,0.29666031746031735,0.3955095238095238
0,balanced_rf_missing_leaf5,988,0,0.3806539682539684,0.3955095238095238
0,balanced_rf_missing_leaf5,990,0,0.4191317460317462,0.3955095238095238
0,balanced_rf_missing_leaf5,991,0,0.40725555555555565,0.3955095238095238
0,balanced_rf_missing_leaf5,992,0,0.30842063492063504,0.3955095238095238
0,balanced_rf_missing_leaf5,993,0,0.40699206349206385,0.3955095238095238
0,balanced_rf_missing_leaf5,994,0,0.2957238095238098,0.3955095238095238
0,balanced_rf_missing_leaf5,995,0,0.35756031746031736,0.3955095238095238
0,balanced_rf_missing_leaf5,997,0,0.3851095238095237,0.3955095238095238
0,balanced_rf_missing_leaf5,998,0,0.37690952380952386,0.3955095238095238
0,balanced_rf_missing_leaf5,999,0,0.3375873015873015,0.3955095238095238
0,balanced_rf_missing_leaf5,1000,0,0.33315873015873,0.3955095238095238
0,balanced_rf_missing_leaf5,1001,0,0.4090174603174602,0.3955095238095238
0,balanced_rf_missing_leaf5,1002,0,0.36134444444444447,0.3955095238095238
0,balanced_rf_missing_leaf5,1006,0,0.32243333333333335,0.3955095238095238
0,balanced_rf_missing_leaf5,1007,0,0.37283333333333335,0.3955095238095238
0,balanced_rf_missing_leaf5,1008,0,0.3719809523809524,0.3955095238095238
0,balanced_rf_missing_leaf5,1009,0,0.2893333333333333,0.3955095238095238
0,balanced_rf_missing_leaf5,1010,0,0.4213793650793651,0.3955095238095238
0,balanced_rf_missing_leaf5,1011,0,0.4030428571428571,0.3955095238095238
0,balanced_rf_missing_leaf5,1012,0,0.4077825396825396,0.3955095238095238
0,balanced_rf_missing_leaf5,1013,0,0.3591904761904762,0.3955095238095238
0,balanced_rf_missing_leaf5,1014,0,0.4033571428571427,0.3955095238095238
0,balanced_rf_missing_leaf5,1015,0,0.3282269841269841,0.3955095238095238
0,balanced_rf_missing_leaf5,1016,0,0.36350634920634917,0.3955095238095238
0,balanced_rf_missing_leaf5,1017,0,0.36465555555555557,0.3955095238095238
0,balanced_rf_missing_leaf5,1018,0,0.4106015873015873,0.3955095238095238
0,balanced_rf_missing_leaf5,1019,0,0.39933809523809544,0.3955095238095238
0,balanced_rf_missing_leaf5,1020,0,0.3527936507936508,0.3955095238095238
0,balanced_rf_missing_leaf5,1021,0,0.37674285714285716,0.3955095238095238
0,balanced_rf_missing_leaf5,1022,0,0.4151492063492063,0.3955095238095238
0,balanced_rf_missing_leaf5,1023,0,0.415442857142857,0.3955095238095238
0,balanced_rf_missing_leaf5,1024,0,0.37624920634920617,0.3955095238095238
0,balanced_rf_missing_leaf5,1025,0,0.3909253968253968,0.3955095238095238
0,balanced_rf_missing_leaf5,1026,0,0.402415873015873,0.3955095238095238
0,balanced_rf_missing_leaf5,1028,0,0.4526142857142858,0.3955095238095238
0,balanced_rf_missing_leaf5,1029,1,0.41966825396825397,0.3955095238095238
0,balanced_rf_missing_leaf5,1030,0,0.37122380952380957,0.3955095238095238
0,balanced_rf_missing_leaf5,1035,0,0.39307460317460335,0.3955095238095238
0,balanced_rf_missing_leaf5,1039,0,0.36878253968253966,0.3955095238095238
0,balanced_rf_missing_leaf5,1040,0,0.33966825396825406,0.3955095238095238
0,balanced_rf_missing_leaf5,1041,0,0.46104126984126975,0.3955095238095238
0,balanced_rf_missing_leaf5,1042,0,0.38483174603174614,0.3955095238095238
0,balanced_rf_missing_leaf5,1043,0,0.3581158730158731,0.3955095238095238
0,balanced_rf_missing_leaf5,1044,0,0.47281587301587313,0.3955095238095238
0,balanced_rf_missing_leaf5,1045,0,0.34834603174603174,0.3955095238095238
0,balanced_rf_missing_leaf5,1046,0,0.41074444444444447,0.3955095238095238
0,balanced_rf_missing_leaf5,1047,0,0.3803396825396824,0.3955095238095238
0,balanced_rf_missing_leaf5,1050,0,0.3315190476190476,0.3955095238095238
0,balanced_rf_missing_leaf5,1051,0,0.3779031746031745,0.3955095238095238
0,balanced_rf_missing_leaf5,1053,0,0.413984126984127,0.3955095238095238
0,balanced_rf_missing_leaf5,1054,0,0.4419253968253966,0.3955095238095238
0,balanced_rf_missing_leaf5,1055,0,0.4793396825396825,0.3955095238095238
0,balanced_rf_missing_leaf5,1056,0,0.35919999999999996,0.3955095238095238
0,balanced_rf_missing_leaf5,1059,0,0.40890476190476194,0.3955095238095238
0,balanced_rf_missing_leaf5,1060,0,0.45027777777777783,0.3955095238095238
0,balanced_rf_missing_leaf5,1061,0,0.4710460317460315,0.3955095238095238
0,balanced_rf_missing_leaf5,1062,1,0.413409523809524,0.3955095238095238
0,balanced_rf_missing_leaf5,1063,0,0.45053333333333334,0.3955095238095238
0,balanced_rf_missing_leaf5,1064,0,0.42811904761904757,0.3955095238095238
0,balanced_rf_missing_leaf5,1065,0,0.47824920634920626,0.3955095238095238
0,balanced_rf_missing_leaf5,1066,0,0.43694603174603175,0.3955095238095238
0,balanced_rf_missing_leaf5,1067,0,0.420136507936508,0.3955095238095238
0,balanced_rf_missing_leaf5,1068,0,0.34776507936507944,0.3955095238095238
0,balanced_rf_missing_leaf5,1069,0,0.34966349206349207,0.3955095238095238
0,balanced_rf_missing_leaf5,1071,0,0.430536507936508,0.3955095238095238
0,balanced_rf_missing_leaf5,1072,0,0.3784857142857143,0.3955095238095238
0,balanced_rf_missing_leaf5,1074,0,0.37482698412698434,0.3955095238095238
0,balanced_rf_missing_leaf5,1075,0,0.32875238095238096,0.3955095238095238
0,balanced_rf_missing_leaf5,1076,0,0.35008730158730167,0.3955095238095238
0,balanced_rf_missing_leaf5,1077,0,0.4168492063492063,0.3955095238095238
1,rf_weighted_baseline,1078,0,0.06476833021922142,0.13949458249887473
1,rf_weighted_baseline,1079,0,0.08060741690495145,0.13949458249887473
1,rf_weighted_baseline,1082,0,0.07428796912138012,0.13949458249887473
1,rf_weighted_baseline,1083,0,0.05718288741075988,0.13949458249887473
1,rf_weighted_baseline,1084,0,0.08336694680065451,0.13949458249887473
1,rf_weighted_baseline,1085,0,0.05713236093423237,0.13949458249887473
1,rf_weighted_baseline,1086,0,0.06324513620043182,0.13949458249887473
1,rf_weighted_baseline,1087,0,0.09274949781153598,0.13949458249887473
1,rf_weighted_baseline,1088,0,0.08314054288563139,0.13949458249887473
1,rf_weighted_baseline,1089,0,0.06928696386046256,0.13949458249887473
1,rf_weighted_baseline,1091,0,0.09514426596778891,0.13949458249887473
1,rf_weighted_baseline,1093,0,0.06422507590564476,0.13949458249887473
1,rf_weighted_baseline,1096,0,0.0429984544049459,0.13949458249887473
1,rf_weighted_baseline,1100,0,0.06703367090571329,0.13949458249887473
1,rf_weighted_baseline,1101,0,0.05636675549482825,0.13949458249887473
1,rf_weighted_baseline,1102,0,0.05311113738764794,0.13949458249887473
1,rf_weighted_baseline,1104,0,0.07228602527675285,0.13949458249887473
1,rf_weighted_baseline,1105,0,0.04982495667460914,0.13949458249887473
1,rf_weighted_baseline,1107,0,0.06507962830640546,0.13949458249887473
1,rf_weighted_baseline,1108,0,0.056987662830348056,0.13949458249887473
1,rf_weighted_baseline,1109,0,0.10337733137326076,0.13949458249887473
1,rf_weighted_baseline,1110,0,0.08845564781491669,0.13949458249887473
1,rf_weighted_baseline,1111,0,0.0880257672460435,0.13949458249887473
1,rf_weighted_baseline,1112,0,0.08885888320175639,0.13949458249887473
1,rf_weighted_baseline,1113,0,0.049738543651951565,0.13949458249887473
1,rf_weighted_baseline,1114,0,0.10248050558018429,0.13949458249887473
1,rf_weighted_baseline,1115,0,0.08530898798463528,0.13949458249887473
1,rf_weighted_baseline,1117,0,0.07098485855220883,0.13949458249887473
1,rf_weighted_baseline,1118,0,0.060482637612234456,0.13949458249887473
1,rf_weighted_baseline,1119,0,0.06324867370372181,0.13949458249887473
1,rf_weighted_baseline,1120,0,0.07690187794366059,0.13949458249887473
1,rf_weighted_baseline,1121,0,0.0766222114370843,0.13949458249887473
1,rf_weighted_baseline,1124,0,0.08440119631243274,0.13949458249887473
1,rf_weighted_baseline,1125,0,0.033791922358373146,0.13949458249887473
1,rf_weighted_baseline,1126,0,0.06923429689706033,0.13949458249887473
1,rf_weighted_baseline,1127,0,0.07696439446884691,0.13949458249887473
1,rf_weighted_baseline,1128,0,0.059616020803628864,0.13949458249887473
1,rf_weighted_baseline,1130,0,0.08022021737941942,0.13949458249887473
1,rf_weighted_baseline,1131,0,0.10182191393526764,0.13949458249887473
1,rf_weighted_baseline,1132,0,0.11312736569787053,0.13949458249887473
1,rf_weighted_baseline,1133,0,0.04349108585333601,0.13949458249887473
1,rf_weighted_baseline,1135,0,0.10913510106204942,0.13949458249887473
1,rf_weighted_baseline,1136,0,0.05830431716304502,0.13949458249887473
1,rf_weighted_baseline,1139,0,0.06702754211310019,0.13949458249887473
1,rf_weighted_baseline,1141,0,0.049374024461521844,0.13949458249887473
1,rf_weighted_baseline,1143,0,0.0768852871797913,0.13949458249887473
1,rf_weighted_baseline,1144,1,0.1220250066092135,0.13949458249887473
1,rf_weighted_baseline,1145,0,0.06001876408639861,0.13949458249887473
1,rf_weighted_baseline,1146,0,0.10464925528664376,0.13949458249887473
1,rf_weighted_baseline,1147,0,0.11458586457289732,0.13949458249887473
1,rf_weighted_baseline,1149,0,0.07667565962359207,0.13949458249887473
1,rf_weighted_baseline,1151,1,0.0849038978852189,0.13949458249887473
1,rf_weighted_baseline,1153,0,0.09623354518390756,0.13949458249887473
1,rf_weighted_baseline,1154,0,0.09665638280176465,0.13949458249887473
1,rf_weighted_baseline,1155,0,0.13273318339188653,0.13949458249887473
1,rf_weighted_baseline,1158,0,0.05301659633099275,0.13949458249887473
1,rf_weighted_baseline,1159,0,0.029499274803097816,0.13949458249887473
1,rf_weighted_baseline,1160,0,0.0758581090136259,0.13949458249887473
1,rf_weighted_baseline,1161,0,0.09330945933290394,0.13949458249887473
1,rf_weighted_baseline,1163,0,0.051869417715250596,0.13949458249887473
1,rf_weighted_baseline,1164,0,0.044358930503125255,0.13949458249887473
1,rf_weighted_baseline,1165,0,0.0686764470357905,0.13949458249887473
1,rf_weighted_baseline,1167,0,0.04929635106805206,0.13949458249887473
1,rf_weighted_baseline,1168,0,0.124033933188061,0.13949458249887473
1,rf_weighted_baseline,1169,0,0.042530665821314186,0.13949458249887473
1,rf_weighted_baseline,1170,0,0.03490998053465957,0.13949458249887473
1,rf_weighted_baseline,1171,0,0.10100944399789309,0.13949458249887473
1,rf_weighted_baseline,1172,0,0.1270396982480327,0.13949458249887473
1,rf_weighted_baseline,1173,0,0.08632367984331764,0.13949458249887473
1,rf_weighted_baseline,1174,0,0.10425108021127258,0.13949458249887473
1,rf_weighted_baseline,1176,0,0.08616444451543227,0.13949458249887473
1,rf_weighted_baseline,1177,0,0.09472111156775384,0.13949458249887473
1,rf_weighted_baseline,1178,0,0.07183930477014576,0.13949458249887473
1,rf_weighted_baseline,1179,0,0.06864429415500241,0.13949458249887473
1,rf_weighted_baseline,1180,0,0.06191739358706717,0.13949458249887473
1,rf_weighted_baseline,1181,0,0.04119732486830468,0.13949458249887473
1,rf_weighted_baseline,1182,0,0.07472139639115248,0.13949458249887473
1,rf_weighted_baseline,1183,0,0.0998925681821676,0.13949458249887473
1,rf_weighted_baseline,1185,1,0.062044021128779166,0.13949458249887473
1,rf_weighted_baseline,1186,0,0.06417585575660494,0.13949458249887473
1,rf_weighted_baseline,1187,0,0.08915218078360525,0.13949458249887473
1,rf_weighted_baseline,1188,0,0.06889774613414422,0.13949458249887473
1,rf_weighted_baseline,1190,0,0.053513667888973035,0.13949458249887473
1,rf_weighted_baseline,1192,0,0.08794729688854985,0.13949458249887473
1,rf_weighted_baseline,1193,0,0.055347703026685395,0.13949458249887473
1,rf_weighted_baseline,1194,0,0.11026872177319882,0.13949458249887473
1,rf_weighted_baseline,1195,0,0.07527224886335851,0.13949458249887473
1,rf_weighted_baseline,1196,0,0.08340298403073983,0.13949458249887473
1,rf_weighted_baseline,1198,0,0.0539684329719642,0.13949458249887473
1,rf_weighted_baseline,1199,0,0.038062299119015645,0.13949458249887473
1,rf_weighted_baseline,1200,0,0.11728240968702486,0.13949458249887473
1,rf_weighted_baseline,1201,0,0.09602217302250121,0.13949458249887473
1,rf_weighted_baseline,1202,0,0.09868376458028574,0.13949458249887473
1,rf_weighted_baseline,1203,0,0.11244844354233005,0.13949458249887473
1,rf_weighted_baseline,1206,0,0.15566930555282488,0.13949458249887473
1,rf_weighted_baseline,1207,0,0.10379877719241963,0.13949458249887473
1,rf_weighted_baseline,1210,0,0.13560823646984124,0.13949458249887473
1,rf_weighted_baseline,1211,1,0.05724298628956287,0.13949458249887473
1,rf_weighted_baseline,1214,0,0.04870151825059081,0.13949458249887473
1,rf_weighted_baseline,1215,0,0.058242480037646316,0.13949458249887473
1,rf_weighted_baseline,1216,0,0.09616587737770234,0.13949458249887473
1,rf_weighted_baseline,1217,0,0.11798519170364515,0.13949458249887473
1,rf_weighted_baseline,1220,0,0.05044535235222187,0.13949458249887473
1,rf_weighted_baseline,1221,0,0.062091184239804836,0.13949458249887473
1,rf_weighted_baseline,1223,0,0.09196790395572822,0.13949458249887473
1,rf_weighted_baseline,1224,0,0.07735159321012572,0.13949458249887473
1,rf_weighted_baseline,1227,1,0.06523250436675537,0.13949458249887473
1,rf_weighted_baseline,1228,0,0.08932239561721131,0.13949458249887473
1,rf_weighted_baseline,1230,0,0.11862879603921574,0.13949458249887473
1,rf_weighted_baseline,1232,0,0.07993725366949853,0.13949458249887473
1,rf_weighted_baseline,1233,0,0.14608616966593077,0.13949458249887473
1,rf_weighted_baseline,1234,0,0.08149081260408594,0.13949458249887473
1,rf_weighted_baseline,1235,0,0.1000288924503559,0.13949458249887473
1,rf_weighted_baseline,1238,1,0.08028322289484632,0.13949458249887473
1,rf_weighted_baseline,1240,0,0.08526075674855346,0.13949458249887473
1,rf_weighted_baseline,1241,1,0.09417453236789991,0.13949458249887473
1,rf_weighted_baseline,1243,0,0.08553944641282109,0.13949458249887473
1,rf_weighted_baseline,1244,0,0.09676319981585481,0.13949458249887473
1,rf_weighted_baseline,1246,0,0.0839738294803985,0.13949458249887473
1,rf_weighted_baseline,1247,0,0.060172735445299774,0.13949458249887473
1,rf_weighted_baseline,1248,0,0.08518016875496842,0.13949458249887473
1,rf_weighted_baseline,1250,0,0.0886431086897636,0.13949458249887473
1,rf_weighted_baseline,1251,0,0.0851147987369431,0.13949458249887473
1,rf_weighted_baseline,1252,0,0.1153424411911842,0.13949458249887473
1,rf_weighted_baseline,1253,0,0.1217289600710667,0.13949458249887473
1,rf_weighted_baseline,1255,0,0.15590345579550755,0.13949458249887473
1,rf_weighted_baseline,1256,0,0.06512874330566848,0.13949458249887473
1,rf_weighted_baseline,1257,0,0.11943099621940953,0.13949458249887473
1,rf_weighted_baseline,1258,0,0.06107957464393265,0.13949458249887473
1,rf_weighted_baseline,1260,0,0.07327465432383626,0.13949458249887473
1,rf_weighted_baseline,1261,0,0.08362204121842229,0.13949458249887473
1,rf_weighted_baseline,1262,0,0.08508452071448934,0.13949458249887473
1,rf_weighted_baseline,1263,0,0.12203253799124214,0.13949458249887473
1,rf_weighted_baseline,1264,0,0.06897482248421638,0.13949458249887473
1,rf_weighted_baseline,1265,0,0.0638067493655372,0.13949458249887473
1,rf_weighted_baseline,1266,0,0.08941576506955176,0.13949458249887473
1,rf_weighted_baseline,1267,0,0.1183326764877414,0.13949458249887473
1,rf_weighted_baseline,1269,0,0.06148979406254323,0.13949458249887473
1,rf_weighted_baseline,1270,0,0.06246662270125914,0.13949458249887473
1,rf_weighted_baseline,1273,0,0.05092599231818051,0.13949458249887473
1,rf_weighted_baseline,1275,0,0.11281242371497532,0.13949458249887473
1,rf_weighted_baseline,1276,0,0.09585672582986654,0.13949458249887473
1,rf_weighted_baseline,1277,0,0.06452757059356583,0.13949458249887473
1,rf_weighted_baseline,1278,0,0.054268022263716034,0.13949458249887473
1,rf_weighted_baseline,1279,0,0.078654214006986,0.13949458249887473
1,rf_weighted_baseline,1280,0,0.12304114503767553,0.13949458249887473
1,rf_weighted_baseline,1281,0,0.05857442767192751,0.13949458249887473
1,rf_weighted_baseline,1284,0,0.06844231377426865,0.13949458249887473
1,rf_weighted_baseline,1285,0,0.07348064571905541,0.13949458249887473
1,rf_weighted_baseline,1286,0,0.06161621208380409,0.13949458249887473
1,rf_weighted_baseline,1287,0,0.07696796177831484,0.13949458249887473
1,rf_weighted_baseline,1288,0,0.03906267909816357,0.13949458249887473
1,rf_weighted_baseline,1289,0,0.08466044082374896,0.13949458249887473
1,rf_weighted_baseline,1290,0,0.0851018456747531,0.13949458249887473
1,rf_weighted_baseline,1291,0,0.04900530363760036,0.13949458249887473
1,rf_weighted_baseline,1292,0,0.09423291252641594,0.13949458249887473
1,rf_weighted_baseline,1293,0,0.09774005332033839,0.13949458249887473
1,rf_weighted_baseline,1296,0,0.049379080609703196,0.13949458249887473
1,rf_weighted_baseline,1297,0,0.16527886458268604,0.13949458249887473
1,rf_weighted_baseline,1298,0,0.08524499226067689,0.13949458249887473
1,rf_weighted_baseline,1299,0,0.08499536321483771,0.13949458249887473
1,rf_weighted_baseline,1300,0,0.07982481537172784,0.13949458249887473
1,rf_weighted_baseline,1301,0,0.06913352887742756,0.13949458249887473
1,rf_weighted_baseline,1302,1,0.0952187858162046,0.13949458249887473
1,rf_weighted_baseline,1303,1,0.09184698293633914,0.13949458249887473
1,rf_weighted_baseline,1304,0,0.11534622137160519,0.13949458249887473
1,rf_weighted_baseline,1306,0,0.079693799795627,0.13949458249887473
1,rf_weighted_baseline,1308,0,0.04993263352845259,0.13949458249887473
1,rf_weighted_baseline,1311,0,0.06278749707979145,0.13949458249887473
1,rf_weighted_baseline,1312,0,0.06130497066697518,0.13949458249887473
1,rf_weighted_baseline,1313,0,0.06646614791522322,0.13949458249887473
1,rf_weighted_baseline,1317,0,0.050220154390502404,0.13949458249887473
1,rf_weighted_baseline,1318,0,0.07554791820036806,0.13949458249887473
1,rf_weighted_baseline,1319,0,0.04504765493542672,0.13949458249887473
1,rf_weighted_baseline,1320,0,0.11940913351181932,0.13949458249887473
1,rf_missing,1078,0,0.03572179289026275,0.11068922485206036
1,rf_missing,1079,0,0.04926825962525089,0.11068922485206036
1,rf_missing,1082,0,0.09849449297742072,0.11068922485206036
1,rf_missing,1083,0,0.04905303006708292,0.11068922485206036
1,rf_missing,1084,0,0.062173816043868055,0.11068922485206036
1,rf_missing,1085,0,0.03271387226494767,0.11068922485206036
1,rf_missing,1086,0,0.09133120031420731,0.11068922485206036
1,rf_missing,1087,0,0.1354850318031173,0.11068922485206036
1,rf_missing,1088,0,0.08719460843377874,0.11068922485206036
1,rf_missing,1089,0,0.04156404361402815,0.11068922485206036
1,rf_missing,1091,0,0.08182082593849385,0.11068922485206036
1,rf_missing,1093,0,0.0677709648014957,0.11068922485206036
1,rf_missing,1096,0,0.03386085674433579,0.11068922485206036
1,rf_missing,1100,0,0.054210649445756515,0.11068922485206036
1,rf_missing,1101,0,0.05244745354027767,0.11068922485206036
1,rf_missing,1102,0,0.0737931682435845,0.11068922485206036
1,rf_missing,1104,0,0.07659508824658062,0.11068922485206036
1,rf_missing,1105,0,0.058193174285519844,0.11068922485206036
1,rf_missing,1107,0,0.07018882366807018,0.11068922485206036
1,rf_missing,1108,0,0.07127047913446677,0.11068922485206036
1,rf_missing,1109,0,0.08852440600541601,0.11068922485206036
1,rf_missing,1110,0,0.10342608535223942,0.11068922485206036
1,rf_missing,1111,0,0.094357540449238,0.11068922485206036
1,rf_missing,1112,0,0.09043208760270352,0.11068922485206036
1,rf_missing,1113,0,0.08399034336794278,0.11068922485206036
1,rf_missing,1114,0,0.08052558112637763,0.11068922485206036
1,rf_missing,1115,0,0.07383343258978647,0.11068922485206036
1,rf_missing,1117,0,0.0458595997916204,0.11068922485206036
1,rf_missing,1118,0,0.09323115435053536,0.11068922485206036
1,rf_missing,1119,0,0.0452908010588527,0.11068922485206036
1,rf_missing,1120,0,0.09053568489234598,0.11068922485206036
1,rf_missing,1121,0,0.10201260254914059,0.11068922485206036
1,rf_missing,1124,0,0.09191333326261542,0.11068922485206036
1,rf_missing,1125,0,0.06472508212863759,0.11068922485206036
1,rf_missing,1126,0,0.0490783418994944,0.11068922485206036
1,rf_missing,1127,0,0.04892309689736401,0.11068922485206036
1,rf_missing,1128,0,0.04933037393387461,0.11068922485206036
1,rf_missing,1130,0,0.08913774864356842,0.11068922485206036
1,rf_missing,1131,0,0.08081640326988564,0.11068922485206036
1,rf_missing,1132,0,0.09518463751289007,0.11068922485206036
1,rf_missing,1133,0,0.07773081923950816,0.11068922485206036
1,rf_missing,1135,0,0.08633543226000563,0.11068922485206036
1,rf_missing,1136,0,0.053688156993560436,0.11068922485206036
1,rf_missing,1139,0,0.07414203532682456,0.11068922485206036
1,rf_missing,1141,0,0.1017563995875518,0.11068922485206036
1,rf_missing,1143,0,0.08876836706220652,0.11068922485206036
1,rf_missing,1144,1,0.07440365506081924,0.11068922485206036
1,rf_missing,1145,0,0.04574579984103458,0.11068922485206036
1,rf_missing,1146,0,0.11522015619088699,0.11068922485206036
1,rf_missing,1147,0,0.07449185635784568,0.11068922485206036
1,rf_missing,1149,0,0.07820091350518013,0.11068922485206036
1,rf_missing,1151,1,0.10147236939062156,0.11068922485206036
1,rf_missing,1153,0,0.08445299850920374,0.11068922485206036
1,rf_missing,1154,0,0.0716092950579018,0.11068922485206036
1,rf_missing,1155,0,0.06896347798839841,0.11068922485206036
1,rf_missing,1158,0,0.04088112462728661,0.11068922485206036
1,rf_missing,1159,0,0.02267379632579798,0.11068922485206036
1,rf_missing,1160,0,0.06452544167411858,0.11068922485206036
1,rf_missing,1161,0,0.06096435951261631,0.11068922485206036
1,rf_missing,1163,0,0.07067085276145915,0.11068922485206036
1,rf_missing,1164,0,0.08005857352023361,0.11068922485206036
1,rf_missing,1165,0,0.07197619092512002,0.11068922485206036
1,rf_missing,1167,0,0.051549746612921415,0.11068922485206036
1,rf_missing,1168,0,0.03856851627104186,0.11068922485206036
1,rf_missing,1169,0,0.03737546452700428,0.11068922485206036
1,rf_missing,1170,0,0.060195205135528417,0.11068922485206036
1,rf_missing,1171,0,0.11154114875303425,0.11068922485206036
1,rf_missing,1172,0,0.05851344627023095,0.11068922485206036
1,rf_missing,1173,0,0.1126366691739032,0.11068922485206036
1,rf_missing,1174,0,0.09115767034935017,0.11068922485206036
1,rf_missing,1176,0,0.040011076158199155,0.11068922485206036
1,rf_missing,1177,0,0.05367719583942345,0.11068922485206036
1,rf_missing,1178,0,0.08012585349292274,0.11068922485206036
1,rf_missing,1179,0,0.044755619346876344,0.11068922485206036
1,rf_missing,1180,0,0.0879794135942744,0.11068922485206036
1,rf_missing,1181,0,0.06901509378746515,0.11068922485206036
1,rf_missing,1182,0,0.03855615280200973,0.11068922485206036
1,rf_missing,1183,0,0.09828045503968251,0.11068922485206036
1,rf_missing,1185,1,0.06327933928196795,0.11068922485206036
1,rf_missing,1186,0,0.050329926365576656,0.11068922485206036
1,rf_missing,1187,0,0.062291107701412614,0.11068922485206036
1,rf_missing,1188,0,0.0950878578947296,0.11068922485206036
1,rf_missing,1190,0,0.04225600776907363,0.11068922485206036
1,rf_missing,1192,0,0.08969979827039677,0.11068922485206036
1,rf_missing,1193,0,0.07906697083327727,0.11068922485206036
1,rf_missing,1194,0,0.06772592170344299,0.11068922485206036
1,rf_missing,1195,0,0.07835088168499203,0.11068922485206036
1,rf_missing,1196,0,0.09235937885429434,0.11068922485206036
1,rf_missing,1198,0,0.04829961037655678,0.11068922485206036
1,rf_missing,1199,0,0.053579450599368375,0.11068922485206036
1,rf_missing,1200,0,0.06900576902204449,0.11068922485206036
1,rf_missing,1201,0,0.042972866706656565,0.11068922485206036
1,rf_missing,1202,0,0.07384507624992692,0.11068922485206036
1,rf_missing,1203,0,0.08056054056168545,0.11068922485206036
1,rf_missing,1206,0,0.09714357605163343,0.11068922485206036
1,rf_missing,1207,0,0.09557459259646306,0.11068922485206036
1,rf_missing,1210,0,0.09113508600649699,0.11068922485206036
1,rf_missing,1211,1,0.05954004124880432,0.11068922485206036
1,rf_missing,1214,0,0.0672366012564607,0.11068922485206036
1,rf_missing,1215,0,0.059730289041941366,0.11068922485206036
1,rf_missing,1216,0,0.04651932520635791,0.11068922485206036
1,rf_missing,1217,0,0.10678956731633181,0.11068922485206036
1,rf_missing,1220,0,0.04180093947934661,0.11068922485206036
1,rf_missing,1221,0,0.07228820858149584,0.11068922485206036
1,rf_missing,1223,0,0.07147162966603703,0.11068922485206036
1,rf_missing,1224,0,0.06611964513852284,0.11068922485206036
1,rf_missing,1227,1,0.05395045287822515,0.11068922485206036
1,rf_missing,1228,0,0.07220520160220309,0.11068922485206036
1,rf_missing,1230,0,0.09245704471886514,0.11068922485206036
1,rf_missing,1232,0,0.04158747675440619,0.11068922485206036
1,rf_missing,1233,0,0.08125431912932604,0.11068922485206036
1,rf_missing,1234,0,0.09770866810194256,0.11068922485206036
1,rf_missing,1235,0,0.09938303955823548,0.11068922485206036
1,rf_missing,1238,1,0.08802585345085528,0.11068922485206036
1,rf_missing,1240,0,0.10132480250918022,0.11068922485206036
1,rf_missing,1241,1,0.11270922027348693,0.11068922485206036
1,rf_missing,1243,0,0.06546820906944918,0.11068922485206036
1,rf_missing,1244,0,0.10956044586720759,0.11068922485206036
1,rf_missing,1246,0,0.0881729368673159,0.11068922485206036
1,rf_missing,1247,0,0.12207475952555098,0.11068922485206036
1,rf_missing,1248,0,0.06506078698023768,0.11068922485206036
1,rf_missing,1250,0,0.07574143724603613,0.11068922485206036
1,rf_missing,1251,0,0.09277806863156766,0.11068922485206036
1,rf_missing,1252,0,0.05495475100868729,0.11068922485206036
1,rf_missing,1253,0,0.08865212924839838,0.11068922485206036
1,rf_missing,1255,0,0.11941627563475815,0.11068922485206036
1,rf_missing,1256,0,0.13039273917169578,0.11068922485206036
1,rf_missing,1257,0,0.09291783681166618,0.11068922485206036
1,rf_missing,1258,0,0.03830320409527881,0.11068922485206036
1,rf_missing,1260,0,0.09254953092987311,0.11068922485206036
1,rf_missing,1261,0,0.11394620094459054,0.11068922485206036
1,rf_missing,1262,0,0.08832971467625925,0.11068922485206036
1,rf_missing,1263,0,0.0718204484243591,0.11068922485206036
1,rf_missing,1264,0,0.06809314335893764,0.11068922485206036
1,rf_missing,1265,0,0.05140394920448509,0.11068922485206036
1,rf_missing,1266,0,0.11018637159449611,0.11068922485206036
1,rf_missing,1267,0,0.09178524751114919,0.11068922485206036
1,rf_missing,1269,0,0.057559847438758,0.11068922485206036
1,rf_missing,1270,0,0.04186724120082142,0.11068922485206036
1,rf_missing,1273,0,0.038720247295208655,0.11068922485206036
1,rf_missing,1275,0,0.08543487643413418,0.11068922485206036
1,rf_missing,1276,0,0.0532912418195578,0.11068922485206036
1,rf_missing,1277,0,0.07841116461420765,0.11068922485206036
1,rf_missing,1278,0,0.07337583736174222,0.11068922485206036
1,rf_missing,1279,0,0.11968416751364222,0.11068922485206036
1,rf_missing,1280,0,0.061012201200009206,0.11068922485206036
1,rf_missing,1281,0,0.07806544762726296,0.11068922485206036
1,rf_missing,1284,0,0.0881432416460598,0.11068922485206036
1,rf_missing,1285,0,0.05959767861288044,0.11068922485206036
1,rf_missing,1286,0,0.09524296123423115,0.11068922485206036
1,rf_missing,1287,0,0.07083176752598999,0.11068922485206036
1,rf_missing,1288,0,0.04641757903117244,0.11068922485206036
1,rf_missing,1289,0,0.07958851363750707,0.11068922485206036
1,rf_missing,1290,0,0.08253477588871715,0.11068922485206036
1,rf_missing,1291,0,0.06966401067544116,0.11068922485206036
1,rf_missing,1292,0,0.11223444582563138,0.11068922485206036
1,rf_missing,1293,0,0.09955905811513857,0.11068922485206036
1,rf_missing,1296,0,0.07765061580646723,0.11068922485206036
1,rf_missing,1297,0,0.09828440074274188,0.11068922485206036
1,rf_missing,1298,0,0.07253528892942003,0.11068922485206036
1,rf_missing,1299,0,0.09434808612911223,0.11068922485206036
1,rf_missing,1300,0,0.09022329665297209,0.11068922485206036
1,rf_missing,1301,0,0.0838240363503413,0.11068922485206036
1,rf_missing,1302,1,0.06832599191286502,0.11068922485206036
1,rf_missing,1303,1,0.08232570941886129,0.11068922485206036
1,rf_missing,1304,0,0.12440065074806744,0.11068922485206036
1,rf_missing,1306,0,0.04961124101155013,0.11068922485206036
1,rf_missing,1308,0,0.056132620759973544,0.11068922485206036
1,rf_missing,1311,0,0.0808246966263661,0.11068922485206036
1,rf_missing,1312,0,0.09088836987543883,0.11068922485206036
1,rf_missing,1313,0,0.08431252242918229,0.11068922485206036
1,rf_missing,1317,0,0.04955388994781328,0.11068922485206036
1,rf_missing,1318,0,0.0654503437423067,0.11068922485206036
1,rf_missing,1319,0,0.06748307091858188,0.11068922485206036
1,rf_missing,1320,0,0.09621487971858494,0.11068922485206036
1,rf_missing_pruned,1078,0,0.08025313544352153,0.13996569236378617
1,rf_missing_pruned,1079,0,0.04930318710252854,0.13996569236378617
1,rf_missing_pruned,1082,0,0.07599293803772225,0.13996569236378617
1,rf_missing_pruned,1083,0,0.06930575685574189,0.13996569236378617
1,rf_missing_pruned,1084,0,0.08529049393435986,0.13996569236378617
1,rf_missing_pruned,1085,0,0.07273814519271589,0.13996569236378617
1,rf_missing_pruned,1086,0,0.07360901593726857,0.13996569236378617
1,rf_missing_pruned,1087,0,0.09316169056148244,0.13996569236378617
1,rf_missing_pruned,1088,0,0.045158640603628536,0.13996569236378617
1,rf_missing_pruned,1089,0,0.06487393866306547,0.13996569236378617
1,rf_missing_pruned,1091,0,0.0723894579409082,0.13996569236378617
1,rf_missing_pruned,1093,0,0.07922066518520725,0.13996569236378617
1,rf_missing_pruned,1096,0,0.026974236850285473,0.13996569236378617
1,rf_missing_pruned,1100,0,0.06604058169981171,0.13996569236378617
1,rf_missing_pruned,1101,0,0.06454248292674133,0.13996569236378617
1,rf_missing_pruned,1102,0,0.08189149629286147,0.13996569236378617
1,rf_missing_pruned,1104,0,0.08618724017066913,0.13996569236378617
1,rf_missing_pruned,1105,0,0.05418510006222525,0.13996569236378617
1,rf_missing_pruned,1107,0,0.094666499796633,0.13996569236378617
1,rf_missing_pruned,1108,0,0.06594690091161613,0.13996569236378617
1,rf_missing_pruned,1109,0,0.07993145567775047,0.13996569236378617
1,rf_missing_pruned,1110,0,0.10122479323467332,0.13996569236378617
1,rf_missing_pruned,1111,0,0.07253161112292554,0.13996569236378617
1,rf_missing_pruned,1112,0,0.038035628173989845,0.13996569236378617
1,rf_missing_pruned,1113,0,0.09590617821201501,0.13996569236378617
1,rf_missing_pruned,1114,0,0.0805800543808364,0.13996569236378617
1,rf_missing_pruned,1115,0,0.0942689163074244,0.13996569236378617
1,rf_missing_pruned,1117,0,0.05853249812921645,0.13996569236378617
1,rf_missing_pruned,1118,0,0.05159378996696476,0.13996569236378617
1,rf_missing_pruned,1119,0,0.07302688660502658,0.13996569236378617
1,rf_missing_pruned,1120,0,0.07329503228515517,0.13996569236378617
1,rf_missing_pruned,1121,0,0.09161646126196499,0.13996569236378617
1,rf_missing_pruned,1124,0,0.0997780269546077,0.13996569236378617
1,rf_missing_pruned,1125,0,0.06464506817609493,0.13996569236378617
1,rf_missing_pruned,1126,0,0.03448784387914823,0.13996569236378617
1,rf_missing_pruned,1127,0,0.06403762349446195,0.13996569236378617
1,rf_missing_pruned,1128,0,0.0470726429675425,0.13996569236378617
1,rf_missing_pruned,1130,0,0.0987793145540902,0.13996569236378617
1,rf_missing_pruned,1131,0,0.07701798731724169,0.13996569236378617
1,rf_missing_pruned,1132,0,0.0966661218063715,0.13996569236378617
1,rf_missing_pruned,1133,0,0.06989051322308495,0.13996569236378617
1,rf_missing_pruned,1135,0,0.12522058350477477,0.13996569236378617
1,rf_missing_pruned,1136,0,0.06152446520901509,0.13996569236378617
1,rf_missing_pruned,1139,0,0.046723309526181506,0.13996569236378617
1,rf_missing_pruned,1141,0,0.10255331964174166,0.13996569236378617
1,rf_missing_pruned,1143,0,0.09691542766876757,0.13996569236378617
1,rf_missing_pruned,1144,1,0.1053495346834439,0.13996569236378617
1,rf_missing_pruned,1145,0,0.03854714064914992,0.13996569236378617
1,rf_missing_pruned,1146,0,0.08827807545295782,0.13996569236378617
1,rf_missing_pruned,1147,0,0.10161726286707795,0.13996569236378617
1,rf_missing_pruned,1149,0,0.05132612055641422,0.13996569236378617
1,rf_missing_pruned,1151,1,0.0945666483156507,0.13996569236378617
1,rf_missing_pruned,1153,0,0.08675802441077116,0.13996569236378617
1,rf_missing_pruned,1154,0,0.1170631285547323,0.13996569236378617
1,rf_missing_pruned,1155,0,0.11014994947237144,0.13996569236378617
1,rf_missing_pruned,1158,0,0.07189298191282173,0.13996569236378617
1,rf_missing_pruned,1159,0,0.06373216134117085,0.13996569236378617
1,rf_missing_pruned,1160,0,0.06004515718912548,0.13996569236378617
1,rf_missing_pruned,1161,0,0.08699029970541929,0.13996569236378617
1,rf_missing_pruned,1163,0,0.08887057519054271,0.13996569236378617
1,rf_missing_pruned,1164,0,0.06442246596102022,0.13996569236378617
1,rf_missing_pruned,1165,0,0.049045880930647635,0.13996569236378617
1,rf_missing_pruned,1167,0,0.07590181146990031,0.13996569236378617
1,rf_missing_pruned,1168,0,0.08879892179289027,0.13996569236378617
1,rf_missing_pruned,1169,0,0.05092641976811207,0.13996569236378617
1,rf_missing_pruned,1170,0,0.06808754348848808,0.13996569236378617
1,rf_missing_pruned,1171,0,0.12301494406107401,0.13996569236378617
1,rf_missing_pruned,1172,0,0.07983167549402388,0.13996569236378617
1,rf_missing_pruned,1173,0,0.06182118003364246,0.13996569236378617
1,rf_missing_pruned,1174,0,0.10692356738412295,0.13996569236378617
1,rf_missing_pruned,1176,0,0.06703379587049618,0.13996569236378617
1,rf_missing_pruned,1177,0,0.07548052706374254,0.13996569236378617
1,rf_missing_pruned,1178,0,0.0807729942278407,0.13996569236378617
1,rf_missing_pruned,1179,0,0.03747872115102266,0.13996569236378617
1,rf_missing_pruned,1180,0,0.08471132676288752,0.13996569236378617
1,rf_missing_pruned,1181,0,0.06873996966737128,0.13996569236378617
1,rf_missing_pruned,1182,0,0.06980299050315744,0.13996569236378617
1,rf_missing_pruned,1183,0,0.10209763369836534,0.13996569236378617
1,rf_missing_pruned,1185,1,0.051486584567045475,0.13996569236378617
1,rf_missing_pruned,1186,0,0.06617923457220422,0.13996569236378617
1,rf_missing_pruned,1187,0,0.07784853168469862,0.13996569236378617
1,rf_missing_pruned,1188,0,0.08036287690539928,0.13996569236378617
1,rf_missing_pruned,1190,0,0.0495601522269553,0.13996569236378617
1,rf_missing_pruned,1192,0,0.07861675468836907,0.13996569236378617
1,rf_missing_pruned,1193,0,0.049234596863202,0.13996569236378617
1,rf_missing_pruned,1194,0,0.04950553949986371,0.13996569236378617
1,rf_missing_pruned,1195,0,0.07402649253401752,0.13996569236378617
1,rf_missing_pruned,1196,0,0.09310062567112115,0.13996569236378617
1,rf_missing_pruned,1198,0,0.058567514851045124,0.13996569236378617
1,rf_missing_pruned,1199,0,0.09417330397861914,0.13996569236378617
1,rf_missing_pruned,1200,0,0.08989608387108758,0.13996569236378617
1,rf_missing_pruned,1201,0,0.10019069457256333,0.13996569236378617
1,rf_missing_pruned,1202,0,0.0882550721621609,0.13996569236378617
1,rf_missing_pruned,1203,0,0.08189671582721195,0.13996569236378617
1,rf_missing_pruned,1206,0,0.12226217210661437,0.13996569236378617
1,rf_missing_pruned,1207,0,0.09649645254655835,0.13996569236378617
1,rf_missing_pruned,1210,0,0.09361416190577503,0.13996569236378617
1,rf_missing_pruned,1211,1,0.061785692618493905,0.13996569236378617
1,rf_missing_pruned,1214,0,0.06463280322935887,0.13996569236378617
1,rf_missing_pruned,1215,0,0.06558846933143195,0.13996569236378617
1,rf_missing_pruned,1216,0,0.11885934466559424,0.13996569236378617
1,rf_missing_pruned,1217,0,0.11145597202041463,0.13996569236378617
1,rf_missing_pruned,1220,0,0.06476431140650316,0.13996569236378617
1,rf_missing_pruned,1221,0,0.07733085267093458,0.13996569236378617
1,rf_missing_pruned,1223,0,0.06889173902403285,0.13996569236378617
1,rf_missing_pruned,1224,0,0.06630962629137849,0.13996569236378617
1,rf_missing_pruned,1227,1,0.08871975896592649,0.13996569236378617
1,rf_missing_pruned,1228,0,0.12666236967185046,0.13996569236378617
1,rf_missing_pruned,1230,0,0.0803634951312973,0.13996569236378617
1,rf_missing_pruned,1232,0,0.045970884165897945,0.13996569236378617
1,rf_missing_pruned,1233,0,0.11900856137580007,0.13996569236378617
1,rf_missing_pruned,1234,0,0.09618005731283677,0.13996569236378617
1,rf_missing_pruned,1235,0,0.1336399148953398,0.13996569236378617
1,rf_missing_pruned,1238,1,0.06131334780333212,0.13996569236378617
1,rf_missing_pruned,1240,0,0.09841731066460586,0.13996569236378617
1,rf_missing_pruned,1241,1,0.09445500486935643,0.13996569236378617
1,rf_missing_pruned,1243,0,0.09181843596457777,0.13996569236378617
1,rf_missing_pruned,1244,0,0.09315142808859056,0.13996569236378617
1,rf_missing_pruned,1246,0,0.06391534667112568,0.13996569236378617
1,rf_missing_pruned,1247,0,0.07640018750771248,0.13996569236378617
1,rf_missing_pruned,1248,0,0.08536508906976349,0.13996569236378617
1,rf_missing_pruned,1250,0,0.05337613857613377,0.13996569236378617
1,rf_missing_pruned,1251,0,0.07006861468475614,0.13996569236378617
1,rf_missing_pruned,1252,0,0.09159106288861978,0.13996569236378617
1,rf_missing_pruned,1253,0,0.08393146874429287,0.13996569236378617
1,rf_missing_pruned,1255,0,0.10671897513035593,0.13996569236378617
1,rf_missing_pruned,1256,0,0.11034685128741276,0.13996569236378617
1,rf_missing_pruned,1257,0,0.12196468602818673,0.13996569236378617
1,rf_missing_pruned,1258,0,0.057498010840902024,0.13996569236378617
1,rf_missing_pruned,1260,0,0.09903537615184406,0.13996569236378617
1,rf_missing_pruned,1261,0,0.08236166924265842,0.13996569236378617
1,rf_missing_pruned,1262,0,0.057695324845928236,0.13996569236378617
1,rf_missing_pruned,1263,0,0.08105014645936137,0.13996569236378617
1,rf_missing_pruned,1264,0,0.07900851094822815,0.13996569236378617
1,rf_missing_pruned,1265,0,0.052051485006697186,0.13996569236378617
1,rf_missing_pruned,1266,0,0.07916381932420481,0.13996569236378617
1,rf_missing_pruned,1267,0,0.08319532770425289,0.13996569236378617
1,rf_missing_pruned,1269,0,0.08762463887324952,0.13996569236378617
1,rf_missing_pruned,1270,0,0.033913235172976744,0.13996569236378617
1,rf_missing_pruned,1273,0,0.06490681393205629,0.13996569236378617
1,rf_missing_pruned,1275,0,0.08955220031149008,0.13996569236378617
1,rf_missing_pruned,1276,0,0.0583050125566701,0.13996569236378617
1,rf_missing_pruned,1277,0,0.0782171142727557,0.13996569236378617
1,rf_missing_pruned,1278,0,0.08178243378751952,0.13996569236378617
1,rf_missing_pruned,1279,0,0.0789279060749427,0.13996569236378617
1,rf_missing_pruned,1280,0,0.07668201405350249,0.13996569236378617
1,rf_missing_pruned,1281,0,0.07797607565530734,0.13996569236378617
1,rf_missing_pruned,1284,0,0.06571352695503015,0.13996569236378617
1,rf_missing_pruned,1285,0,0.056646757562670486,0.13996569236378617
1,rf_missing_pruned,1286,0,0.07007621722011291,0.13996569236378617
1,rf_missing_pruned,1287,0,0.053544496241459655,0.13996569236378617
1,rf_missing_pruned,1288,0,0.058327921663130416,0.13996569236378617
1,rf_missing_pruned,1289,0,0.07982048387822892,0.13996569236378617
1,rf_missing_pruned,1290,0,0.07001256133387132,0.13996569236378617
1,rf_missing_pruned,1291,0,0.06350073996236874,0.13996569236378617
1,rf_missing_pruned,1292,0,0.10095092122409115,0.13996569236378617
1,rf_missing_pruned,1293,0,0.1374588089005295,0.13996569236378617
1,rf_missing_pruned,1296,0,0.07364517159652245,0.13996569236378617
1,rf_missing_pruned,1297,0,0.11971497673142717,0.13996569236378617
1,rf_missing_pruned,1298,0,0.06956367086709116,0.13996569236378617
1,rf_missing_pruned,1299,0,0.07228376345804444,0.13996569236378617
1,rf_missing_pruned,1300,0,0.06883788201933982,0.13996569236378617
1,rf_missing_pruned,1301,0,0.09313165742085948,0.13996569236378617
1,rf_missing_pruned,1302,1,0.07562113921988979,0.13996569236378617
1,rf_missing_pruned,1303,1,0.05846152855387785,0.13996569236378617
1,rf_missing_pruned,1304,0,0.09619014266553713,0.13996569236378617
1,rf_missing_pruned,1306,0,0.08401400983379093,0.13996569236378617
1,rf_missing_pruned,1308,0,0.08757622537337087,0.13996569236378617
1,rf_missing_pruned,1311,0,0.06826441414413142,0.13996569236378617
1,rf_missing_pruned,1312,0,0.10277384098981511,0.13996569236378617
1,rf_missing_pruned,1313,0,0.08262346823832964,0.13996569236378617
1,rf_missing_pruned,1317,0,0.06776965015633482,0.13996569236378617
1,rf_missing_pruned,1318,0,0.045829850502448824,0.13996569236378617
1,rf_missing_pruned,1319,0,0.10216732366022674,0.13996569236378617
1,rf_missing_pruned,1320,0,0.09934069587098023,0.13996569236378617
1,balanced_rf,1078,0,0.3133333333333333,0.45400000000000007
1,balanced_rf,1079,0,0.35933333333333334,0.45400000000000007
1,balanced_rf,1082,0,0.3713333333333333,0.45400000000000007
1,balanced_rf,1083,0,0.306,0.45400000000000007
1,balanced_rf,1084,0,0.36600000000000005,0.45400000000000007
1,balanced_rf,1085,0,0.3546666666666667,0.45400000000000007
1,balanced_rf,1086,0,0.338,0.45400000000000007
1,balanced_rf,1087,0,0.3986666666666666,0.45400000000000007
1,balanced_rf,1088,0,0.33466666666666667,0.45400000000000007
1,balanced_rf,1089,0,0.3413333333333333,0.45400000000000007
1,balanced_rf,1091,0,0.38333333333333336,0.45400000000000007
1,balanced_rf,1093,0,0.33,0.45400000000000007
1,balanced_rf,1096,0,0.2953333333333334,0.45400000000000007
1,balanced_rf,1100,0,0.39866666666666667,0.45400000000000007
1,balanced_rf,1101,0,0.31400000000000006,0.45400000000000007
1,balanced_rf,1102,0,0.35800000000000004,0.45400000000000007
1,balanced_rf,1104,0,0.3753333333333333,0.45400000000000007
1,balanced_rf,1105,0,0.3413333333333334,0.45400000000000007
1,balanced_rf,1107,0,0.3966666666666667,0.45400000000000007
1,balanced_rf,1108,0,0.3446666666666667,0.45400000000000007
1,balanced_rf,1109,0,0.4433333333333333,0.45400000000000007
1,balanced_rf,1110,0,0.3733333333333333,0.45400000000000007
1,balanced_rf,1111,0,0.3486666666666667,0.45400000000000007
1,balanced_rf,1112,0,0.29466666666666663,0.45400000000000007
1,balanced_rf,1113,0,0.3593333333333334,0.45400000000000007
1,balanced_rf,1114,0,0.3793333333333333,0.45400000000000007
1,balanced_rf,1115,0,0.3373333333333333,0.45400000000000007
1,balanced_rf,1117,0,0.3406666666666667,0.45400000000000007
1,balanced_rf,1118,0,0.3733333333333333,0.45400000000000007
1,balanced_rf,1119,0,0.30399999999999994,0.45400000000000007
1,balanced_rf,1120,0,0.3746666666666667,0.45400000000000007
1,balanced_rf,1121,0,0.37,0.45400000000000007
1,balanced_rf,1124,0,0.426,0.45400000000000007
1,balanced_rf,1125,0,0.2879999999999999,0.45400000000000007
1,balanced_rf,1126,0,0.29866666666666664,0.45400000000000007
1,balanced_rf,1127,0,0.29933333333333334,0.45400000000000007
1,balanced_rf,1128,0,0.2306666666666666,0.45400000000000007
1,balanced_rf,1130,0,0.35,0.45400000000000007
1,balanced_rf,1131,0,0.37133333333333335,0.45400000000000007
1,balanced_rf,1132,0,0.37,0.45400000000000007
1,balanced_rf,1133,0,0.33133333333333337,0.45400000000000007
1,balanced_rf,1135,0,0.3606666666666667,0.45400000000000007
1,balanced_rf,1136,0,0.3546666666666667,0.45400000000000007
1,balanced_rf,1139,0,0.33333333333333337,0.45400000000000007
1,balanced_rf,1141,0,0.4119999999999999,0.45400000000000007
1,balanced_rf,1143,0,0.3706666666666667,0.45400000000000007
1,balanced_rf,1144,1,0.40533333333333327,0.45400000000000007
1,balanced_rf,1145,0,0.37266666666666665,0.45400000000000007
1,balanced_rf,1146,0,0.39066666666666666,0.45400000000000007
1,balanced_rf,1147,0,0.3986666666666666,0.45400000000000007
1,balanced_rf,1149,0,0.32799999999999996,0.45400000000000007
1,balanced_rf,1151,1,0.3333333333333333,0.45400000000000007
1,balanced_rf,1153,0,0.3693333333333333,0.45400000000000007
1,balanced_rf,1154,0,0.3826666666666667,0.45400000000000007
1,balanced_rf,1155,0,0.3866666666666666,0.45400000000000007
1,balanced_rf,1158,0,0.26599999999999996,0.45400000000000007
1,balanced_rf,1159,0,0.316,0.45400000000000007
1,balanced_rf,1160,0,0.3233333333333333,0.45400000000000007
1,balanced_rf,1161,0,0.36466666666666664,0.45400000000000007
1,balanced_rf,1163,0,0.36866666666666664,0.45400000000000007
1,balanced_rf,1164,0,0.29466666666666663,0.45400000000000007
1,balanced_rf,1165,0,0.31266666666666676,0.45400000000000007
1,balanced_rf,1167,0,0.31599999999999995,0.45400000000000007
1,balanced_rf,1168,0,0.3893333333333334,0.45400000000000007
1,balanced_rf,1169,0,0.2953333333333334,0.45400000000000007
1,balanced_rf,1170,0,0.36200000000000004,0.45400000000000007
1,balanced_rf,1171,0,0.3693333333333333,0.45400000000000007
1,balanced_rf,1172,0,0.35266666666666663,0.45400000000000007
1,balanced_rf,1173,0,0.35933333333333334,0.45400000000000007
1,balanced_rf,1174,0,0.338,0.45400000000000007
1,balanced_rf,1176,0,0.268,0.45400000000000007
1,balanced_rf,1177,0,0.344,0.45400000000000007
1,balanced_rf,1178,0,0.326,0.45400000000000007
1,balanced_rf,1179,0,0.30399999999999994,0.45400000000000007
1,balanced_rf,1180,0,0.36666666666666675,0.45400000000000007
1,balanced_rf,1181,0,0.30533333333333323,0.45400000000000007
1,balanced_rf,1182,0,0.25666666666666665,0.45400000000000007
1,balanced_rf,1183,0,0.35133333333333333,0.45400000000000007
1,balanced_rf,1185,1,0.31866666666666665,0.45400000000000007
1,balanced_rf,1186,0,0.304,0.45400000000000007
1,balanced_rf,1187,0,0.34199999999999997,0.45400000000000007
1,balanced_rf,1188,0,0.4326666666666667,0.45400000000000007
1,balanced_rf,1190,0,0.3413333333333333,0.45400000000000007
1,balanced_rf,1192,0,0.4166666666666667,0.45400000000000007
1,balanced_rf,1193,0,0.288,0.45400000000000007
1,balanced_rf,1194,0,0.326,0.45400000000000007
1,balanced_rf,1195,0,0.3373333333333333,0.45400000000000007
1,balanced_rf,1196,0,0.392,0.45400000000000007
1,balanced_rf,1198,0,0.3293333333333333,0.45400000000000007
1,balanced_rf,1199,0,0.34066666666666673,0.45400000000000007
1,balanced_rf,1200,0,0.3726666666666667,0.45400000000000007
1,balanced_rf,1201,0,0.3506666666666666,0.45400000000000007
1,balanced_rf,1202,0,0.392,0.45400000000000007
1,balanced_rf,1203,0,0.3686666666666667,0.45400000000000007
1,balanced_rf,1206,0,0.416,0.45400000000000007
1,balanced_rf,1207,0,0.4166666666666667,0.45400000000000007
1,balanced_rf,1210,0,0.36800000000000005,0.45400000000000007
1,balanced_rf,1211,1,0.2913333333333334,0.45400000000000007
1,balanced_rf,1214,0,0.30466666666666664,0.45400000000000007
1,balanced_rf,1215,0,0.33066666666666666,0.45400000000000007
1,balanced_rf,1216,0,0.334,0.45400000000000007
1,balanced_rf,1217,0,0.406,0.45400000000000007
1,balanced_rf,1220,0,0.3073333333333333,0.45400000000000007
1,balanced_rf,1221,0,0.352,0.45400000000000007
1,balanced_rf,1223,0,0.33066666666666666,0.45400000000000007
1,balanced_rf,1224,0,0.3093333333333333,0.45400000000000007
1,balanced_rf,1227,1,0.3153333333333333,0.45400000000000007
1,balanced_rf,1228,0,0.3993333333333334,0.45400000000000007
1,balanced_rf,1230,0,0.414,0.45400000000000007
1,balanced_rf,1232,0,0.3266666666666666,0.45400000000000007
1,balanced_rf,1233,0,0.36066666666666664,0.45400000000000007
1,balanced_rf,1234,0,0.35999999999999993,0.45400000000000007
1,balanced_rf,1235,0,0.3233333333333333,0.45400000000000007
1,balanced_rf,1238,1,0.37066666666666664,0.45400000000000007
1,balanced_rf,1240,0,0.3666666666666667,0.45400000000000007
1,balanced_rf,1241,1,0.39533333333333337,0.45400000000000007
1,balanced_rf,1243,0,0.42133333333333334,0.45400000000000007
1,balanced_rf,1244,0,0.41933333333333334,0.45400000000000007
1,balanced_rf,1246,0,0.328,0.45400000000000007
1,balanced_rf,1247,0,0.3380000000000001,0.45400000000000007
1,balanced_rf,1248,0,0.36066666666666664,0.45400000000000007
1,balanced_rf,1250,0,0.382,0.45400000000000007
1,balanced_rf,1251,0,0.336,0.45400000000000007
1,balanced_rf,1252,0,0.3453333333333334,0.45400000000000007
1,balanced_rf,1253,0,0.37866666666666665,0.45400000000000007
1,balanced_rf,1255,0,0.39466666666666667,0.45400000000000007
1,balanced_rf,1256,0,0.43200000000000005,0.45400000000000007
1,balanced_rf,1257,0,0.4006666666666666,0.45400000000000007
1,balanced_rf,1258,0,0.30066666666666664,0.45400000000000007
1,balanced_rf,1260,0,0.3559999999999999,0.45400000000000007
1,balanced_rf,1261,0,0.42000000000000004,0.45400000000000007
1,balanced_rf,1262,0,0.3406666666666666,0.45400000000000007
1,balanced_rf,1263,0,0.3933333333333334,0.45400000000000007
1,balanced_rf,1264,0,0.332,0.45400000000000007
1,balanced_rf,1265,0,0.30666666666666664,0.45400000000000007
1,balanced_rf,1266,0,0.4146666666666667,0.45400000000000007
1,balanced_rf,1267,0,0.362,0.45400000000000007
1,balanced_rf,1269,0,0.336,0.45400000000000007
1,balanced_rf,1270,0,0.31933333333333336,0.45400000000000007
1,balanced_rf,1273,0,0.3066666666666667,0.45400000000000007
1,balanced_rf,1275,0,0.36333333333333334,0.45400000000000007
1,balanced_rf,1276,0,0.41133333333333333,0.45400000000000007
1,balanced_rf,1277,0,0.318,0.45400000000000007
1,balanced_rf,1278,0,0.3406666666666667,0.45400000000000007
1,balanced_rf,1279,0,0.312,0.45400000000000007
1,balanced_rf,1280,0,0.3806666666666667,0.45400000000000007
1,balanced_rf,1281,0,0.3666666666666667,0.45400000000000007
1,balanced_rf,1284,0,0.366,0.45400000000000007
1,balanced_rf,1285,0,0.33866666666666667,0.45400000000000007
1,balanced_rf,1286,0,0.31666666666666665,0.45400000000000007
1,balanced_rf,1287,0,0.29066666666666663,0.45400000000000007
1,balanced_rf,1288,0,0.27533333333333326,0.45400000000000007
1,balanced_rf,1289,0,0.4053333333333333,0.45400000000000007
1,balanced_rf,1290,0,0.36199999999999993,0.45400000000000007
1,balanced_rf,1291,0,0.29733333333333334,0.45400000000000007
1,balanced_rf,1292,0,0.48066666666666663,0.45400000000000007
1,balanced_rf,1293,0,0.43666666666666665,0.45400000000000007
1,balanced_rf,1296,0,0.362,0.45400000000000007
1,balanced_rf,1297,0,0.42066666666666663,0.45400000000000007
1,balanced_rf,1298,0,0.38399999999999995,0.45400000000000007
1,balanced_rf,1299,0,0.29866666666666664,0.45400000000000007
1,balanced_rf,1300,0,0.3333333333333333,0.45400000000000007
1,balanced_rf,1301,0,0.3046666666666667,0.45400000000000007
1,balanced_rf,1302,1,0.348,0.45400000000000007
1,balanced_rf,1303,1,0.32799999999999996,0.45400000000000007
1,balanced_rf,1304,0,0.432,0.45400000000000007
1,balanced_rf,1306,0,0.296,0.45400000000000007
1,balanced_rf,1308,0,0.2946666666666667,0.45400000000000007
1,balanced_rf,1311,0,0.3106666666666666,0.45400000000000007
1,balanced_rf,1312,0,0.3766666666666667,0.45400000000000007
1,balanced_rf,1313,0,0.336,0.45400000000000007
1,balanced_rf,1317,0,0.31199999999999994,0.45400000000000007
1,balanced_rf,1318,0,0.3,0.45400000000000007
1,balanced_rf,1319,0,0.3346666666666666,0.45400000000000007
1,balanced_rf,1320,0,0.42000000000000004,0.45400000000000007
1,balanced_rf_missing,1078,0,0.282,0.36666666666666664
1,balanced_rf_missing,1079,0,0.32566666666666666,0.36666666666666664
1,balanced_rf_missing,1082,0,0.276,0.36666666666666664
1,balanced_rf_missing,1083,0,0.27066666666666667,0.36666666666666664
1,balanced_rf_missing,1084,0,0.2883333333333334,0.36666666666666664
1,balanced_rf_missing,1085,0,0.30066666666666664,0.36666666666666664
1,balanced_rf_missing,1086,0,0.30433333333333334,0.36666666666666664
1,balanced_rf_missing,1087,0,0.3996666666666667,0.36666666666666664
1,balanced_rf_missing,1088,0,0.3406666666666666,0.36666666666666664
1,balanced_rf_missing,1089,0,0.3046666666666667,0.36666666666666664
1,balanced_rf_missing,1091,0,0.32599999999999996,0.36666666666666664
1,balanced_rf_missing,1093,0,0.30600000000000005,0.36666666666666664
1,balanced_rf_missing,1096,0,0.24266666666666664,0.36666666666666664
1,balanced_rf_missing,1100,0,0.32966666666666666,0.36666666666666664
1,balanced_rf_missing,1101,0,0.2826666666666667,0.36666666666666664
1,balanced_rf_missing,1102,0,0.3333333333333333,0.36666666666666664
1,balanced_rf_missing,1104,0,0.29933333333333334,0.36666666666666664
1,balanced_rf_missing,1105,0,0.372,0.36666666666666664
1,balanced_rf_missing,1107,0,0.3696666666666667,0.36666666666666664
1,balanced_rf_missing,1108,0,0.3166666666666667,0.36666666666666664
1,balanced_rf_missing,1109,0,0.3766666666666667,0.36666666666666664
1,balanced_rf_missing,1110,0,0.3966666666666667,0.36666666666666664
1,balanced_rf_missing,1111,0,0.3433333333333333,0.36666666666666664
1,balanced_rf_missing,1112,0,0.29933333333333334,0.36666666666666664
1,balanced_rf_missing,1113,0,0.3499999999999999,0.36666666666666664
1,balanced_rf_missing,1114,0,0.3746666666666667,0.36666666666666664
1,balanced_rf_missing,1115,0,0.3786666666666667,0.36666666666666664
1,balanced_rf_missing,1117,0,0.29166666666666663,0.36666666666666664
1,balanced_rf_missing,1118,0,0.299,0.36666666666666664
1,balanced_rf_missing,1119,0,0.2766666666666666,0.36666666666666664
1,balanced_rf_missing,1120,0,0.372,0.36666666666666664
1,balanced_rf_missing,1121,0,0.38399999999999995,0.36666666666666664
1,balanced_rf_missing,1124,0,0.35166666666666674,0.36666666666666664
1,balanced_rf_missing,1125,0,0.257,0.36666666666666664
1,balanced_rf_missing,1126,0,0.2893333333333334,0.36666666666666664
1,balanced_rf_missing,1127,0,0.292,0.36666666666666664
1,balanced_rf_missing,1128,0,0.24866666666666665,0.36666666666666664
1,balanced_rf_missing,1130,0,0.29766666666666663,0.36666666666666664
1,balanced_rf_missing,1131,0,0.3406666666666666,0.36666666666666664
1,balanced_rf_missing,1132,0,0.37933333333333336,0.36666666666666664
1,balanced_rf_missing,1133,0,0.3406666666666667,0.36666666666666664
1,balanced_rf_missing,1135,0,0.341,0.36666666666666664
1,balanced_rf_missing,1136,0,0.3686666666666667,0.36666666666666664
1,balanced_rf_missing,1139,0,0.3509999999999999,0.36666666666666664
1,balanced_rf_missing,1141,0,0.2893333333333334,0.36666666666666664
1,balanced_rf_missing,1143,0,0.331,0.36666666666666664
1,balanced_rf_missing,1144,1,0.36400000000000005,0.36666666666666664
1,balanced_rf_missing,1145,0,0.31266666666666665,0.36666666666666664
1,balanced_rf_missing,1146,0,0.42133333333333334,0.36666666666666664
1,balanced_rf_missing,1147,0,0.4000000000000001,0.36666666666666664
1,balanced_rf_missing,1149,0,0.3046666666666667,0.36666666666666664
1,balanced_rf_missing,1151,1,0.3206666666666667,0.36666666666666664
1,balanced_rf_missing,1153,0,0.358,0.36666666666666664
1,balanced_rf_missing,1154,0,0.39966666666666667,0.36666666666666664
1,balanced_rf_missing,1155,0,0.3333333333333333,0.36666666666666664
1,balanced_rf_missing,1158,0,0.24266666666666664,0.36666666666666664
1,balanced_rf_missing,1159,0,0.29533333333333334,0.36666666666666664
1,balanced_rf_missing,1160,0,0.29200000000000004,0.36666666666666664
1,balanced_rf_missing,1161,0,0.3446666666666667,0.36666666666666664
1,balanced_rf_missing,1163,0,0.35666666666666674,0.36666666666666664
1,balanced_rf_missing,1164,0,0.3153333333333333,0.36666666666666664
1,balanced_rf_missing,1165,0,0.30333333333333334,0.36666666666666664
1,balanced_rf_missing,1167,0,0.3113333333333334,0.36666666666666664
1,balanced_rf_missing,1168,0,0.3573333333333334,0.36666666666666664
1,balanced_rf_missing,1169,0,0.22866666666666666,0.36666666666666664
1,balanced_rf_missing,1170,0,0.314,0.36666666666666664
1,balanced_rf_missing,1171,0,0.36599999999999994,0.36666666666666664
1,balanced_rf_missing,1172,0,0.3513333333333334,0.36666666666666664
1,balanced_rf_missing,1173,0,0.32199999999999995,0.36666666666666664
1,balanced_rf_missing,1174,0,0.3893333333333333,0.36666666666666664
1,balanced_rf_missing,1176,0,0.2726666666666666,0.36666666666666664
1,balanced_rf_missing,1177,0,0.3246666666666666,0.36666666666666664
1,balanced_rf_missing,1178,0,0.3793333333333333,0.36666666666666664
1,balanced_rf_missing,1179,0,0.27466666666666667,0.36666666666666664
1,balanced_rf_missing,1180,0,0.324,0.36666666666666664
1,balanced_rf_missing,1181,0,0.3446666666666666,0.36666666666666664
1,balanced_rf_missing,1182,0,0.24666666666666665,0.36666666666666664
1,balanced_rf_missing,1183,0,0.3926666666666666,0.36666666666666664
1,balanced_rf_missing,1185,1,0.2806666666666667,0.36666666666666664
1,balanced_rf_missing,1186,0,0.3086666666666667,0.36666666666666664
1,balanced_rf_missing,1187,0,0.3106666666666667,0.36666666666666664
1,balanced_rf_missing,1188,0,0.3286666666666666,0.36666666666666664
1,balanced_rf_missing,1190,0,0.34,0.36666666666666664
1,balanced_rf_missing,1192,0,0.35333333333333333,0.36666666666666664
1,balanced_rf_missing,1193,0,0.256,0.36666666666666664
1,balanced_rf_missing,1194,0,0.36200000000000004,0.36666666666666664
1,balanced_rf_missing,1195,0,0.3353333333333333,0.36666666666666664
1,balanced_rf_missing,1196,0,0.388,0.36666666666666664
1,balanced_rf_missing,1198,0,0.3653333333333335,0.36666666666666664
1,balanced_rf_missing,1199,0,0.33133333333333337,0.36666666666666664
1,balanced_rf_missing,1200,0,0.3846666666666667,0.36666666666666664
1,balanced_rf_missing,1201,0,0.3886666666666666,0.36666666666666664
1,balanced_rf_missing,1202,0,0.39133333333333337,0.36666666666666664
1,balanced_rf_missing,1203,0,0.30466666666666664,0.36666666666666664
1,balanced_rf_missing,1206,0,0.35466666666666663,0.36666666666666664
1,balanced_rf_missing,1207,0,0.3653333333333334,0.36666666666666664
1,balanced_rf_missing,1210,0,0.36,0.36666666666666664
1,balanced_rf_missing,1211,1,0.328,0.36666666666666664
1,balanced_rf_missing,1214,0,0.312,0.36666666666666664
1,balanced_rf_missing,1215,0,0.33666666666666667,0.36666666666666664
1,balanced_rf_missing,1216,0,0.3506666666666667,0.36666666666666664
1,balanced_rf_missing,1217,0,0.3723333333333333,0.36666666666666664
1,balanced_rf_missing,1220,0,0.296,0.36666666666666664
1,balanced_rf_missing,1221,0,0.30333333333333323,0.36666666666666664
1,balanced_rf_missing,1223,0,0.3653333333333333,0.36666666666666664
1,balanced_rf_missing,1224,0,0.35000000000000003,0.36666666666666664
1,balanced_rf_missing,1227,1,0.294,0.36666666666666664
1,balanced_rf_missing,1228,0,0.388,0.36666666666666664
1,balanced_rf_missing,1230,0,0.3593333333333334,0.36666666666666664
1,balanced_rf_missing,1232,0,0.3093333333333333,0.36666666666666664
1,balanced_rf_missing,1233,0,0.41533333333333333,0.36666666666666664
1,balanced_rf_missing,1234,0,0.3526666666666667,0.36666666666666664
1,balanced_rf_missing,1235,0,0.3786666666666667,0.36666666666666664
1,balanced_rf_missing,1238,1,0.37333333333333335,0.36666666666666664
1,balanced_rf_missing,1240,0,0.33366666666666667,0.36666666666666664
1,balanced_rf_missing,1241,1,0.2973333333333334,0.36666666666666664
1,balanced_rf_missing,1243,0,0.342,0.36666666666666664
1,balanced_rf_missing,1244,0,0.4346666666666667,0.36666666666666664
1,balanced_rf_missing,1246,0,0.3653333333333333,0.36666666666666664
1,balanced_rf_missing,1247,0,0.368,0.36666666666666664
1,balanced_rf_missing,1248,0,0.35466666666666663,0.36666666666666664
1,balanced_rf_missing,1250,0,0.4053333333333334,0.36666666666666664
1,balanced_rf_missing,1251,0,0.31133333333333335,0.36666666666666664
1,balanced_rf_missing,1252,0,0.398,0.36666666666666664
1,balanced_rf_missing,1253,0,0.39533333333333337,0.36666666666666664
1,balanced_rf_missing,1255,0,0.39866666666666667,0.36666666666666664
1,balanced_rf_missing,1256,0,0.36600000000000005,0.36666666666666664
1,balanced_rf_missing,1257,0,0.38,0.36666666666666664
1,balanced_rf_missing,1258,0,0.2773333333333334,0.36666666666666664
1,balanced_rf_missing,1260,0,0.36400000000000005,0.36666666666666664
1,balanced_rf_missing,1261,0,0.33366666666666667,0.36666666666666664
1,balanced_rf_missing,1262,0,0.3453333333333334,0.36666666666666664
1,balanced_rf_missing,1263,0,0.35600000000000004,0.36666666666666664
1,balanced_rf_missing,1264,0,0.3420000000000001,0.36666666666666664
1,balanced_rf_missing,1265,0,0.2606666666666666,0.36666666666666664
1,balanced_rf_missing,1266,0,0.40166666666666667,0.36666666666666664
1,balanced_rf_missing,1267,0,0.3380000000000001,0.36666666666666664
1,balanced_rf_missing,1269,0,0.31566666666666665,0.36666666666666664
1,balanced_rf_missing,1270,0,0.30000000000000004,0.36666666666666664
1,balanced_rf_missing,1273,0,0.3673333333333333,0.36666666666666664
1,balanced_rf_missing,1275,0,0.36000000000000004,0.36666666666666664
1,balanced_rf_missing,1276,0,0.4066666666666667,0.36666666666666664
1,balanced_rf_missing,1277,0,0.39666666666666667,0.36666666666666664
1,balanced_rf_missing,1278,0,0.408,0.36666666666666664
1,balanced_rf_missing,1279,0,0.2933333333333334,0.36666666666666664
1,balanced_rf_missing,1280,0,0.37066666666666676,0.36666666666666664
1,balanced_rf_missing,1281,0,0.3413333333333334,0.36666666666666664
1,balanced_rf_missing,1284,0,0.348,0.36666666666666664
1,balanced_rf_missing,1285,0,0.258,0.36666666666666664
1,balanced_rf_missing,1286,0,0.2726666666666666,0.36666666666666664
1,balanced_rf_missing,1287,0,0.33,0.36666666666666664
1,balanced_rf_missing,1288,0,0.2993333333333334,0.36666666666666664
1,balanced_rf_missing,1289,0,0.3933333333333334,0.36666666666666664
1,balanced_rf_missing,1290,0,0.3466666666666666,0.36666666666666664
1,balanced_rf_missing,1291,0,0.2773333333333333,0.36666666666666664
1,balanced_rf_missing,1292,0,0.4046666666666667,0.36666666666666664
1,balanced_rf_missing,1293,0,0.386,0.36666666666666664
1,balanced_rf_missing,1296,0,0.3373333333333333,0.36666666666666664
1,balanced_rf_missing,1297,0,0.407,0.36666666666666664
1,balanced_rf_missing,1298,0,0.434,0.36666666666666664
1,balanced_rf_missing,1299,0,0.32900000000000007,0.36666666666666664
1,balanced_rf_missing,1300,0,0.3793333333333333,0.36666666666666664
1,balanced_rf_missing,1301,0,0.29333333333333333,0.36666666666666664
1,balanced_rf_missing,1302,1,0.3653333333333334,0.36666666666666664
1,balanced_rf_missing,1303,1,0.3326666666666667,0.36666666666666664
1,balanced_rf_missing,1304,0,0.41733333333333333,0.36666666666666664
1,balanced_rf_missing,1306,0,0.2646666666666666,0.36666666666666664
1,balanced_rf_missing,1308,0,0.2673333333333333,0.36666666666666664
1,balanced_rf_missing,1311,0,0.31000000000000005,0.36666666666666664
1,balanced_rf_missing,1312,0,0.35800000000000004,0.36666666666666664
1,balanced_rf_missing,1313,0,0.351,0.36666666666666664
1,balanced_rf_missing,1317,0,0.34833333333333333,0.36666666666666664
1,balanced_rf_missing,1318,0,0.28733333333333333,0.36666666666666664
1,balanced_rf_missing,1319,0,0.36566666666666675,0.36666666666666664
1,balanced_rf_missing,1320,0,0.39266666666666666,0.36666666666666664
1,balanced_rf_missing_leaf5,1078,0,0.3094777777777778,0.39686984126984126
1,balanced_rf_missing_leaf5,1079,0,0.3697333333333333,0.39686984126984126
1,balanced_rf_missing_leaf5,1082,0,0.34083174603174604,0.39686984126984126
1,balanced_rf_missing_leaf5,1083,0,0.32840476190476203,0.39686984126984126
1,balanced_rf_missing_leaf5,1084,0,0.3908904761904764,0.39686984126984126
1,balanced_rf_missing_leaf5,1085,0,0.2911111111111111,0.39686984126984126
1,balanced_rf_missing_leaf5,1086,0,0.3492904761904762,0.39686984126984126
1,balanced_rf_missing_leaf5,1087,0,0.41082698412698404,0.39686984126984126
1,balanced_rf_missing_leaf5,1088,0,0.3708412698412697,0.39686984126984126
1,balanced_rf_missing_leaf5,1089,0,0.34301111111111116,0.39686984126984126
1,balanced_rf_missing_leaf5,1091,0,0.4134079365079365,0.39686984126984126
1,balanced_rf_missing_leaf5,1093,0,0.32171746031746024,0.39686984126984126
1,balanced_rf_missing_leaf5,1096,0,0.2973698412698413,0.39686984126984126
1,balanced_rf_missing_leaf5,1100,0,0.356011111111111,0.39686984126984126
1,balanced_rf_missing_leaf5,1101,0,0.29658571428571445,0.39686984126984126
1,balanced_rf_missing_leaf5,1102,0,0.36293809523809534,0.39686984126984126
1,balanced_rf_missing_leaf5,1104,0,0.3625555555555556,0.39686984126984126
1,balanced_rf_missing_leaf5,1105,0,0.37451587301587314,0.39686984126984126
1,balanced_rf_missing_leaf5,1107,0,0.3926841269841271,0.39686984126984126
1,balanced_rf_missing_leaf5,1108,0,0.3379174603174604,0.39686984126984126
1,balanced_rf_missing_leaf5,1109,0,0.37172539682539674,0.39686984126984126
1,balanced_rf_missing_leaf5,1110,0,0.42466984126984125,0.39686984126984126
1,balanced_rf_missing_leaf5,1111,0,0.36608253968253957,0.39686984126984126
1,balanced_rf_missing_leaf5,1112,0,0.306473015873016,0.39686984126984126
1,balanced_rf_missing_leaf5,1113,0,0.3647904761904764,0.39686984126984126
1,balanced_rf_missing_leaf5,1114,0,0.37933809523809514,0.39686984126984126
1,balanced_rf_missing_leaf5,1115,0,0.39508730158730154,0.39686984126984126
1,balanced_rf_missing_leaf5,1117,0,0.3400746031746031,0.39686984126984126
1,balanced_rf_missing_leaf5,1118,0,0.3622444444444445,0.39686984126984126
1,balanced_rf_missing_leaf5,1119,0,0.28387301587301594,0.39686984126984126
1,balanced_rf_missing_leaf5,1120,0,0.3792126984126985,0.39686984126984126
1,balanced_rf_missing_leaf5,1121,0,0.3708571428571429,0.39686984126984126
1,balanced_rf_missing_leaf5,1124,0,0.39403650793650796,0.39686984126984126
1,balanced_rf_missing_leaf5,1125,0,0.2718682539682539,0.39686984126984126
1,balanced_rf_missing_leaf5,1126,0,0.2901301587301588,0.39686984126984126
1,balanced_rf_missing_leaf5,1127,0,0.3754523809523809,0.39686984126984126
1,balanced_rf_missing_leaf5,1128,0,0.2736126984126985,0.39686984126984126
1,balanced_rf_missing_leaf5,1130,0,0.31656984126984133,0.39686984126984126
1,balanced_rf_missing_leaf5,1131,0,0.3555539682539683,0.39686984126984126
1,balanced_rf_missing_leaf5,1132,0,0.3892190476190476,0.39686984126984126
1,balanced_rf_missing_leaf5,1133,0,0.3198777777777778,0.39686984126984126
1,balanced_rf_missing_leaf5,1135,0,0.3793746031746031,0.39686984126984126
1,balanced_rf_missing_leaf5,1136,0,0.3528492063492065,0.39686984126984126
1,balanced_rf_missing_leaf5,1139,0,0.41517142857142847,0.39686984126984126
1,balanced_rf_missing_leaf5,1141,0,0.34470000000000006,0.39686984126984126
1,balanced_rf_missing_leaf5,1143,0,0.35632857142857133,0.39686984126984126
1,balanced_rf_missing_leaf5,1144,1,0.41727936507936497,0.39686984126984126
1,balanced_rf_missing_leaf5,1145,0,0.312804761904762,0.39686984126984126
1,balanced_rf_missing_leaf5,1146,0,0.4398746031746031,0.39686984126984126
1,balanced_rf_missing_leaf5,1147,0,0.3695730158730159,0.39686984126984126
1,balanced_rf_missing_leaf5,1149,0,0.35269841269841273,0.39686984126984126
1,balanced_rf_missing_leaf5,1151,1,0.36767619047619055,0.39686984126984126
1,balanced_rf_missing_leaf5,1153,0,0.35708095238095244,0.39686984126984126
1,balanced_rf_missing_leaf5,1154,0,0.4344555555555556,0.39686984126984126
1,balanced_rf_missing_leaf5,1155,0,0.3757984126984126,0.39686984126984126
1,balanced_rf_missing_leaf5,1158,0,0.2652571428571428,0.39686984126984126
1,balanced_rf_missing_leaf5,1159,0,0.35716507936507963,0.39686984126984126
1,balanced_rf_missing_leaf5,1160,0,0.31414761904761906,0.39686984126984126
1,balanced_rf_missing_leaf5,1161,0,0.3519063492063491,0.39686984126984126
1,balanced_rf_missing_leaf5,1163,0,0.3848095238095237,0.39686984126984126
1,balanced_rf_missing_leaf5,1164,0,0.3248158730158731,0.39686984126984126
1,balanced_rf_missing_leaf5,1165,0,0.3381603174603177,0.39686984126984126
1,balanced_rf_missing_leaf5,1167,0,0.33795873015873024,0.39686984126984126
1,balanced_rf_missing_leaf5,1168,0,0.3454873015873016,0.39686984126984126
1,balanced_rf_missing_leaf5,1169,0,0.28204920634920644,0.39686984126984126
1,balanced_rf_missing_leaf5,1170,0,0.3434714285714286,0.39686984126984126
1,balanced_rf_missing_leaf5,1171,0,0.40774444444444446,0.39686984126984126
1,balanced_rf_missing_leaf5,1172,0,0.36654126984126995,0.39686984126984126
1,balanced_rf_missing_leaf5,1173,0,0.36966825396825403,0.39686984126984126
1,balanced_rf_missing_leaf5,1174,0,0.38298253968253976,0.39686984126984126
1,balanced_rf_missing_leaf5,1176,0,0.29135555555555565,0.39686984126984126
1,balanced_rf_missing_leaf5,1177,0,0.403595238095238,0.39686984126984126
1,balanced_rf_missing_leaf5,1178,0,0.3831904761904763,0.39686984126984126
1,balanced_rf_missing_leaf5,1179,0,0.3186476190476192,0.39686984126984126
1,balanced_rf_missing_leaf5,1180,0,0.34357460317460337,0.39686984126984126
1,balanced_rf_missing_leaf5,1181,0,0.3929365079365081,0.39686984126984126
1,balanced_rf_missing_leaf5,1182,0,0.2919142857142858,0.39686984126984126
1,balanced_rf_missing_leaf5,1183,0,0.4197492063492065,0.39686984126984126
1,balanced_rf_missing_leaf5,1185,1,0.33839841269841275,0.39686984126984126
1,balanced_rf_missing_leaf5,1186,0,0.344736507936508,0.39686984126984126
1,balanced_rf_missing_leaf5,1187,0,0.3478015873015875,0.39686984126984126
1,balanced_rf_missing_leaf5,1188,0,0.3907555555555555,0.39686984126984126
1,balanced_rf_missing_leaf5,1190,0,0.3452380952380952,0.39686984126984126
1,balanced_rf_missing_leaf5,1192,0,0.3839539682539683,0.39686984126984126
1,balanced_rf_missing_leaf5,1193,0,0.31484285714285715,0.39686984126984126
1,balanced_rf_missing_leaf5,1194,0,0.3694063492063492,0.39686984126984126
1,balanced_rf_missing_leaf5,1195,0,0.35821746031746027,0.39686984126984126
1,balanced_rf_missing_leaf5,1196,0,0.4025587301587303,0.39686984126984126
1,balanced_rf_missing_leaf5,1198,0,0.3530857142857143,0.39686984126984126
1,balanced_rf_missing_leaf5,1199,0,0.35551428571428556,0.39686984126984126
1,balanced_rf_missing_leaf5,1200,0,0.4024920634920638,0.39686984126984126
1,balanced_rf_missing_leaf5,1201,0,0.4075492063492064,0.39686984126984126
1,balanced_rf_missing_leaf5,1202,0,0.3929730158730159,0.39686984126984126
1,balanced_rf_missing_leaf5,1203,0,0.36096984126984144,0.39686984126984126
1,balanced_rf_missing_leaf5,1206,0,0.3593190476190477,0.39686984126984126
1,balanced_rf_missing_leaf5,1207,0,0.41391428571428585,0.39686984126984126
1,balanced_rf_missing_leaf5,1210,0,0.3567476190476192,0.39686984126984126
1,balanced_rf_missing_leaf5,1211,1,0.3077142857142859,0.39686984126984126
1,balanced_rf_missing_leaf5,1214,0,0.342495238095238,0.39686984126984126
1,balanced_rf_missing_leaf5,1215,0,0.3422333333333334,0.39686984126984126
1,balanced_rf_missing_leaf5,1216,0,0.3605730158730158,0.39686984126984126
1,balanced_rf_missing_leaf5,1217,0,0.40316666666666673,0.39686984126984126
1,balanced_rf_missing_leaf5,1220,0,0.30467142857142865,0.39686984126984126
1,balanced_rf_missing_leaf5,1221,0,0.3087873015873016,0.39686984126984126
1,balanced_rf_missing_leaf5,1223,0,0.3576650793650793,0.39686984126984126
1,balanced_rf_missing_leaf5,1224,0,0.32081587301587305,0.39686984126984126
1,balanced_rf_missing_leaf5,1227,1,0.316446031746032,0.39686984126984126
1,balanced_rf_missing_leaf5,1228,0,0.3882444444444445,0.39686984126984126
1,balanced_rf_missing_leaf5,1230,0,0.3874873015873016,0.39686984126984126
1,balanced_rf_missing_leaf5,1232,0,0.3452031746031748,0.39686984126984126
1,balanced_rf_missing_leaf5,1233,0,0.3787761904761905,0.39686984126984126
1,balanced_rf_missing_leaf5,1234,0,0.33491587301587317,0.39686984126984126
1,balanced_rf_missing_leaf5,1235,0,0.3673365079365082,0.39686984126984126
1,balanced_rf_missing_leaf5,1238,1,0.34032222222222225,0.39686984126984126
1,balanced_rf_missing_leaf5,1240,0,0.3781746031746031,0.39686984126984126
1,balanced_rf_missing_leaf5,1241,1,0.3508920634920636,0.39686984126984126
1,balanced_rf_missing_leaf5,1243,0,0.3505984126984127,0.39686984126984126
1,balanced_rf_missing_leaf5,1244,0,0.4258190476190479,0.39686984126984126
1,balanced_rf_missing_leaf5,1246,0,0.3966650793650794,0.39686984126984126
1,balanced_rf_missing_leaf5,1247,0,0.3848412698412699,0.39686984126984126
1,balanced_rf_missing_leaf5,1248,0,0.3909952380952382,0.39686984126984126
1,balanced_rf_missing_leaf5,1250,0,0.3791714285714287,0.39686984126984126
1,balanced_rf_missing_leaf5,1251,0,0.3327587301587302,0.39686984126984126
1,balanced_rf_missing_leaf5,1252,0,0.40252698412698423,0.39686984126984126
1,balanced_rf_missing_leaf5,1253,0,0.38579047619047635,0.39686984126984126
1,balanced_rf_missing_leaf5,1255,0,0.41950952380952383,0.39686984126984126
1,balanced_rf_missing_leaf5,1256,0,0.3830396825396827,0.39686984126984126
1,balanced_rf_missing_leaf5,1257,0,0.36503015873015876,0.39686984126984126
1,balanced_rf_missing_leaf5,1258,0,0.31308571428571436,0.39686984126984126
1,balanced_rf_missing_leaf5,1260,0,0.3817111111111112,0.39686984126984126
1,balanced_rf_missing_leaf5,1261,0,0.36417619047619054,0.39686984126984126
1,balanced_rf_missing_leaf5,1262,0,0.36055396825396835,0.39686984126984126
1,balanced_rf_missing_leaf5,1263,0,0.3879285714285716,0.39686984126984126
1,balanced_rf_missing_leaf5,1264,0,0.36276984126984135,0.39686984126984126
1,balanced_rf_missing_leaf5,1265,0,0.2719777777777779,0.39686984126984126
1,balanced_rf_missing_leaf5,1266,0,0.3928095238095238,0.39686984126984126
1,balanced_rf_missing_leaf5,1267,0,0.32771428571428574,0.39686984126984126
1,balanced_rf_missing_leaf5,1269,0,0.33235873015873035,0.39686984126984126
1,balanced_rf_missing_leaf5,1270,0,0.32560952380952385,0.39686984126984126
1,balanced_rf_missing_leaf5,1273,0,0.33903333333333324,0.39686984126984126
1,balanced_rf_missing_leaf5,1275,0,0.3597476190476189,0.39686984126984126
1,balanced_rf_missing_leaf5,1276,0,0.43025714285714267,0.39686984126984126
1,balanced_rf_missing_leaf5,1277,0,0.40228571428571447,0.39686984126984126
1,balanced_rf_missing_leaf5,1278,0,0.4119333333333335,0.39686984126984126
1,balanced_rf_missing_leaf5,1279,0,0.30019841269841285,0.39686984126984126
1,balanced_rf_missing_leaf5,1280,0,0.3517492063492063,0.39686984126984126
1,balanced_rf_missing_leaf5,1281,0,0.36665555555555557,0.39686984126984126
1,balanced_rf_missing_leaf5,1284,0,0.34506349206349207,0.39686984126984126
1,balanced_rf_missing_leaf5,1285,0,0.32390000000000013,0.39686984126984126
1,balanced_rf_missing_leaf5,1286,0,0.3295206349206349,0.39686984126984126
1,balanced_rf_missing_leaf5,1287,0,0.36089365079365077,0.39686984126984126
1,balanced_rf_missing_leaf5,1288,0,0.34388730158730163,0.39686984126984126
1,balanced_rf_missing_leaf5,1289,0,0.34015238095238104,0.39686984126984126
1,balanced_rf_missing_leaf5,1290,0,0.3659888888888888,0.39686984126984126
1,balanced_rf_missing_leaf5,1291,0,0.32059523809523816,0.39686984126984126
1,balanced_rf_missing_leaf5,1292,0,0.4176015873015875,0.39686984126984126
1,balanced_rf_missing_leaf5,1293,0,0.3754841269841268,0.39686984126984126
1,balanced_rf_missing_leaf5,1296,0,0.34655238095238095,0.39686984126984126
1,balanced_rf_missing_leaf5,1297,0,0.47046984126984126,0.39686984126984126
1,balanced_rf_missing_leaf5,1298,0,0.3913380952380954,0.39686984126984126
1,balanced_rf_missing_leaf5,1299,0,0.3356523809523809,0.39686984126984126
1,balanced_rf_missing_leaf5,1300,0,0.38260158730158733,0.39686984126984126
1,balanced_rf_missing_leaf5,1301,0,0.33435079365079357,0.39686984126984126
1,balanced_rf_missing_leaf5,1302,1,0.3424666666666667,0.39686984126984126
1,balanced_rf_missing_leaf5,1303,1,0.38577619047619044,0.39686984126984126
1,balanced_rf_missing_leaf5,1304,0,0.40008730158730177,0.39686984126984126
1,balanced_rf_missing_leaf5,1306,0,0.33641269841269844,0.39686984126984126
1,balanced_rf_missing_leaf5,1308,0,0.3071063492063494,0.39686984126984126
1,balanced_rf_missing_leaf5,1311,0,0.3120698412698413,0.39686984126984126
1,balanced_rf_missing_leaf5,1312,0,0.39796349206349213,0.39686984126984126
1,balanced_rf_missing_leaf5,1313,0,0.3618619047619047,0.39686984126984126
1,balanced_rf_missing_leaf5,1317,0,0.3241190476190478,0.39686984126984126
1,balanced_rf_missing_leaf5,1318,0,0.28612857142857134,0.39686984126984126
1,balanced_rf_missing_leaf5,1319,0,0.368152380952381,0.39686984126984126
1,balanced_rf_missing_leaf5,1320,0,0.38770793650793645,0.39686984126984126
2,rf_weighted_baseline,1321,0,0.050440396083974645,0.10017202175404726
2,rf_weighted_baseline,1322,0,0.06555894746110406,0.10017202175404726
2,rf_weighted_baseline,1323,0,0.0654364863428213,0.10017202175404726
2,rf_weighted_baseline,1324,1,0.06190374535893883,0.10017202175404726
2,rf_weighted_baseline,1325,1,0.03464313024479865,0.10017202175404726
2,rf_weighted_baseline,1326,0,0.15650976743362138,0.10017202175404726
2,rf_weighted_baseline,1327,1,0.050710568723051734,0.10017202175404726
2,rf_weighted_baseline,1329,1,0.043074915328465024,0.10017202175404726
2,rf_weighted_baseline,1330,0,0.03780932586069301,0.10017202175404726
2,rf_weighted_baseline,1331,0,0.05013587238041567,0.10017202175404726
2,rf_weighted_baseline,1332,0,0.031172749391727497,0.10017202175404726
2,rf_weighted_baseline,1335,0,0.040450876782053995,0.10017202175404726
2,rf_weighted_baseline,1337,0,0.08022824500639851,0.10017202175404726
2,rf_weighted_baseline,1338,0,0.042141627649219214,0.10017202175404726
2,rf_weighted_baseline,1339,0,0.08870327684066592,0.10017202175404726
2,rf_weighted_baseline,1340,0,0.031244174901229955,0.10017202175404726
2,rf_weighted_baseline,1341,0,0.042718780666849754,0.10017202175404726
2,rf_weighted_baseline,1342,1,0.07420850036021885,0.10017202175404726
2,rf_weighted_baseline,1343,1,0.06450766875942475,0.10017202175404726
2,rf_weighted_baseline,1346,0,0.06915424709030697,0.10017202175404726
2,rf_weighted_baseline,1347,0,0.034671338465538354,0.10017202175404726
2,rf_weighted_baseline,1348,0,0.050615141004224894,0.10017202175404726
2,rf_weighted_baseline,1349,0,0.03858289577700469,0.10017202175404726
2,rf_weighted_baseline,1355,0,0.03458513275807144,0.10017202175404726
2,rf_weighted_baseline,1356,0,0.05929673485216774,0.10017202175404726
2,rf_weighted_baseline,1358,0,0.05040323140141534,0.10017202175404726
2,rf_weighted_baseline,1359,0,0.058530034741949524,0.10017202175404726
2,rf_weighted_baseline,1362,0,0.06287591240875913,0.10017202175404726
2,rf_weighted_baseline,1363,1,0.10902452444486213,0.10017202175404726
2,rf_weighted_baseline,1365,1,0.05525060827250608,0.10017202175404726
2,rf_weighted_baseline,1368,0,0.030861313868613138,0.10017202175404726
2,rf_weighted_baseline,1369,0,0.06466282014920968,0.10017202175404726
2,rf_weighted_baseline,1371,0,0.04930407472526086,0.10017202175404726
2,rf_weighted_baseline,1372,0,0.05057361992045683,0.10017202175404726
2,rf_weighted_baseline,1373,0,0.03115057642901529,0.10017202175404726
2,rf_weighted_baseline,1374,0,0.06947592656519709,0.10017202175404726
2,rf_weighted_baseline,1376,0,0.04188255903172536,0.10017202175404726
2,rf_weighted_baseline,1378,0,0.07335642288408428,0.10017202175404726
2,rf_weighted_baseline,1379,0,0.04627540807283549,0.10017202175404726
2,rf_weighted_baseline,1380,0,0.02301947078775082,0.10017202175404726
2,rf_weighted_baseline,1381,0,0.05012598332914315,0.10017202175404726
2,rf_weighted_baseline,1383,0,0.0787542951918797,0.10017202175404726
2,rf_weighted_baseline,1384,0,0.04154851167365533,0.10017202175404726
2,rf_weighted_baseline,1386,0,0.062240155224983836,0.10017202175404726
2,rf_weighted_baseline,1387,0,0.06109175469768539,0.10017202175404726
2,rf_weighted_baseline,1388,0,0.06253565845713643,0.10017202175404726
2,rf_weighted_baseline,1389,0,0.0486160651061443,0.10017202175404726
2,rf_weighted_baseline,1391,0,0.022603020174039864,0.10017202175404726
2,rf_weighted_baseline,1392,0,0.042766551999025154,0.10017202175404726
2,rf_weighted_baseline,1393,0,0.06574918753729452,0.10017202175404726
2,rf_weighted_baseline,1395,0,0.0471440657363738,0.10017202175404726
2,rf_weighted_baseline,1399,0,0.06205400093287975,0.10017202175404726
2,rf_weighted_baseline,1400,1,0.03435016429628515,0.10017202175404726
2,rf_weighted_baseline,1401,0,0.058669844602580824,0.10017202175404726
2,rf_weighted_baseline,1402,0,0.08508475886267373,0.10017202175404726
2,rf_weighted_baseline,1403,0,0.03760615691281364,0.10017202175404726
2,rf_weighted_baseline,1404,0,0.07276230343672675,0.10017202175404726
2,rf_weighted_baseline,1405,0,0.05563797604716438,0.10017202175404726
2,rf_weighted_baseline,1406,0,0.09748890871196234,0.10017202175404726
2,rf_weighted_baseline,1408,0,0.06923551670182101,0.10017202175404726
2,rf_weighted_baseline,1409,0,0.054125079306415344,0.10017202175404726
2,rf_weighted_baseline,1410,0,0.05387074429278872,0.10017202175404726
2,rf_weighted_baseline,1413,0,0.04115577367341938,0.10017202175404726
2,rf_weighted_baseline,1414,0,0.037531440816989455,0.10017202175404726
2,rf_weighted_baseline,1415,0,0.02301334611331934,0.10017202175404726
2,rf_weighted_baseline,1416,0,0.0717682156289081,0.10017202175404726
2,rf_weighted_baseline,1417,0,0.026195150025410636,0.10017202175404726
2,rf_weighted_baseline,1418,0,0.03519221411192214,0.10017202175404726
2,rf_weighted_baseline,1419,0,0.054402662755976536,0.10017202175404726
2,rf_weighted_baseline,1420,0,0.038576125059388046,0.10017202175404726
2,rf_weighted_baseline,1422,0,0.06556972546127085,0.10017202175404726
2,rf_weighted_baseline,1423,0,0.04358156980271746,0.10017202175404726
2,rf_weighted_baseline,1425,0,0.08213461322718858,0.10017202175404726
2,rf_weighted_baseline,1426,0,0.07040241464855303,0.10017202175404726
2,rf_weighted_baseline,1427,0,0.1084624831560496,0.10017202175404726
2,rf_weighted_baseline,1428,0,0.026330093574533028,0.10017202175404726
2,rf_weighted_baseline,1429,0,0.04145936585674402,0.10017202175404726
2,rf_weighted_baseline,1430,0,0.04165875398151152,0.10017202175404726
2,rf_weighted_baseline,1434,0,0.08927888372279452,0.10017202175404726
2,rf_weighted_baseline,1435,0,0.07611116561808369,0.10017202175404726
2,rf_weighted_baseline,1436,0,0.06133303151094358,0.10017202175404726
2,rf_weighted_baseline,1438,1,0.05048589456972714,0.10017202175404726
2,rf_weighted_baseline,1440,0,0.04897253696697087,0.10017202175404726
2,rf_weighted_baseline,1443,1,0.06545312516726537,0.10017202175404726
2,rf_weighted_baseline,1444,0,0.042142671689535324,0.10017202175404726
2,rf_weighted_baseline,1445,0,0.03416019718719619,0.10017202175404726
2,rf_weighted_baseline,1447,0,0.0419998515402697,0.10017202175404726
2,rf_weighted_baseline,1449,0,0.04932721850782825,0.10017202175404726
2,rf_weighted_baseline,1450,0,0.026331813348032092,0.10017202175404726
2,rf_weighted_baseline,1451,0,0.03485459927728761,0.10017202175404726
2,rf_weighted_baseline,1452,0,0.03406622948988868,0.10017202175404726
2,rf_weighted_baseline,1454,0,0.028631150838075735,0.10017202175404726
2,rf_weighted_baseline,1455,0,0.05039898155454725,0.10017202175404726
2,rf_weighted_baseline,1457,0,0.03318241903243161,0.10017202175404726
2,rf_weighted_baseline,1458,0,0.1742604258934431,0.10017202175404726
2,rf_weighted_baseline,1459,0,0.06518924905555358,0.10017202175404726
2,rf_weighted_baseline,1460,0,0.05855508984901344,0.10017202175404726
2,rf_weighted_baseline,1461,0,0.0735030488004651,0.10017202175404726
2,rf_weighted_baseline,1462,0,0.011683698296836983,0.10017202175404726
2,rf_weighted_baseline,1463,0,0.02962675301893198,0.10017202175404726
2,rf_weighted_baseline,1464,0,0.0488728929397964,0.10017202175404726
2,rf_weighted_baseline,1465,0,0.02345498783454988,0.10017202175404726
2,rf_weighted_baseline,1467,0,0.04223297117292879,0.10017202175404726
2,rf_weighted_baseline,1468,0,0.018697172654390384,0.10017202175404726
2,rf_weighted_baseline,1469,0,0.045359625948652435,0.10017202175404726
2,rf_weighted_baseline,1470,0,0.06999105584622344,0.10017202175404726
2,rf_weighted_baseline,1471,0,0.04059227343932161,0.10017202175404726
2,rf_weighted_baseline,1473,0,0.049015926282519814,0.10017202175404726
2,rf_weighted_baseline,1475,0,0.057091869229367105,0.10017202175404726
2,rf_weighted_baseline,1476,0,0.06496251089366789,0.10017202175404726
2,rf_weighted_baseline,1480,0,0.03461884570469785,0.10017202175404726
2,rf_weighted_baseline,1481,0,0.018929440389294405,0.10017202175404726
2,rf_weighted_baseline,1483,0,0.019469586374695865,0.10017202175404726
2,rf_weighted_baseline,1484,0,0.02349391727493917,0.10017202175404726
2,rf_weighted_baseline,1485,0,0.05529933135989508,0.10017202175404726
2,rf_weighted_baseline,1487,0,0.08260800342114567,0.10017202175404726
2,rf_weighted_baseline,1488,0,0.038099068390456306,0.10017202175404726
2,rf_weighted_baseline,1489,0,0.11490501554432243,0.10017202175404726
2,rf_weighted_baseline,1490,0,0.03850547949988444,0.10017202175404726
2,rf_weighted_baseline,1492,0,0.038325523600971106,0.10017202175404726
2,rf_weighted_baseline,1494,0,0.05335650561927935,0.10017202175404726
2,rf_weighted_baseline,1496,0,0.06662672038675296,0.10017202175404726
2,rf_weighted_baseline,1497,0,0.03430828377630295,0.10017202175404726
2,rf_weighted_baseline,1500,0,0.027156185995535865,0.10017202175404726
2,rf_weighted_baseline,1501,0,0.029928349129455654,0.10017202175404726
2,rf_weighted_baseline,1502,0,0.03461841364770312,0.10017202175404726
2,rf_weighted_baseline,1503,0,0.042637060153940316,0.10017202175404726
2,rf_weighted_baseline,1504,0,0.05413869219894303,0.10017202175404726
2,rf_weighted_baseline,1505,0,0.061053812012352916,0.10017202175404726
2,rf_weighted_baseline,1506,0,0.04192835485682201,0.10017202175404726
2,rf_weighted_baseline,1507,0,0.0461645889609485,0.10017202175404726
2,rf_weighted_baseline,1508,0,0.0395036496350365,0.10017202175404726
2,rf_weighted_baseline,1509,0,0.0782640693607307,0.10017202175404726
2,rf_weighted_baseline,1510,0,0.03246276113217305,0.10017202175404726
2,rf_weighted_baseline,1511,0,0.047756690997566915,0.10017202175404726
2,rf_weighted_baseline,1512,0,0.019068132588237436,0.10017202175404726
2,rf_weighted_baseline,1513,0,0.05307198855430221,0.10017202175404726
2,rf_weighted_baseline,1514,0,0.04648934781318616,0.10017202175404726
2,rf_weighted_baseline,1515,0,0.09915395675721708,0.10017202175404726
2,rf_weighted_baseline,1516,0,0.0115767036226688,0.10017202175404726
2,rf_weighted_baseline,1517,0,0.031673965936739656,0.10017202175404726
2,rf_weighted_baseline,1518,0,0.05795835823075931,0.10017202175404726
2,rf_weighted_baseline,1519,1,0.06631538107450517,0.10017202175404726
2,rf_weighted_baseline,1520,0,0.05409807019600418,0.10017202175404726
2,rf_weighted_baseline,1521,0,0.018837464659983195,0.10017202175404726
2,rf_weighted_baseline,1523,0,0.06564369404217686,0.10017202175404726
2,rf_weighted_baseline,1524,0,0.05357096858964585,0.10017202175404726
2,rf_weighted_baseline,1526,0,0.039258141817452415,0.10017202175404726
2,rf_weighted_baseline,1527,0,0.03812310887827175,0.10017202175404726
2,rf_weighted_baseline,1530,0,0.05428880057262232,0.10017202175404726
2,rf_weighted_baseline,1532,0,0.06963136763825499,0.10017202175404726
2,rf_weighted_baseline,1533,0,0.07979722870813874,0.10017202175404726
2,rf_weighted_baseline,1534,0,0.0461021897810219,0.10017202175404726
2,rf_weighted_baseline,1535,0,0.07858289844221342,0.10017202175404726
2,rf_weighted_baseline,1536,0,0.03113868613138686,0.10017202175404726
2,rf_weighted_baseline,1538,0,0.0500598996043568,0.10017202175404726
2,rf_weighted_baseline,1539,0,0.08027780263691585,0.10017202175404726
2,rf_weighted_baseline,1542,0,0.08891961583308065,0.10017202175404726
2,rf_weighted_baseline,1544,0,0.06935851509708016,0.10017202175404726
2,rf_weighted_baseline,1545,0,0.07006288581011415,0.10017202175404726
2,rf_weighted_baseline,1546,0,0.045514572977562937,0.10017202175404726
2,rf_weighted_baseline,1547,0,0.05063775583225991,0.10017202175404726
2,rf_weighted_baseline,1548,0,0.06255474452554745,0.10017202175404726
2,rf_weighted_baseline,1549,0,0.04689203889203889,0.10017202175404726
2,rf_weighted_baseline,1550,0,0.04709121548313227,0.10017202175404726
2,rf_weighted_baseline,1551,0,0.058434140191166994,0.10017202175404726
2,rf_weighted_baseline,1553,0,0.030246928686428518,0.10017202175404726
2,rf_weighted_baseline,1554,0,0.04605983186054057,0.10017202175404726
2,rf_weighted_baseline,1555,0,0.05007168977279332,0.10017202175404726
2,rf_weighted_baseline,1556,0,0.024,0.10017202175404726
2,rf_weighted_baseline,1557,0,0.039037687502596986,0.10017202175404726
2,rf_weighted_baseline,1558,0,0.05986635600033599,0.10017202175404726
2,rf_weighted_baseline,1559,0,0.03000194700001947,0.10017202175404726
2,rf_weighted_baseline,1560,0,0.0377362153018811,0.10017202175404726
2,rf_weighted_baseline,1561,0,0.07356303018302424,0.10017202175404726
2,rf_weighted_baseline,1562,0,0.045765965156026996,0.10017202175404726
2,rf_weighted_baseline,1564,0,0.03894290016563771,0.10017202175404726
2,rf_weighted_baseline,1566,0,0.08626468683280444,0.10017202175404726
2,rf_missing,1321,0,0.06945999021056048,0.06481022511476292
2,rf_missing,1322,0,0.03425045201901828,0.06481022511476292
2,rf_missing,1323,0,0.07726299151223814,0.06481022511476292
2,rf_missing,1324,1,0.06018344967876561,0.06481022511476292
2,rf_missing,1325,1,0.03811680024811453,0.06481022511476292
2,rf_missing,1326,0,0.1261617582722321,0.06481022511476292
2,rf_missing,1327,1,0.06076965898445946,0.06481022511476292
2,rf_missing,1329,1,0.05093430656934306,0.06481022511476292
2,rf_missing,1330,0,0.03783774999520581,0.06481022511476292
2,rf_missing,1331,0,0.07361127234020635,0.06481022511476292
2,rf_missing,1332,0,0.029615124739453783,0.06481022511476292
2,rf_missing,1335,0,0.02665016798535764,0.06481022511476292
2,rf_missing,1337,0,0.0783698296836983,0.06481022511476292
2,rf_missing,1338,0,0.07271769186601365,0.06481022511476292
2,rf_missing,1339,0,0.05117800466752735,0.06481022511476292
2,rf_missing,1340,0,0.061941000370009075,0.06481022511476292
2,rf_missing,1341,0,0.054286826809433336,0.06481022511476292
2,rf_missing,1342,1,0.050184231491179725,0.06481022511476292
2,rf_missing,1343,1,0.03911435523114355,0.06481022511476292
2,rf_missing,1346,0,0.06440719882590391,0.06481022511476292
2,rf_missing,1347,0,0.04647141399531321,0.06481022511476292
2,rf_missing,1348,0,0.08027714335477157,0.06481022511476292
2,rf_missing,1349,0,0.023136246797333383,0.06481022511476292
2,rf_missing,1355,0,0.03845503083936414,0.06481022511476292
2,rf_missing,1356,0,0.037950127260699434,0.06481022511476292
2,rf_missing,1358,0,0.041607525924273914,0.06481022511476292
2,rf_missing,1359,0,0.06439537361801773,0.06481022511476292
2,rf_missing,1362,0,0.05480570515141632,0.06481022511476292
2,rf_missing,1363,1,0.06677365716343163,0.06481022511476292
2,rf_missing,1365,1,0.09968356257263453,0.06481022511476292
2,rf_missing,1368,0,0.05746752476871942,0.06481022511476292
2,rf_missing,1369,0,0.053845157500060276,0.06481022511476292
2,rf_missing,1371,0,0.04336739659367397,0.06481022511476292
2,rf_missing,1372,0,0.029911867539301248,0.06481022511476292
2,rf_missing,1373,0,0.0348661800486618,0.06481022511476292
2,rf_missing,1374,0,0.08109781004490206,0.06481022511476292
2,rf_missing,1376,0,0.04969908339625807,0.06481022511476292
2,rf_missing,1378,0,0.08098662361106439,0.06481022511476292
2,rf_missing,1379,0,0.06185340912913317,0.06481022511476292
2,rf_missing,1380,0,0.02745498783454988,0.06481022511476292
2,rf_missing,1381,0,0.05896670332966703,0.06481022511476292
2,rf_missing,1383,0,0.07190795114707342,0.06481022511476292
2,rf_missing,1384,0,0.05225723078672196,0.06481022511476292
2,rf_missing,1386,0,0.055639902676399025,0.06481022511476292
2,rf_missing,1387,0,0.06449072580574255,0.06481022511476292
2,rf_missing,1388,0,0.05689460194432434,0.06481022511476292
2,rf_missing,1389,0,0.05376170613452736,0.06481022511476292
2,rf_missing,1391,0,0.03067768816854181,0.06481022511476292
2,rf_missing,1392,0,0.04185806548787703,0.06481022511476292
2,rf_missing,1393,0,0.058242079491110446,0.06481022511476292
2,rf_missing,1395,0,0.050447016107732126,0.06481022511476292
2,rf_missing,1399,0,0.047489051094890516,0.06481022511476292
2,rf_missing,1400,1,0.06494430007269646,0.06481022511476292
2,rf_missing,1401,0,0.09167575121800729,0.06481022511476292
2,rf_missing,1402,0,0.06657985097354424,0.06481022511476292
2,rf_missing,1403,0,0.04294383826222189,0.06481022511476292
2,rf_missing,1404,0,0.07868624661678279,0.06481022511476292
2,rf_missing,1405,0,0.07319224568301544,0.06481022511476292
2,rf_missing,1406,0,0.019472727272727273,0.06481022511476292
2,rf_missing,1408,0,0.06070004121902784,0.06481022511476292
2,rf_missing,1409,0,0.05571268831343152,0.06481022511476292
2,rf_missing,1410,0,0.0765430238731368,0.06481022511476292
2,rf_missing,1413,0,0.03400791847955745,0.06481022511476292
2,rf_missing,1414,0,0.053677947672978205,0.06481022511476292
2,rf_missing,1415,0,0.030930138724927808,0.06481022511476292
2,rf_missing,1416,0,0.059940569125476545,0.06481022511476292
2,rf_missing,1417,0,0.02935895282508397,0.06481022511476292
2,rf_missing,1418,0,0.03419890108722216,0.06481022511476292
2,rf_missing,1419,0,0.056953538277503254,0.06481022511476292
2,rf_missing,1420,0,0.051888975364815695,0.06481022511476292
2,rf_missing,1422,0,0.0656225319868059,0.06481022511476292
2,rf_missing,1423,0,0.0431338199513382,0.06481022511476292
2,rf_missing,1425,0,0.06985401459854015,0.06481022511476292
2,rf_missing,1426,0,0.036,0.06481022511476292
2,rf_missing,1427,0,0.12924413118648798,0.06481022511476292
2,rf_missing,1428,0,0.06105999293251297,0.06481022511476292
2,rf_missing,1429,0,0.09195922050742944,0.06481022511476292
2,rf_missing,1430,0,0.05280277196349064,0.06481022511476292
2,rf_missing,1434,0,0.05801894042879379,0.06481022511476292
2,rf_missing,1435,0,0.08486287385515401,0.06481022511476292
2,rf_missing,1436,0,0.06635060839763576,0.06481022511476292
2,rf_missing,1438,1,0.04167693723292144,0.06481022511476292
2,rf_missing,1440,0,0.053072073417347286,0.06481022511476292
2,rf_missing,1443,1,0.07387261781225042,0.06481022511476292
2,rf_missing,1444,0,0.056603500651657625,0.06481022511476292
2,rf_missing,1445,0,0.10596366477023572,0.06481022511476292
2,rf_missing,1447,0,0.05881158387921732,0.06481022511476292
2,rf_missing,1449,0,0.046874437141504556,0.06481022511476292
2,rf_missing,1450,0,0.050330900243309,0.06481022511476292
2,rf_missing,1451,0,0.03798964557152532,0.06481022511476292
2,rf_missing,1452,0,0.030790277620766103,0.06481022511476292
2,rf_missing,1454,0,0.06405067998848785,0.06481022511476292
2,rf_missing,1455,0,0.07848763621495009,0.06481022511476292
2,rf_missing,1457,0,0.05617366005838632,0.06481022511476292
2,rf_missing,1458,0,0.14142872438923962,0.06481022511476292
2,rf_missing,1459,0,0.07359164809015001,0.06481022511476292
2,rf_missing,1460,0,0.07679780702960057,0.06481022511476292
2,rf_missing,1461,0,0.09427630635872064,0.06481022511476292
2,rf_missing,1462,0,0.02536166142229768,0.06481022511476292
2,rf_missing,1463,0,0.03827413379551096,0.06481022511476292
2,rf_missing,1464,0,0.06498480292752924,0.06481022511476292
2,rf_missing,1465,0,0.03371065031405496,0.06481022511476292
2,rf_missing,1467,0,0.02645799401830886,0.06481022511476292
2,rf_missing,1468,0,0.045413189351828934,0.06481022511476292
2,rf_missing,1469,0,0.0725563115224068,0.06481022511476292
2,rf_missing,1470,0,0.03392862896982466,0.06481022511476292
2,rf_missing,1471,0,0.07506148091484129,0.06481022511476292
2,rf_missing,1473,0,0.030163119370230272,0.06481022511476292
2,rf_missing,1475,0,0.06091003664566662,0.06481022511476292
2,rf_missing,1476,0,0.06506825655985204,0.06481022511476292
2,rf_missing,1480,0,0.030653483742534838,0.06481022511476292
2,rf_missing,1481,0,0.06917509198139014,0.06481022511476292
2,rf_missing,1483,0,0.04276068848469756,0.06481022511476292
2,rf_missing,1484,0,0.03419610005785931,0.06481022511476292
2,rf_missing,1485,0,0.035121076160385074,0.06481022511476292
2,rf_missing,1487,0,0.04330940794809408,0.06481022511476292
2,rf_missing,1488,0,0.07417811520132775,0.06481022511476292
2,rf_missing,1489,0,0.11845453938789514,0.06481022511476292
2,rf_missing,1490,0,0.06508109004198033,0.06481022511476292
2,rf_missing,1492,0,0.04982906162991948,0.06481022511476292
2,rf_missing,1494,0,0.07002867967303555,0.06481022511476292
2,rf_missing,1496,0,0.043086460296943074,0.06481022511476292
2,rf_missing,1497,0,0.060987297374158686,0.06481022511476292
2,rf_missing,1500,0,0.03496097946655633,0.06481022511476292
2,rf_missing,1501,0,0.03127493917274939,0.06481022511476292
2,rf_missing,1502,0,0.042108657276713694,0.06481022511476292
2,rf_missing,1503,0,0.03959974372468709,0.06481022511476292
2,rf_missing,1504,0,0.04147742306655339,0.06481022511476292
2,rf_missing,1505,0,0.05521208281687554,0.06481022511476292
2,rf_missing,1506,0,0.04317396481884686,0.06481022511476292
2,rf_missing,1507,0,0.0659709473716701,0.06481022511476292
2,rf_missing,1508,0,0.04906377669052351,0.06481022511476292
2,rf_missing,1509,0,0.0692104940237135,0.06481022511476292
2,rf_missing,1510,0,0.0716225274555792,0.06481022511476292
2,rf_missing,1511,0,0.05428029687459175,0.06481022511476292
2,rf_missing,1512,0,0.042362348127358514,0.06481022511476292
2,rf_missing,1513,0,0.06924536834641244,0.06481022511476292
2,rf_missing,1514,0,0.0614657779404989,0.06481022511476292
2,rf_missing,1515,0,0.07687653959875268,0.06481022511476292
2,rf_missing,1516,0,0.0378495838111216,0.06481022511476292
2,rf_missing,1517,0,0.04914699018227849,0.06481022511476292
2,rf_missing,1518,0,0.05043183375226017,0.06481022511476292
2,rf_missing,1519,1,0.06310339335972359,0.06481022511476292
2,rf_missing,1520,0,0.08001313700297126,0.06481022511476292
2,rf_missing,1521,0,0.026845485817144514,0.06481022511476292
2,rf_missing,1523,0,0.07263850875675734,0.06481022511476292
2,rf_missing,1524,0,0.04978883751777412,0.06481022511476292
2,rf_missing,1526,0,0.016,0.06481022511476292
2,rf_missing,1527,0,0.03797583025967044,0.06481022511476292
2,rf_missing,1530,0,0.07585794536633612,0.06481022511476292
2,rf_missing,1532,0,0.06173975195683013,0.06481022511476292
2,rf_missing,1533,0,0.06177243080454572,0.06481022511476292
2,rf_missing,1534,0,0.03445681545516723,0.06481022511476292
2,rf_missing,1535,0,0.04522618705333149,0.06481022511476292
2,rf_missing,1536,0,0.040691021517177614,0.06481022511476292
2,rf_missing,1538,0,0.04259998775055108,0.06481022511476292
2,rf_missing,1539,0,0.058001905008275935,0.06481022511476292
2,rf_missing,1542,0,0.06717028125503603,0.06481022511476292
2,rf_missing,1544,0,0.06691805673095537,0.06481022511476292
2,rf_missing,1545,0,0.06590990314855406,0.06481022511476292
2,rf_missing,1546,0,0.06060412352673826,0.06481022511476292
2,rf_missing,1547,0,0.0670271679750264,0.06481022511476292
2,rf_missing,1548,0,0.07243128627488278,0.06481022511476292
2,rf_missing,1549,0,0.02321745811688854,0.06481022511476292
2,rf_missing,1550,0,0.023474452554744524,0.06481022511476292
2,rf_missing,1551,0,0.038498335735447815,0.06481022511476292
2,rf_missing,1553,0,0.0534136395707576,0.06481022511476292
2,rf_missing,1554,0,0.04588040557962326,0.06481022511476292
2,rf_missing,1555,0,0.07760260811377667,0.06481022511476292
2,rf_missing,1556,0,0.06543682672628609,0.06481022511476292
2,rf_missing,1557,0,0.04600018076142918,0.06481022511476292
2,rf_missing,1558,0,0.0709223621701127,0.06481022511476292
2,rf_missing,1559,0,0.02680310795720539,0.06481022511476292
2,rf_missing,1560,0,0.02143883672073352,0.06481022511476292
2,rf_missing,1561,0,0.050122791650340504,0.06481022511476292
2,rf_missing,1562,0,0.03872569549921037,0.06481022511476292
2,rf_missing,1564,0,0.035057703689090544,0.06481022511476292
2,rf_missing,1566,0,0.05851094890510949,0.06481022511476292
2,rf_missing_pruned,1321,0,0.05262428747276322,0.07654443259029155
2,rf_missing_pruned,1322,0,0.054416095198384085,0.07654443259029155
2,rf_missing_pruned,1323,0,0.059525621459457737,0.07654443259029155
2,rf_missing_pruned,1324,1,0.07650297684648834,0.07654443259029155
2,rf_missing_pruned,1325,1,0.0673429947834158,0.07654443259029155
2,rf_missing_pruned,1326,0,0.15303530157888356,0.07654443259029155
2,rf_missing_pruned,1327,1,0.09524679298125215,0.07654443259029155
2,rf_missing_pruned,1329,1,0.06234733255269261,0.07654443259029155
2,rf_missing_pruned,1330,0,0.06602666441513101,0.07654443259029155
2,rf_missing_pruned,1331,0,0.05798053527980535,0.07654443259029155
2,rf_missing_pruned,1332,0,0.037992930144215016,0.07654443259029155
2,rf_missing_pruned,1335,0,0.06890479476012824,0.07654443259029155
2,rf_missing_pruned,1337,0,0.07882717154325572,0.07654443259029155
2,rf_missing_pruned,1338,0,0.0685686019104422,0.07654443259029155
2,rf_missing_pruned,1339,0,0.06506787582812072,0.07654443259029155
2,rf_missing_pruned,1340,0,0.0699298845885275,0.07654443259029155
2,rf_missing_pruned,1341,0,0.054981738858507045,0.07654443259029155
2,rf_missing_pruned,1342,1,0.05164625243236328,0.07654443259029155
2,rf_missing_pruned,1343,1,0.06449304646499934,0.07654443259029155
2,rf_missing_pruned,1346,0,0.08097953039271093,0.07654443259029155
2,rf_missing_pruned,1347,0,0.06593737303291422,0.07654443259029155
2,rf_missing_pruned,1348,0,0.08580368629803688,0.07654443259029155
2,rf_missing_pruned,1349,0,0.034208216480749905,0.07654443259029155
2,rf_missing_pruned,1355,0,0.04267664856148044,0.07654443259029155
2,rf_missing_pruned,1356,0,0.0930924844182941,0.07654443259029155
2,rf_missing_pruned,1358,0,0.045918854987527145,0.07654443259029155
2,rf_missing_pruned,1359,0,0.08140927387556865,0.07654443259029155
2,rf_missing_pruned,1362,0,0.0545010760162454,0.07654443259029155
2,rf_missing_pruned,1363,1,0.07194153392420942,0.07654443259029155
2,rf_missing_pruned,1365,1,0.06601863710152207,0.07654443259029155
2,rf_missing_pruned,1368,0,0.06888365986248154,0.07654443259029155
2,rf_missing_pruned,1369,0,0.07306132554835787,0.07654443259029155
2,rf_missing_pruned,1371,0,0.04620285918715374,0.07654443259029155
2,rf_missing_pruned,1372,0,0.03627743324897066,0.07654443259029155
2,rf_missing_pruned,1373,0,0.0352770971102805,0.07654443259029155
2,rf_missing_pruned,1374,0,0.08433657961506515,0.07654443259029155
2,rf_missing_pruned,1376,0,0.07495076465705583,0.07654443259029155
2,rf_missing_pruned,1378,0,0.06964602469104834,0.07654443259029155
2,rf_missing_pruned,1379,0,0.05382367667430452,0.07654443259029155
2,rf_missing_pruned,1380,0,0.0338153345417063,0.07654443259029155
2,rf_missing_pruned,1381,0,0.07036078494432975,0.07654443259029155
2,rf_missing_pruned,1383,0,0.06456608224611614,0.07654443259029155
2,rf_missing_pruned,1384,0,0.048828902496462746,0.07654443259029155
2,rf_missing_pruned,1386,0,0.06928479807410377,0.07654443259029155
2,rf_missing_pruned,1387,0,0.05052258399628202,0.07654443259029155
2,rf_missing_pruned,1388,0,0.04430572532276223,0.07654443259029155
2,rf_missing_pruned,1389,0,0.05540778491811336,0.07654443259029155
2,rf_missing_pruned,1391,0,0.049868674425588504,0.07654443259029155
2,rf_missing_pruned,1392,0,0.018984340572153965,0.07654443259029155
2,rf_missing_pruned,1393,0,0.0694473892220397,0.07654443259029155
2,rf_missing_pruned,1395,0,0.03941375422773393,0.07654443259029155
2,rf_missing_pruned,1399,0,0.04527342110982693,0.07654443259029155
2,rf_missing_pruned,1400,1,0.07441602697983707,0.07654443259029155
2,rf_missing_pruned,1401,0,0.03415184577094948,0.07654443259029155
2,rf_missing_pruned,1402,0,0.07542883622783278,0.07654443259029155
2,rf_missing_pruned,1403,0,0.05331266786741239,0.07654443259029155
2,rf_missing_pruned,1404,0,0.07673763963887262,0.07654443259029155
2,rf_missing_pruned,1405,0,0.042745879296782106,0.07654443259029155
2,rf_missing_pruned,1406,0,0.06071057501316585,0.07654443259029155
2,rf_missing_pruned,1408,0,0.07212058506610977,0.07654443259029155
2,rf_missing_pruned,1409,0,0.04228789118214615,0.07654443259029155
2,rf_missing_pruned,1410,0,0.06226671927401855,0.07654443259029155
2,rf_missing_pruned,1413,0,0.05368597775845208,0.07654443259029155
2,rf_missing_pruned,1414,0,0.0491492943603086,0.07654443259029155
2,rf_missing_pruned,1415,0,0.023236563389959403,0.07654443259029155
2,rf_missing_pruned,1416,0,0.026386175390287203,0.07654443259029155
2,rf_missing_pruned,1417,0,0.05347058712215588,0.07654443259029155
2,rf_missing_pruned,1418,0,0.05348740568069475,0.07654443259029155
2,rf_missing_pruned,1419,0,0.05093574964342646,0.07654443259029155
2,rf_missing_pruned,1420,0,0.04181929247436314,0.07654443259029155
2,rf_missing_pruned,1422,0,0.053409268740150694,0.07654443259029155
2,rf_missing_pruned,1423,0,0.04546573531814393,0.07654443259029155
2,rf_missing_pruned,1425,0,0.03182210927573062,0.07654443259029155
2,rf_missing_pruned,1426,0,0.038145355398253374,0.07654443259029155
2,rf_missing_pruned,1427,0,0.11460875713688876,0.07654443259029155
2,rf_missing_pruned,1428,0,0.05026201270754553,0.07654443259029155
2,rf_missing_pruned,1429,0,0.06424136176543957,0.07654443259029155
2,rf_missing_pruned,1430,0,0.04179222546476353,0.07654443259029155
2,rf_missing_pruned,1434,0,0.05708100953863962,0.07654443259029155
2,rf_missing_pruned,1435,0,0.11870342692247017,0.07654443259029155
2,rf_missing_pruned,1436,0,0.06024769391002822,0.07654443259029155
2,rf_missing_pruned,1438,1,0.07484594753456861,0.07654443259029155
2,rf_missing_pruned,1440,0,0.08019558339188618,0.07654443259029155
2,rf_missing_pruned,1443,1,0.07900126607565423,0.07654443259029155
2,rf_missing_pruned,1444,0,0.041857241866032645,0.07654443259029155
2,rf_missing_pruned,1445,0,0.0654610255738578,0.07654443259029155
2,rf_missing_pruned,1447,0,0.04117522295909892,0.07654443259029155
2,rf_missing_pruned,1449,0,0.0470215911988157,0.07654443259029155
2,rf_missing_pruned,1450,0,0.042496153173643685,0.07654443259029155
2,rf_missing_pruned,1451,0,0.04208428939193642,0.07654443259029155
2,rf_missing_pruned,1452,0,0.03489582224233613,0.07654443259029155
2,rf_missing_pruned,1454,0,0.03708303786878754,0.07654443259029155
2,rf_missing_pruned,1455,0,0.0763612314212044,0.07654443259029155
2,rf_missing_pruned,1457,0,0.04398719905888384,0.07654443259029155
2,rf_missing_pruned,1458,0,0.16830905254208184,0.07654443259029155
2,rf_missing_pruned,1459,0,0.042300924744786424,0.07654443259029155
2,rf_missing_pruned,1460,0,0.06119390577391095,0.07654443259029155
2,rf_missing_pruned,1461,0,0.06065268484971568,0.07654443259029155
2,rf_missing_pruned,1462,0,0.027450121654501215,0.07654443259029155
2,rf_missing_pruned,1463,0,0.029843873389369127,0.07654443259029155
2,rf_missing_pruned,1464,0,0.05705139234884263,0.07654443259029155
2,rf_missing_pruned,1465,0,0.023290728865127404,0.07654443259029155
2,rf_missing_pruned,1467,0,0.10795826351616235,0.07654443259029155
2,rf_missing_pruned,1468,0,0.05420693818819043,0.07654443259029155
2,rf_missing_pruned,1469,0,0.061832349577617476,0.07654443259029155
2,rf_missing_pruned,1470,0,0.054525012855199666,0.07654443259029155
2,rf_missing_pruned,1471,0,0.06065759751552888,0.07654443259029155
2,rf_missing_pruned,1473,0,0.06770191516745815,0.07654443259029155
2,rf_missing_pruned,1475,0,0.06423116984134779,0.07654443259029155
2,rf_missing_pruned,1476,0,0.08954040601906278,0.07654443259029155
2,rf_missing_pruned,1480,0,0.04337226277372262,0.07654443259029155
2,rf_missing_pruned,1481,0,0.05357347846697764,0.07654443259029155
2,rf_missing_pruned,1483,0,0.022885169750145682,0.07654443259029155
2,rf_missing_pruned,1484,0,0.041523886096882824,0.07654443259029155
2,rf_missing_pruned,1485,0,0.0678800787666237,0.07654443259029155
2,rf_missing_pruned,1487,0,0.05872991046026093,0.07654443259029155
2,rf_missing_pruned,1488,0,0.10107634725698098,0.07654443259029155
2,rf_missing_pruned,1489,0,0.09793226935196467,0.07654443259029155
2,rf_missing_pruned,1490,0,0.07706742684621368,0.07654443259029155
2,rf_missing_pruned,1492,0,0.04210554047895776,0.07654443259029155
2,rf_missing_pruned,1494,0,0.06499519806917127,0.07654443259029155
2,rf_missing_pruned,1496,0,0.03161287201781096,0.07654443259029155
2,rf_missing_pruned,1497,0,0.053552346693008124,0.07654443259029155
2,rf_missing_pruned,1500,0,0.04636127839880572,0.07654443259029155
2,rf_missing_pruned,1501,0,0.05743231497778209,0.07654443259029155
2,rf_missing_pruned,1502,0,0.04656447688564477,0.07654443259029155
2,rf_missing_pruned,1503,0,0.057980628146031776,0.07654443259029155
2,rf_missing_pruned,1504,0,0.02644169195780649,0.07654443259029155
2,rf_missing_pruned,1505,0,0.046775708258344546,0.07654443259029155
2,rf_missing_pruned,1506,0,0.046207060714800616,0.07654443259029155
2,rf_missing_pruned,1507,0,0.05973488514937866,0.07654443259029155
2,rf_missing_pruned,1508,0,0.04896837650258629,0.07654443259029155
2,rf_missing_pruned,1509,0,0.06450826435544511,0.07654443259029155
2,rf_missing_pruned,1510,0,0.05779202208582916,0.07654443259029155
2,rf_missing_pruned,1511,0,0.04975033149088693,0.07654443259029155
2,rf_missing_pruned,1512,0,0.04190706756036466,0.07654443259029155
2,rf_missing_pruned,1513,0,0.06947549734150761,0.07654443259029155
2,rf_missing_pruned,1514,0,0.06791415167111159,0.07654443259029155
2,rf_missing_pruned,1515,0,0.05849675914648659,0.07654443259029155
2,rf_missing_pruned,1516,0,0.07409961405259492,0.07654443259029155
2,rf_missing_pruned,1517,0,0.065679322554536,0.07654443259029155
2,rf_missing_pruned,1518,0,0.08321636389634447,0.07654443259029155
2,rf_missing_pruned,1519,1,0.08061574479257344,0.07654443259029155
2,rf_missing_pruned,1520,0,0.05368148784759257,0.07654443259029155
2,rf_missing_pruned,1521,0,0.03797609656357733,0.07654443259029155
2,rf_missing_pruned,1523,0,0.08308793004521207,0.07654443259029155
2,rf_missing_pruned,1524,0,0.04740560385794626,0.07654443259029155
2,rf_missing_pruned,1526,0,0.045971686994913,0.07654443259029155
2,rf_missing_pruned,1527,0,0.011527980535279805,0.07654443259029155
2,rf_missing_pruned,1530,0,0.10362304364315222,0.07654443259029155
2,rf_missing_pruned,1532,0,0.049882078371128284,0.07654443259029155
2,rf_missing_pruned,1533,0,0.053166154469273454,0.07654443259029155
2,rf_missing_pruned,1534,0,0.04085703018721409,0.07654443259029155
2,rf_missing_pruned,1535,0,0.08030382281508087,0.07654443259029155
2,rf_missing_pruned,1536,0,0.06829256766167881,0.07654443259029155
2,rf_missing_pruned,1538,0,0.04608603290315529,0.07654443259029155
2,rf_missing_pruned,1539,0,0.05427908958557885,0.07654443259029155
2,rf_missing_pruned,1542,0,0.11637524815532345,0.07654443259029155
2,rf_missing_pruned,1544,0,0.06953050181833274,0.07654443259029155
2,rf_missing_pruned,1545,0,0.06879115671199319,0.07654443259029155
2,rf_missing_pruned,1546,0,0.05193724456634994,0.07654443259029155
2,rf_missing_pruned,1547,0,0.03504853649112914,0.07654443259029155
2,rf_missing_pruned,1548,0,0.061128143036550536,0.07654443259029155
2,rf_missing_pruned,1549,0,0.08039226629723872,0.07654443259029155
2,rf_missing_pruned,1550,0,0.05019964429036378,0.07654443259029155
2,rf_missing_pruned,1551,0,0.060970594659045044,0.07654443259029155
2,rf_missing_pruned,1553,0,0.06439932830274173,0.07654443259029155
2,rf_missing_pruned,1554,0,0.06397267157400681,0.07654443259029155
2,rf_missing_pruned,1555,0,0.07251895675454598,0.07654443259029155
2,rf_missing_pruned,1556,0,0.04560663470069549,0.07654443259029155
2,rf_missing_pruned,1557,0,0.043310052599926124,0.07654443259029155
2,rf_missing_pruned,1558,0,0.07676332793026912,0.07654443259029155
2,rf_missing_pruned,1559,0,0.03143815002680523,0.07654443259029155
2,rf_missing_pruned,1560,0,0.04770920239493793,0.07654443259029155
2,rf_missing_pruned,1561,0,0.03724753366410584,0.07654443259029155
2,rf_missing_pruned,1562,0,0.07055092475095753,0.07654443259029155
2,rf_missing_pruned,1564,0,0.043508515815085164,0.07654443259029155
2,rf_missing_pruned,1566,0,0.07638908235243207,0.07654443259029155
2,balanced_rf,1321,0,0.3453333333333333,0.368
2,balanced_rf,1322,0,0.29066666666666663,0.368
2,balanced_rf,1323,0,0.3846666666666666,0.368
2,balanced_rf,1324,1,0.32133333333333325,0.368
2,balanced_rf,1325,1,0.3,0.368
2,balanced_rf,1326,0,0.5126666666666667,0.368
2,balanced_rf,1327,1,0.3726666666666667,0.368
2,balanced_rf,1329,1,0.31166666666666665,0.368
2,balanced_rf,1330,0,0.29466666666666663,0.368
2,balanced_rf,1331,0,0.33466666666666667,0.368
2,balanced_rf,1332,0,0.2746666666666666,0.368
2,balanced_rf,1335,0,0.2833333333333334,0.368
2,balanced_rf,1337,0,0.3726666666666667,0.368
2,balanced_rf,1338,0,0.3766666666666667,0.368
2,balanced_rf,1339,0,0.38266666666666677,0.368
2,balanced_rf,1340,0,0.3506666666666666,0.368
2,balanced_rf,1341,0,0.324,0.368
2,balanced_rf,1342,1,0.27133333333333337,0.368
2,balanced_rf,1343,1,0.269,0.368
2,balanced_rf,1346,0,0.3246666666666666,0.368
2,balanced_rf,1347,0,0.38200000000000006,0.368
2,balanced_rf,1348,0,0.3466666666666667,0.368
2,balanced_rf,1349,0,0.3106666666666667,0.368
2,balanced_rf,1355,0,0.26266666666666666,0.368
2,balanced_rf,1356,0,0.40800000000000003,0.368
2,balanced_rf,1358,0,0.29300000000000004,0.368
2,balanced_rf,1359,0,0.39533333333333326,0.368
2,balanced_rf,1362,0,0.3313333333333333,0.368
2,balanced_rf,1363,1,0.4066666666666667,0.368
2,balanced_rf,1365,1,0.38,0.368
2,balanced_rf,1368,0,0.3,0.368
2,balanced_rf,1369,0,0.316,0.368
2,balanced_rf,1371,0,0.3406666666666666,0.368
2,balanced_rf,1372,0,0.24466666666666664,0.368
2,balanced_rf,1373,0,0.30800000000000005,0.368
2,balanced_rf,1374,0,0.344,0.368
2,balanced_rf,1376,0,0.30533333333333335,0.368
2,balanced_rf,1378,0,0.3493333333333334,0.368
2,balanced_rf,1379,0,0.34266666666666673,0.368
2,balanced_rf,1380,0,0.24933333333333332,0.368
2,balanced_rf,1381,0,0.33133333333333337,0.368
2,balanced_rf,1383,0,0.32733333333333337,0.368
2,balanced_rf,1384,0,0.256,0.368
2,balanced_rf,1386,0,0.366,0.368
2,balanced_rf,1387,0,0.37200000000000005,0.368
2,balanced_rf,1388,0,0.3426666666666666,0.368
2,balanced_rf,1389,0,0.332,0.368
2,balanced_rf,1391,0,0.2693333333333333,0.368
2,balanced_rf,1392,0,0.246,0.368
2,balanced_rf,1393,0,0.24733333333333332,0.368
2,balanced_rf,1395,0,0.33333333333333337,0.368
2,balanced_rf,1399,0,0.2673333333333333,0.368
2,balanced_rf,1400,1,0.3306666666666666,0.368
2,balanced_rf,1401,0,0.3479999999999999,0.368
2,balanced_rf,1402,0,0.41733333333333333,0.368
2,balanced_rf,1403,0,0.3473333333333334,0.368
2,balanced_rf,1404,0,0.3453333333333334,0.368
2,balanced_rf,1405,0,0.294,0.368
2,balanced_rf,1406,0,0.336,0.368
2,balanced_rf,1408,0,0.35133333333333333,0.368
2,balanced_rf,1409,0,0.34266666666666673,0.368
2,balanced_rf,1410,0,0.394,0.368
2,balanced_rf,1413,0,0.287,0.368
2,balanced_rf,1414,0,0.21800000000000003,0.368
2,balanced_rf,1415,0,0.3153333333333333,0.368
2,balanced_rf,1416,0,0.2946666666666667,0.368
2,balanced_rf,1417,0,0.3293333333333333,0.368
2,balanced_rf,1418,0,0.268,0.368
2,balanced_rf,1419,0,0.31100000000000005,0.368
2,balanced_rf,1420,0,0.298,0.368
2,balanced_rf,1422,0,0.33666666666666667,0.368
2,balanced_rf,1423,0,0.3453333333333333,0.368
2,balanced_rf,1425,0,0.45600000000000007,0.368
2,balanced_rf,1426,0,0.39,0.368
2,balanced_rf,1427,0,0.35666666666666663,0.368
2,balanced_rf,1428,0,0.31000000000000005,0.368
2,balanced_rf,1429,0,0.33666666666666667,0.368
2,balanced_rf,1430,0,0.30266666666666664,0.368
2,balanced_rf,1434,0,0.35733333333333334,0.368
2,balanced_rf,1435,0,0.406,0.368
2,balanced_rf,1436,0,0.308,0.368
2,balanced_rf,1438,1,0.2823333333333333,0.368
2,balanced_rf,1440,0,0.3496666666666667,0.368
2,balanced_rf,1443,1,0.30566666666666664,0.368
2,balanced_rf,1444,0,0.2926666666666667,0.368
2,balanced_rf,1445,0,0.3713333333333333,0.368
2,balanced_rf,1447,0,0.32733333333333337,0.368
2,balanced_rf,1449,0,0.37999999999999995,0.368
2,balanced_rf,1450,0,0.31033333333333324,0.368
2,balanced_rf,1451,0,0.29533333333333334,0.368
2,balanced_rf,1452,0,0.3293333333333333,0.368
2,balanced_rf,1454,0,0.236,0.368
2,balanced_rf,1455,0,0.3506666666666666,0.368
2,balanced_rf,1457,0,0.308,0.368
2,balanced_rf,1458,0,0.474,0.368
2,balanced_rf,1459,0,0.2813333333333333,0.368
2,balanced_rf,1460,0,0.36366666666666664,0.368
2,balanced_rf,1461,0,0.3826666666666667,0.368
2,balanced_rf,1462,0,0.23533333333333334,0.368
2,balanced_rf,1463,0,0.15933333333333335,0.368
2,balanced_rf,1464,0,0.33066666666666666,0.368
2,balanced_rf,1465,0,0.22600000000000003,0.368
2,balanced_rf,1467,0,0.35466666666666663,0.368
2,balanced_rf,1468,0,0.26399999999999996,0.368
2,balanced_rf,1469,0,0.38866666666666666,0.368
2,balanced_rf,1470,0,0.36000000000000004,0.368
2,balanced_rf,1471,0,0.25366666666666665,0.368
2,balanced_rf,1473,0,0.3400000000000001,0.368
2,balanced_rf,1475,0,0.2686666666666666,0.368
2,balanced_rf,1476,0,0.384,0.368
2,balanced_rf,1480,0,0.25333333333333335,0.368
2,balanced_rf,1481,0,0.3086666666666667,0.368
2,balanced_rf,1483,0,0.244,0.368
2,balanced_rf,1484,0,0.2993333333333334,0.368
2,balanced_rf,1485,0,0.3713333333333333,0.368
2,balanced_rf,1487,0,0.36199999999999993,0.368
2,balanced_rf,1488,0,0.35833333333333334,0.368
2,balanced_rf,1489,0,0.43866666666666676,0.368
2,balanced_rf,1490,0,0.33,0.368
2,balanced_rf,1492,0,0.242,0.368
2,balanced_rf,1494,0,0.3413333333333334,0.368
2,balanced_rf,1496,0,0.30266666666666664,0.368
2,balanced_rf,1497,0,0.3466666666666666,0.368
2,balanced_rf,1500,0,0.3293333333333333,0.368
2,balanced_rf,1501,0,0.2993333333333334,0.368
2,balanced_rf,1502,0,0.3293333333333333,0.368
2,balanced_rf,1503,0,0.3573333333333334,0.368
2,balanced_rf,1504,0,0.2553333333333333,0.368
2,balanced_rf,1505,0,0.30933333333333335,0.368
2,balanced_rf,1506,0,0.3646666666666667,0.368
2,balanced_rf,1507,0,0.334,0.368
2,balanced_rf,1508,0,0.274,0.368
2,balanced_rf,1509,0,0.3773333333333332,0.368
2,balanced_rf,1510,0,0.263,0.368
2,balanced_rf,1511,0,0.33466666666666667,0.368
2,balanced_rf,1512,0,0.272,0.368
2,balanced_rf,1513,0,0.3566666666666667,0.368
2,balanced_rf,1514,0,0.3706666666666667,0.368
2,balanced_rf,1515,0,0.37466666666666665,0.368
2,balanced_rf,1516,0,0.2916666666666667,0.368
2,balanced_rf,1517,0,0.35466666666666663,0.368
2,balanced_rf,1518,0,0.3380000000000001,0.368
2,balanced_rf,1519,1,0.3346666666666666,0.368
2,balanced_rf,1520,0,0.332,0.368
2,balanced_rf,1521,0,0.3033333333333333,0.368
2,balanced_rf,1523,0,0.328,0.368
2,balanced_rf,1524,0,0.3653333333333333,0.368
2,balanced_rf,1526,0,0.3400000000000001,0.368
2,balanced_rf,1527,0,0.3806666666666667,0.368
2,balanced_rf,1530,0,0.3383333333333333,0.368
2,balanced_rf,1532,0,0.3233333333333333,0.368
2,balanced_rf,1533,0,0.359,0.368
2,balanced_rf,1534,0,0.2356666666666667,0.368
2,balanced_rf,1535,0,0.31799999999999995,0.368
2,balanced_rf,1536,0,0.3093333333333333,0.368
2,balanced_rf,1538,0,0.3499999999999999,0.368
2,balanced_rf,1539,0,0.3973333333333334,0.368
2,balanced_rf,1542,0,0.3666666666666667,0.368
2,balanced_rf,1544,0,0.348,0.368
2,balanced_rf,1545,0,0.36066666666666664,0.368
2,balanced_rf,1546,0,0.324,0.368
2,balanced_rf,1547,0,0.304,0.368
2,balanced_rf,1548,0,0.3866666666666666,0.368
2,balanced_rf,1549,0,0.2866666666666666,0.368
2,balanced_rf,1550,0,0.3286666666666666,0.368
2,balanced_rf,1551,0,0.354,0.368
2,balanced_rf,1553,0,0.25333333333333335,0.368
2,balanced_rf,1554,0,0.2986666666666667,0.368
2,balanced_rf,1555,0,0.3533333333333334,0.368
2,balanced_rf,1556,0,0.2973333333333334,0.368
2,balanced_rf,1557,0,0.3353333333333333,0.368
2,balanced_rf,1558,0,0.28933333333333333,0.368
2,balanced_rf,1559,0,0.302,0.368
2,balanced_rf,1560,0,0.26733333333333337,0.368
2,balanced_rf,1561,0,0.3453333333333334,0.368
2,balanced_rf,1562,0,0.3146666666666667,0.368
2,balanced_rf,1564,0,0.304,0.368
2,balanced_rf,1566,0,0.36666666666666664,0.368
2,balanced_rf_missing,1321,0,0.32733333333333337,0.35633333333333334
2,balanced_rf_missing,1322,0,0.25666666666666665,0.35633333333333334
2,balanced_rf_missing,1323,0,0.3906666666666666,0.35633333333333334
2,balanced_rf_missing,1324,1,0.294,0.35633333333333334
2,balanced_rf_missing,1325,1,0.262,0.35633333333333334
2,balanced_rf_missing,1326,0,0.5486666666666667,0.35633333333333334
2,balanced_rf_missing,1327,1,0.29000000000000004,0.35633333333333334
2,balanced_rf_missing,1329,1,0.3500000000000001,0.35633333333333334
2,balanced_rf_missing,1330,0,0.2706666666666666,0.35633333333333334
2,balanced_rf_missing,1331,0,0.3353333333333333,0.35633333333333334
2,balanced_rf_missing,1332,0,0.2766666666666666,0.35633333333333334
2,balanced_rf_missing,1335,0,0.36133333333333334,0.35633333333333334
2,balanced_rf_missing,1337,0,0.334,0.35633333333333334
2,balanced_rf_missing,1338,0,0.332,0.35633333333333334
2,balanced_rf_missing,1339,0,0.4033333333333333,0.35633333333333334
2,balanced_rf_missing,1340,0,0.326,0.35633333333333334
2,balanced_rf_missing,1341,0,0.37466666666666665,0.35633333333333334
2,balanced_rf_missing,1342,1,0.2853333333333333,0.35633333333333334
2,balanced_rf_missing,1343,1,0.271,0.35633333333333334
2,balanced_rf_missing,1346,0,0.33333333333333337,0.35633333333333334
2,balanced_rf_missing,1347,0,0.3526666666666667,0.35633333333333334
2,balanced_rf_missing,1348,0,0.3393333333333333,0.35633333333333334
2,balanced_rf_missing,1349,0,0.2879999999999999,0.35633333333333334
2,balanced_rf_missing,1355,0,0.2673333333333333,0.35633333333333334
2,balanced_rf_missing,1356,0,0.3413333333333334,0.35633333333333334
2,balanced_rf_missing,1358,0,0.2793333333333333,0.35633333333333334
2,balanced_rf_missing,1359,0,0.376,0.35633333333333334
2,balanced_rf_missing,1362,0,0.326,0.35633333333333334
2,balanced_rf_missing,1363,1,0.3606666666666667,0.35633333333333334
2,balanced_rf_missing,1365,1,0.3706666666666667,0.35633333333333334
2,balanced_rf_missing,1368,0,0.32199999999999995,0.35633333333333334
2,balanced_rf_missing,1369,0,0.3653333333333334,0.35633333333333334
2,balanced_rf_missing,1371,0,0.2853333333333333,0.35633333333333334
2,balanced_rf_missing,1372,0,0.30333333333333334,0.35633333333333334
2,balanced_rf_missing,1373,0,0.316,0.35633333333333334
2,balanced_rf_missing,1374,0,0.37466666666666665,0.35633333333333334
2,balanced_rf_missing,1376,0,0.31,0.35633333333333334
2,balanced_rf_missing,1378,0,0.34,0.35633333333333334
2,balanced_rf_missing,1379,0,0.38000000000000006,0.35633333333333334
2,balanced_rf_missing,1380,0,0.27133333333333326,0.35633333333333334
2,balanced_rf_missing,1381,0,0.3146666666666667,0.35633333333333334
2,balanced_rf_missing,1383,0,0.376,0.35633333333333334
2,balanced_rf_missing,1384,0,0.30399999999999994,0.35633333333333334
2,balanced_rf_missing,1386,0,0.3476666666666667,0.35633333333333334
2,balanced_rf_missing,1387,0,0.3506666666666667,0.35633333333333334
2,balanced_rf_missing,1388,0,0.3533333333333334,0.35633333333333334
2,balanced_rf_missing,1389,0,0.3133333333333333,0.35633333333333334
2,balanced_rf_missing,1391,0,0.3033333333333333,0.35633333333333334
2,balanced_rf_missing,1392,0,0.282,0.35633333333333334
2,balanced_rf_missing,1393,0,0.2813333333333334,0.35633333333333334
2,balanced_rf_missing,1395,0,0.306,0.35633333333333334
2,balanced_rf_missing,1399,0,0.31999999999999995,0.35633333333333334
2,balanced_rf_missing,1400,1,0.322,0.35633333333333334
2,balanced_rf_missing,1401,0,0.3666666666666667,0.35633333333333334
2,balanced_rf_missing,1402,0,0.4466666666666667,0.35633333333333334
2,balanced_rf_missing,1403,0,0.3575333333333333,0.35633333333333334
2,balanced_rf_missing,1404,0,0.35100000000000003,0.35633333333333334
2,balanced_rf_missing,1405,0,0.2846666666666667,0.35633333333333334
2,balanced_rf_missing,1406,0,0.3553333333333334,0.35633333333333334
2,balanced_rf_missing,1408,0,0.3213333333333333,0.35633333333333334
2,balanced_rf_missing,1409,0,0.3793333333333333,0.35633333333333334
2,balanced_rf_missing,1410,0,0.36666666666666664,0.35633333333333334
2,balanced_rf_missing,1413,0,0.28933333333333333,0.35633333333333334
2,balanced_rf_missing,1414,0,0.246,0.35633333333333334
2,balanced_rf_missing,1415,0,0.26586666666666664,0.35633333333333334
2,balanced_rf_missing,1416,0,0.29786666666666667,0.35633333333333334
2,balanced_rf_missing,1417,0,0.3406666666666667,0.35633333333333334
2,balanced_rf_missing,1418,0,0.30333333333333334,0.35633333333333334
2,balanced_rf_missing,1419,0,0.33666666666666667,0.35633333333333334
2,balanced_rf_missing,1420,0,0.2933333333333334,0.35633333333333334
2,balanced_rf_missing,1422,0,0.31066666666666665,0.35633333333333334
2,balanced_rf_missing,1423,0,0.3552,0.35633333333333334
2,balanced_rf_missing,1425,0,0.4353333333333333,0.35633333333333334
2,balanced_rf_missing,1426,0,0.3153333333333333,0.35633333333333334
2,balanced_rf_missing,1427,0,0.3793333333333333,0.35633333333333334
2,balanced_rf_missing,1428,0,0.27666666666666667,0.35633333333333334
2,balanced_rf_missing,1429,0,0.3136666666666667,0.35633333333333334
2,balanced_rf_missing,1430,0,0.27799999999999997,0.35633333333333334
2,balanced_rf_missing,1434,0,0.3453333333333334,0.35633333333333334
2,balanced_rf_missing,1435,0,0.3843333333333333,0.35633333333333334
2,balanced_rf_missing,1436,0,0.3653333333333333,0.35633333333333334
2,balanced_rf_missing,1438,1,0.29000000000000004,0.35633333333333334
2,balanced_rf_missing,1440,0,0.3712,0.35633333333333334
2,balanced_rf_missing,1443,1,0.36500000000000005,0.35633333333333334
2,balanced_rf_missing,1444,0,0.31200000000000006,0.35633333333333334
2,balanced_rf_missing,1445,0,0.37500000000000006,0.35633333333333334
2,balanced_rf_missing,1447,0,0.3072,0.35633333333333334
2,balanced_rf_missing,1449,0,0.33899999999999997,0.35633333333333334
2,balanced_rf_missing,1450,0,0.3186666666666667,0.35633333333333334
2,balanced_rf_missing,1451,0,0.33066666666666666,0.35633333333333334
2,balanced_rf_missing,1452,0,0.3565333333333333,0.35633333333333334
2,balanced_rf_missing,1454,0,0.30599999999999994,0.35633333333333334
2,balanced_rf_missing,1455,0,0.3486666666666666,0.35633333333333334
2,balanced_rf_missing,1457,0,0.316,0.35633333333333334
2,balanced_rf_missing,1458,0,0.5195333333333333,0.35633333333333334
2,balanced_rf_missing,1459,0,0.34866666666666674,0.35633333333333334
2,balanced_rf_missing,1460,0,0.3553333333333334,0.35633333333333334
2,balanced_rf_missing,1461,0,0.3753333333333333,0.35633333333333334
2,balanced_rf_missing,1462,0,0.254,0.35633333333333334
2,balanced_rf_missing,1463,0,0.24200000000000002,0.35633333333333334
2,balanced_rf_missing,1464,0,0.332,0.35633333333333334
2,balanced_rf_missing,1465,0,0.2833333333333333,0.35633333333333334
2,balanced_rf_missing,1467,0,0.37200000000000005,0.35633333333333334
2,balanced_rf_missing,1468,0,0.26333333333333336,0.35633333333333334
2,balanced_rf_missing,1469,0,0.3473333333333334,0.35633333333333334
2,balanced_rf_missing,1470,0,0.36666666666666664,0.35633333333333334
2,balanced_rf_missing,1471,0,0.28333333333333344,0.35633333333333334
2,balanced_rf_missing,1473,0,0.29800000000000004,0.35633333333333334
2,balanced_rf_missing,1475,0,0.3,0.35633333333333334
2,balanced_rf_missing,1476,0,0.36933333333333335,0.35633333333333334
2,balanced_rf_missing,1480,0,0.208,0.35633333333333334
2,balanced_rf_missing,1481,0,0.25266666666666665,0.35633333333333334
2,balanced_rf_missing,1483,0,0.196,0.35633333333333334
2,balanced_rf_missing,1484,0,0.23866666666666667,0.35633333333333334
2,balanced_rf_missing,1485,0,0.326,0.35633333333333334
2,balanced_rf_missing,1487,0,0.33266666666666667,0.35633333333333334
2,balanced_rf_missing,1488,0,0.39066666666666666,0.35633333333333334
2,balanced_rf_missing,1489,0,0.4246666666666667,0.35633333333333334
2,balanced_rf_missing,1490,0,0.30400000000000005,0.35633333333333334
2,balanced_rf_missing,1492,0,0.30933333333333335,0.35633333333333334
2,balanced_rf_missing,1494,0,0.31733333333333336,0.35633333333333334
2,balanced_rf_missing,1496,0,0.2933333333333334,0.35633333333333334
2,balanced_rf_missing,1497,0,0.31599999999999995,0.35633333333333334
2,balanced_rf_missing,1500,0,0.3433333333333334,0.35633333333333334
2,balanced_rf_missing,1501,0,0.304,0.35633333333333334
2,balanced_rf_missing,1502,0,0.32866666666666666,0.35633333333333334
2,balanced_rf_missing,1503,0,0.3366666666666666,0.35633333333333334
2,balanced_rf_missing,1504,0,0.21733333333333335,0.35633333333333334
2,balanced_rf_missing,1505,0,0.32566666666666666,0.35633333333333334
2,balanced_rf_missing,1506,0,0.31866666666666665,0.35633333333333334
2,balanced_rf_missing,1507,0,0.36200000000000004,0.35633333333333334
2,balanced_rf_missing,1508,0,0.3006666666666667,0.35633333333333334
2,balanced_rf_missing,1509,0,0.3473333333333334,0.35633333333333334
2,balanced_rf_missing,1510,0,0.2833333333333334,0.35633333333333334
2,balanced_rf_missing,1511,0,0.3373333333333334,0.35633333333333334
2,balanced_rf_missing,1512,0,0.31633333333333324,0.35633333333333334
2,balanced_rf_missing,1513,0,0.3420000000000001,0.35633333333333334
2,balanced_rf_missing,1514,0,0.3602,0.35633333333333334
2,balanced_rf_missing,1515,0,0.35866666666666663,0.35633333333333334
2,balanced_rf_missing,1516,0,0.318,0.35633333333333334
2,balanced_rf_missing,1517,0,0.2893333333333333,0.35633333333333334
2,balanced_rf_missing,1518,0,0.328,0.35633333333333334
2,balanced_rf_missing,1519,1,0.3153333333333333,0.35633333333333334
2,balanced_rf_missing,1520,0,0.28,0.35633333333333334
2,balanced_rf_missing,1521,0,0.24733333333333335,0.35633333333333334
2,balanced_rf_missing,1523,0,0.3713333333333333,0.35633333333333334
2,balanced_rf_missing,1524,0,0.3242,0.35633333333333334
2,balanced_rf_missing,1526,0,0.2768666666666667,0.35633333333333334
2,balanced_rf_missing,1527,0,0.2886666666666667,0.35633333333333334
2,balanced_rf_missing,1530,0,0.33533333333333337,0.35633333333333334
2,balanced_rf_missing,1532,0,0.3233333333333333,0.35633333333333334
2,balanced_rf_missing,1533,0,0.346,0.35633333333333334
2,balanced_rf_missing,1534,0,0.3236666666666666,0.35633333333333334
2,balanced_rf_missing,1535,0,0.2820000000000001,0.35633333333333334
2,balanced_rf_missing,1536,0,0.2492,0.35633333333333334
2,balanced_rf_missing,1538,0,0.2786666666666666,0.35633333333333334
2,balanced_rf_missing,1539,0,0.336,0.35633333333333334
2,balanced_rf_missing,1542,0,0.3713333333333333,0.35633333333333334
2,balanced_rf_missing,1544,0,0.334,0.35633333333333334
2,balanced_rf_missing,1545,0,0.36933333333333335,0.35633333333333334
2,balanced_rf_missing,1546,0,0.32333333333333336,0.35633333333333334
2,balanced_rf_missing,1547,0,0.31400000000000006,0.35633333333333334
2,balanced_rf_missing,1548,0,0.33133333333333337,0.35633333333333334
2,balanced_rf_missing,1549,0,0.3056666666666667,0.35633333333333334
2,balanced_rf_missing,1550,0,0.264,0.35633333333333334
2,balanced_rf_missing,1551,0,0.29266666666666663,0.35633333333333334
2,balanced_rf_missing,1553,0,0.2746666666666666,0.35633333333333334
2,balanced_rf_missing,1554,0,0.298,0.35633333333333334
2,balanced_rf_missing,1555,0,0.36733333333333335,0.35633333333333334
2,balanced_rf_missing,1556,0,0.2773333333333333,0.35633333333333334
2,balanced_rf_missing,1557,0,0.3406666666666666,0.35633333333333334
2,balanced_rf_missing,1558,0,0.31466666666666665,0.35633333333333334
2,balanced_rf_missing,1559,0,0.29866666666666664,0.35633333333333334
2,balanced_rf_missing,1560,0,0.2626666666666666,0.35633333333333334
2,balanced_rf_missing,1561,0,0.348,0.35633333333333334
2,balanced_rf_missing,1562,0,0.308,0.35633333333333334
2,balanced_rf_missing,1564,0,0.3,0.35633333333333334
2,balanced_rf_missing,1566,0,0.4073333333333333,0.35633333333333334
2,balanced_rf_missing_leaf5,1321,0,0.35481269841269863,0.3779825396825397
2,balanced_rf_missing_leaf5,1322,0,0.2572253968253969,0.3779825396825397
2,balanced_rf_missing_leaf5,1323,0,0.397461904761905,0.3779825396825397
2,balanced_rf_missing_leaf5,1324,1,0.3396238095238097,0.3779825396825397
2,balanced_rf_missing_leaf5,1325,1,0.2958365079365079,0.3779825396825397
2,balanced_rf_missing_leaf5,1326,0,0.5664142857142859,0.3779825396825397
2,balanced_rf_missing_leaf5,1327,1,0.3700190476190476,0.3779825396825397
2,balanced_rf_missing_leaf5,1329,1,0.3256825396825397,0.3779825396825397
2,balanced_rf_missing_leaf5,1330,0,0.2644190476190477,0.3779825396825397
2,balanced_rf_missing_leaf5,1331,0,0.3254253968253967,0.3779825396825397
2,balanced_rf_missing_leaf5,1332,0,0.3049555555555555,0.3779825396825397
2,balanced_rf_missing_leaf5,1335,0,0.37078095238095243,0.3779825396825397
2,balanced_rf_missing_leaf5,1337,0,0.3410888888888889,0.3779825396825397
2,balanced_rf_missing_leaf5,1338,0,0.361820634920635,0.3779825396825397
2,balanced_rf_missing_leaf5,1339,0,0.41808730158730173,0.3779825396825397
2,balanced_rf_missing_leaf5,1340,0,0.2650793650793652,0.3779825396825397
2,balanced_rf_missing_leaf5,1341,0,0.36165079365079367,0.3779825396825397
2,balanced_rf_missing_leaf5,1342,1,0.31917460317460333,0.3779825396825397
2,balanced_rf_missing_leaf5,1343,1,0.3221174603174603,0.3779825396825397
2,balanced_rf_missing_leaf5,1346,0,0.36323809523809514,0.3779825396825397
2,balanced_rf_missing_leaf5,1347,0,0.34433174603174616,0.3779825396825397
2,balanced_rf_missing_leaf5,1348,0,0.285820634920635,0.3779825396825397
2,balanced_rf_missing_leaf5,1349,0,0.2960746031746031,0.3779825396825397
2,balanced_rf_missing_leaf5,1355,0,0.3049111111111112,0.3779825396825397
2,balanced_rf_missing_leaf5,1356,0,0.43040952380952385,0.3779825396825397
2,balanced_rf_missing_leaf5,1358,0,0.3278190476190476,0.3779825396825397
2,balanced_rf_missing_leaf5,1359,0,0.31976190476190486,0.3779825396825397
2,balanced_rf_missing_leaf5,1362,0,0.3324666666666667,0.3779825396825397
2,balanced_rf_missing_leaf5,1363,1,0.40744761904761895,0.3779825396825397
2,balanced_rf_missing_leaf5,1365,1,0.3294380952380953,0.3779825396825397
2,balanced_rf_missing_leaf5,1368,0,0.32235238095238095,0.3779825396825397
2,balanced_rf_missing_leaf5,1369,0,0.26372222222222225,0.3779825396825397
2,balanced_rf_missing_leaf5,1371,0,0.3239142857142858,0.3779825396825397
2,balanced_rf_missing_leaf5,1372,0,0.30145555555555564,0.3779825396825397
2,balanced_rf_missing_leaf5,1373,0,0.2907968253968255,0.3779825396825397
2,balanced_rf_missing_leaf5,1374,0,0.38398253968253965,0.3779825396825397
2,balanced_rf_missing_leaf5,1376,0,0.29219523809523806,0.3779825396825397
2,balanced_rf_missing_leaf5,1378,0,0.378336507936508,0.3779825396825397
2,balanced_rf_missing_leaf5,1379,0,0.3498222222222223,0.3779825396825397
2,balanced_rf_missing_leaf5,1380,0,0.24673492063492053,0.3779825396825397
2,balanced_rf_missing_leaf5,1381,0,0.32953015873015884,0.3779825396825397
2,balanced_rf_missing_leaf5,1383,0,0.36665079365079384,0.3779825396825397
2,balanced_rf_missing_leaf5,1384,0,0.31961428571428574,0.3779825396825397
2,balanced_rf_missing_leaf5,1386,0,0.3615952380952383,0.3779825396825397
2,balanced_rf_missing_leaf5,1387,0,0.38105079365079375,0.3779825396825397
2,balanced_rf_missing_leaf5,1388,0,0.32444285714285714,0.3779825396825397
2,balanced_rf_missing_leaf5,1389,0,0.3132492063492063,0.3779825396825397
2,balanced_rf_missing_leaf5,1391,0,0.3407682539682541,0.3779825396825397
2,balanced_rf_missing_leaf5,1392,0,0.28206349206349207,0.3779825396825397
2,balanced_rf_missing_leaf5,1393,0,0.28639047619047614,0.3779825396825397
2,balanced_rf_missing_leaf5,1395,0,0.3250888888888889,0.3779825396825397
2,balanced_rf_missing_leaf5,1399,0,0.3419666666666667,0.3779825396825397
2,balanced_rf_missing_leaf5,1400,1,0.34884920634920635,0.3779825396825397
2,balanced_rf_missing_leaf5,1401,0,0.41111746031746044,0.3779825396825397
2,balanced_rf_missing_leaf5,1402,0,0.46262380952380977,0.3779825396825397
2,balanced_rf_missing_leaf5,1403,0,0.3831492063492063,0.3779825396825397
2,balanced_rf_missing_leaf5,1404,0,0.37908571428571425,0.3779825396825397
2,balanced_rf_missing_leaf5,1405,0,0.31833492063492064,0.3779825396825397
2,balanced_rf_missing_leaf5,1406,0,0.36848730158730153,0.3779825396825397
2,balanced_rf_missing_leaf5,1408,0,0.3443507936507938,0.3779825396825397
2,balanced_rf_missing_leaf5,1409,0,0.40939682539682537,0.3779825396825397
2,balanced_rf_missing_leaf5,1410,0,0.3430158730158732,0.3779825396825397
2,balanced_rf_missing_leaf5,1413,0,0.29975396825396833,0.3779825396825397
2,balanced_rf_missing_leaf5,1414,0,0.27100158730158747,0.3779825396825397
2,balanced_rf_missing_leaf5,1415,0,0.27130317460317455,0.3779825396825397
2,balanced_rf_missing_leaf5,1416,0,0.2666904761904762,0.3779825396825397
2,balanced_rf_missing_leaf5,1417,0,0.3510904761904763,0.3779825396825397
2,balanced_rf_missing_leaf5,1418,0,0.3564666666666667,0.3779825396825397
2,balanced_rf_missing_leaf5,1419,0,0.3204444444444444,0.3779825396825397
2,balanced_rf_missing_leaf5,1420,0,0.320525396825397,0.3779825396825397
2,balanced_rf_missing_leaf5,1422,0,0.3390222222222222,0.3779825396825397
2,balanced_rf_missing_leaf5,1423,0,0.36980000000000013,0.3779825396825397
2,balanced_rf_missing_leaf5,1425,0,0.43534920634920626,0.3779825396825397
2,balanced_rf_missing_leaf5,1426,0,0.377,0.3779825396825397
2,balanced_rf_missing_leaf5,1427,0,0.3885809523809525,0.3779825396825397
2,balanced_rf_missing_leaf5,1428,0,0.3147349206349208,0.3779825396825397
2,balanced_rf_missing_leaf5,1429,0,0.3699634920634922,0.3779825396825397
2,balanced_rf_missing_leaf5,1430,0,0.32822857142857154,0.3779825396825397
2,balanced_rf_missing_leaf5,1434,0,0.3616587301587301,0.3779825396825397
2,balanced_rf_missing_leaf5,1435,0,0.39344126984126965,0.3779825396825397
2,balanced_rf_missing_leaf5,1436,0,0.3601412698412699,0.3779825396825397
2,balanced_rf_missing_leaf5,1438,1,0.3430714285714286,0.3779825396825397
2,balanced_rf_missing_leaf5,1440,0,0.3612015873015872,0.3779825396825397
2,balanced_rf_missing_leaf5,1443,1,0.373952380952381,0.3779825396825397
2,balanced_rf_missing_leaf5,1444,0,0.31260476190476194,0.3779825396825397
2,balanced_rf_missing_leaf5,1445,0,0.41134920634920646,0.3779825396825397
2,balanced_rf_missing_leaf5,1447,0,0.31142063492063504,0.3779825396825397
2,balanced_rf_missing_leaf5,1449,0,0.3830730158730158,0.3779825396825397
2,balanced_rf_missing_leaf5,1450,0,0.3520571428571429,0.3779825396825397
2,balanced_rf_missing_leaf5,1451,0,0.3506174603174604,0.3779825396825397
2,balanced_rf_missing_leaf5,1452,0,0.2841873015873015,0.3779825396825397
2,balanced_rf_missing_leaf5,1454,0,0.27472380952380954,0.3779825396825397
2,balanced_rf_missing_leaf5,1455,0,0.3352333333333333,0.3779825396825397
2,balanced_rf_missing_leaf5,1457,0,0.3084873015873016,0.3779825396825397
2,balanced_rf_missing_leaf5,1458,0,0.5309761904761903,0.3779825396825397
2,balanced_rf_missing_leaf5,1459,0,0.32903333333333346,0.3779825396825397
2,balanced_rf_missing_leaf5,1460,0,0.38736666666666664,0.3779825396825397
2,balanced_rf_missing_leaf5,1461,0,0.40210476190476213,0.3779825396825397
2,balanced_rf_missing_leaf5,1462,0,0.2547396825396827,0.3779825396825397
2,balanced_rf_missing_leaf5,1463,0,0.24428888888888894,0.3779825396825397
2,balanced_rf_missing_leaf5,1464,0,0.3411587301587302,0.3779825396825397
2,balanced_rf_missing_leaf5,1465,0,0.24893174603174614,0.3779825396825397
2,balanced_rf_missing_leaf5,1467,0,0.3277333333333332,0.3779825396825397
2,balanced_rf_missing_leaf5,1468,0,0.25666825396825405,0.3779825396825397
2,balanced_rf_missing_leaf5,1469,0,0.38141904761904766,0.3779825396825397
2,balanced_rf_missing_leaf5,1470,0,0.4087142857142857,0.3779825396825397
2,balanced_rf_missing_leaf5,1471,0,0.27882539682539687,0.3779825396825397
2,balanced_rf_missing_leaf5,1473,0,0.3388095238095238,0.3779825396825397
2,balanced_rf_missing_leaf5,1475,0,0.2819904761904762,0.3779825396825397
2,balanced_rf_missing_leaf5,1476,0,0.3914174603174605,0.3779825396825397
2,balanced_rf_missing_leaf5,1480,0,0.26102063492063493,0.3779825396825397
2,balanced_rf_missing_leaf5,1481,0,0.3239714285714286,0.3779825396825397
2,balanced_rf_missing_leaf5,1483,0,0.21514126984126986,0.3779825396825397
2,balanced_rf_missing_leaf5,1484,0,0.2855539682539682,0.3779825396825397
2,balanced_rf_missing_leaf5,1485,0,0.41295396825396824,0.3779825396825397
2,balanced_rf_missing_leaf5,1487,0,0.3857873015873017,0.3779825396825397
2,balanced_rf_missing_leaf5,1488,0,0.39548412698412716,0.3779825396825397
2,balanced_rf_missing_leaf5,1489,0,0.4079873015873016,0.3779825396825397
2,balanced_rf_missing_leaf5,1490,0,0.33219523809523827,0.3779825396825397
2,balanced_rf_missing_leaf5,1492,0,0.2933666666666666,0.3779825396825397
2,balanced_rf_missing_leaf5,1494,0,0.33690476190476176,0.3779825396825397
2,balanced_rf_missing_leaf5,1496,0,0.264215873015873,0.3779825396825397
2,balanced_rf_missing_leaf5,1497,0,0.38080793650793654,0.3779825396825397
2,balanced_rf_missing_leaf5,1500,0,0.3227634920634922,0.3779825396825397
2,balanced_rf_missing_leaf5,1501,0,0.34648571428571434,0.3779825396825397
2,balanced_rf_missing_leaf5,1502,0,0.34068571428571426,0.3779825396825397
2,balanced_rf_missing_leaf5,1503,0,0.3557206349206349,0.3779825396825397
2,balanced_rf_missing_leaf5,1504,0,0.28415555555555544,0.3779825396825397
2,balanced_rf_missing_leaf5,1505,0,0.308836507936508,0.3779825396825397
2,balanced_rf_missing_leaf5,1506,0,0.3558587301587302,0.3779825396825397
2,balanced_rf_missing_leaf5,1507,0,0.35199047619047613,0.3779825396825397
2,balanced_rf_missing_leaf5,1508,0,0.2961825396825396,0.3779825396825397
2,balanced_rf_missing_leaf5,1509,0,0.3869126984126985,0.3779825396825397
2,balanced_rf_missing_leaf5,1510,0,0.27352857142857145,0.3779825396825397
2,balanced_rf_missing_leaf5,1511,0,0.3389539682539683,0.3779825396825397
2,balanced_rf_missing_leaf5,1512,0,0.31849365079365066,0.3779825396825397
2,balanced_rf_missing_leaf5,1513,0,0.3952587301587302,0.3779825396825397
2,balanced_rf_missing_leaf5,1514,0,0.3753031746031747,0.3779825396825397
2,balanced_rf_missing_leaf5,1515,0,0.3996349206349206,0.3779825396825397
2,balanced_rf_missing_leaf5,1516,0,0.3445349206349207,0.3779825396825397
2,balanced_rf_missing_leaf5,1517,0,0.3600253968253969,0.3779825396825397
2,balanced_rf_missing_leaf5,1518,0,0.33064603174603174,0.3779825396825397
2,balanced_rf_missing_leaf5,1519,1,0.34894126984127005,0.3779825396825397
2,balanced_rf_missing_leaf5,1520,0,0.32561587301587297,0.3779825396825397
2,balanced_rf_missing_leaf5,1521,0,0.3359269841269842,0.3779825396825397
2,balanced_rf_missing_leaf5,1523,0,0.4074825396825397,0.3779825396825397
2,balanced_rf_missing_leaf5,1524,0,0.34658888888888895,0.3779825396825397
2,balanced_rf_missing_leaf5,1526,0,0.3060000000000001,0.3779825396825397
2,balanced_rf_missing_leaf5,1527,0,0.3415841269841268,0.3779825396825397
2,balanced_rf_missing_leaf5,1530,0,0.3399063492063491,0.3779825396825397
2,balanced_rf_missing_leaf5,1532,0,0.3331174603174604,0.3779825396825397
2,balanced_rf_missing_leaf5,1533,0,0.36245555555555564,0.3779825396825397
2,balanced_rf_missing_leaf5,1534,0,0.3217761904761906,0.3779825396825397
2,balanced_rf_missing_leaf5,1535,0,0.3245746031746032,0.3779825396825397
2,balanced_rf_missing_leaf5,1536,0,0.2853222222222223,0.3779825396825397
2,balanced_rf_missing_leaf5,1538,0,0.29438412698412697,0.3779825396825397
2,balanced_rf_missing_leaf5,1539,0,0.33634126984126994,0.3779825396825397
2,balanced_rf_missing_leaf5,1542,0,0.40072857142857154,0.3779825396825397
2,balanced_rf_missing_leaf5,1544,0,0.391720634920635,0.3779825396825397
2,balanced_rf_missing_leaf5,1545,0,0.3815492063492064,0.3779825396825397
2,balanced_rf_missing_leaf5,1546,0,0.3327619047619048,0.3779825396825397
2,balanced_rf_missing_leaf5,1547,0,0.3063777777777778,0.3779825396825397
2,balanced_rf_missing_leaf5,1548,0,0.33369682539682544,0.3779825396825397
2,balanced_rf_missing_leaf5,1549,0,0.32591428571428577,0.3779825396825397
2,balanced_rf_missing_leaf5,1550,0,0.36040952380952374,0.3779825396825397
2,balanced_rf_missing_leaf5,1551,0,0.31673492063492076,0.3779825396825397
2,balanced_rf_missing_leaf5,1553,0,0.3279317460317461,0.3779825396825397
2,balanced_rf_missing_leaf5,1554,0,0.30584285714285714,0.3779825396825397
2,balanced_rf_missing_leaf5,1555,0,0.3917841269841271,0.3779825396825397
2,balanced_rf_missing_leaf5,1556,0,0.2903079365079365,0.3779825396825397
2,balanced_rf_missing_leaf5,1557,0,0.2906809523809525,0.3779825396825397
2,balanced_rf_missing_leaf5,1558,0,0.30773015873015896,0.3779825396825397
2,balanced_rf_missing_leaf5,1559,0,0.3012253968253968,0.3779825396825397
2,balanced_rf_missing_leaf5,1560,0,0.36365238095238117,0.3779825396825397
2,balanced_rf_missing_leaf5,1561,0,0.304284126984127,0.3779825396825397
2,balanced_rf_missing_leaf5,1562,0,0.34590952380952383,0.3779825396825397
2,balanced_rf_missing_leaf5,1564,0,0.3146015873015873,0.3779825396825397
2,balanced_rf_missing_leaf5,1566,0,0.3780523809523809,0.3779825396825397
