row_index,sample_id,lot_id,timestamp,actual_fail,risk_score,predicted_fail,model_name
1377,SECOM-1377,DEMO-055,06/10/2008 20:36:00,0,0.03745556676373988,0,logistic_full_C01
1212,SECOM-1212,DEMO-048,01/10/2008 07:19:00,0,0.06123658443983468,0,logistic_full_C01
907,SECOM-0907,DEMO-036,19/09/2008 09:47:00,0,0.0034993209895151844,0,logistic_full_C01
766,SECOM-0766,DEMO-030,08/09/2008 21:36:00,0,0.0369812626263455,0,logistic_full_C01
600,SECOM-0600,DEMO-024,31/08/2008 02:57:00,0,0.0032497894671508565,0,logistic_full_C01
297,SECOM-0297,DEMO-011,19/08/2008 08:33:00,0,0.001102990714152438,0,logistic_full_C01
820,SECOM-0820,DEMO-032,13/09/2008 00:25:00,0,0.5905778701893512,1,logistic_full_C01
500,SECOM-0500,DEMO-020,28/08/2008 23:42:00,0,0.0044841006476259455,0,logistic_full_C01
1123,SECOM-1123,DEMO-044,27/09/2008 11:45:00,0,0.48787340802556955,1,logistic_full_C01
1213,SECOM-1213,DEMO-048,01/10/2008 07:28:00,0,0.04265202880777836,0,logistic_full_C01
1543,SECOM-1543,DEMO-061,15/10/2008 23:00:00,0,0.08364190730087054,0,logistic_full_C01
1157,SECOM-1157,DEMO-046,28/09/2008 18:43:00,0,4.706232940808615e-05,0,logistic_full_C01
108,SECOM-0108,DEMO-004,05/08/2008 04:32:00,0,0.0036068751740792604,0,logistic_full_C01
170,SECOM-0170,DEMO-006,09/08/2008 17:34:00,0,0.6768505749434447,1,logistic_full_C01
570,SECOM-0570,DEMO-022,30/08/2008 08:10:00,0,0.0029266059243165735,0,logistic_full_C01
1134,SECOM-1134,DEMO-045,27/09/2008 15:30:00,0,0.11588828442780254,0,logistic_full_C01
1448,SECOM-1448,DEMO-057,10/10/2008 12:30:00,0,0.010924119851258223,0,logistic_full_C01
216,SECOM-0216,DEMO-008,16/08/2008 08:39:00,0,0.9975313338379473,1,logistic_full_C01
850,SECOM-0850,DEMO-034,15/09/2008 16:10:00,0,0.0123757468486973,0,logistic_full_C01
1049,SECOM-1049,DEMO-041,24/09/2008 03:40:00,0,0.6737873431917609,1,logistic_full_C01
1477,SECOM-1477,DEMO-059,13/10/2008 14:06:00,0,0.0001334619708680258,0,logistic_full_C01
62,SECOM-0062,DEMO-002,31/07/2008 20:18:00,1,0.29338184018710806,1,logistic_full_C01
42,SECOM-0042,DEMO-001,29/07/2008 04:08:00,0,0.3160080923130502,1,logistic_full_C01
628,SECOM-0628,DEMO-025,01/09/2008 09:06:00,0,0.8003962057573653,1,logistic_full_C01
1156,SECOM-1156,DEMO-046,28/09/2008 18:34:00,0,0.7483685865192053,1,logistic_full_C01
140,SECOM-0140,DEMO-005,06/08/2008 19:24:00,0,0.033466071223639454,0,logistic_full_C01
866,SECOM-0866,DEMO-034,16/09/2008 19:34:00,0,0.027051509010281104,0,logistic_full_C01
369,SECOM-0369,DEMO-014,21/08/2008 16:36:00,0,0.012497088866335902,0,logistic_full_C01
996,SECOM-0996,DEMO-039,21/09/2008 19:19:00,0,0.006483049413108673,0,logistic_full_C01
258,SECOM-0258,DEMO-010,18/08/2008 11:04:00,0,1.6745598776801603e-06,0,logistic_full_C01
1033,SECOM-1033,DEMO-041,23/09/2008 12:31:00,0,0.9579818163615665,1,logistic_full_C01
355,SECOM-0355,DEMO-014,21/08/2008 12:33:00,0,0.007166595528384915,0,logistic_full_C01
840,SECOM-0840,DEMO-033,14/09/2008 19:13:00,0,0.0717737039226389,0,logistic_full_C01
1394,SECOM-1394,DEMO-055,07/10/2008 10:10:00,0,0.01701871749086056,0,logistic_full_C01
1478,SECOM-1478,DEMO-059,13/10/2008 14:29:00,0,1.7472562038645846e-05,0,logistic_full_C01
1421,SECOM-1421,DEMO-056,08/10/2008 12:11:00,0,0.005750710995704917,0,logistic_full_C01
195,SECOM-0195,DEMO-007,12/08/2008 04:23:00,0,0.00360703609897853,0,logistic_full_C01
455,SECOM-0455,DEMO-018,27/08/2008 17:14:00,0,0.002332303752699816,0,logistic_full_C01
587,SECOM-0587,DEMO-023,30/08/2008 15:16:00,0,0.9948757907080654,1,logistic_full_C01
1092,SECOM-1092,DEMO-043,25/09/2008 23:48:00,0,0.7250512690140319,1,logistic_full_C01
1090,SECOM-1090,DEMO-043,25/09/2008 22:05:00,0,0.0063063952936097244,0,logistic_full_C01
65,SECOM-0065,DEMO-002,01/08/2008 10:20:00,0,0.5837866633321173,1,logistic_full_C01
1498,SECOM-1498,DEMO-059,14/10/2008 03:35:00,0,0.001425139645967505,0,logistic_full_C01
220,SECOM-0220,DEMO-008,16/08/2008 14:30:00,0,0.3706982510395506,1,logistic_full_C01
1307,SECOM-1307,DEMO-052,05/10/2008 04:20:00,0,0.0002511031533427194,0,logistic_full_C01
537,SECOM-0537,DEMO-021,29/08/2008 14:18:00,0,0.0014826283148789182,0,logistic_full_C01
1191,SECOM-1191,DEMO-047,30/09/2008 04:42:00,0,0.6918172477173192,1,logistic_full_C01
234,SECOM-0234,DEMO-009,17/08/2008 15:25:00,0,0.21147819387533462,1,logistic_full_C01
51,SECOM-0051,DEMO-002,29/07/2008 21:07:00,0,0.24694501710591055,1,logistic_full_C01
233,SECOM-0233,DEMO-009,17/08/2008 14:21:00,0,0.1119924964480272,0,logistic_full_C01
572,SECOM-0572,DEMO-022,30/08/2008 08:42:00,0,0.6036594004826942,1,logistic_full_C01
450,SECOM-0450,DEMO-018,27/08/2008 00:46:00,0,0.004996792811439575,0,logistic_full_C01
1048,SECOM-1048,DEMO-041,24/09/2008 03:32:00,0,0.0001550267286885754,0,logistic_full_C01
68,SECOM-0068,DEMO-002,01/08/2008 12:29:00,0,0.784808929231026,1,logistic_full_C01
705,SECOM-0705,DEMO-028,02/09/2008 20:59:00,0,0.0857869253969673,0,logistic_full_C01
390,SECOM-0390,DEMO-015,22/08/2008 00:44:00,0,0.0029553897057898095,0,logistic_full_C01
1081,SECOM-1081,DEMO-043,25/09/2008 14:08:00,0,0.05921028322758064,0,logistic_full_C01
621,SECOM-0621,DEMO-024,01/09/2008 00:53:00,0,4.249638817349061e-06,0,logistic_full_C01
190,SECOM-0190,DEMO-007,11/08/2008 03:06:00,0,0.48667629325520545,1,logistic_full_C01
706,SECOM-0706,DEMO-028,03/09/2008 00:18:00,0,0.00031586633273834674,0,logistic_full_C01
798,SECOM-0798,DEMO-031,12/09/2008 05:11:00,0,0.002724171824931297,0,logistic_full_C01
1,SECOM-0001,DEMO-000,19/07/2008 12:32:00,0,0.023189631916466148,0,logistic_full_C01
604,SECOM-0604,DEMO-024,31/08/2008 10:36:00,0,4.737954214279112e-05,0,logistic_full_C01
1437,SECOM-1437,DEMO-057,09/10/2008 00:23:00,0,0.000829618879019178,0,logistic_full_C01
434,SECOM-0434,DEMO-017,23/08/2008 05:57:00,0,0.558107771623041,1,logistic_full_C01
714,SECOM-0714,DEMO-028,03/09/2008 14:24:00,0,0.1015100049747574,0,logistic_full_C01
914,SECOM-0914,DEMO-036,19/09/2008 16:58:00,1,0.13578374556881237,0,logistic_full_C01
24,SECOM-0024,DEMO-000,27/07/2008 04:18:00,0,0.026288534254698428,0,logistic_full_C01
1432,SECOM-1432,DEMO-057,08/10/2008 21:19:00,0,0.5168419483648057,1,logistic_full_C01
1103,SECOM-1103,DEMO-044,26/09/2008 14:20:00,0,0.09637765374310275,0,logistic_full_C01
837,SECOM-0837,DEMO-033,14/09/2008 17:40:00,0,0.001498598604816481,0,logistic_full_C01
345,SECOM-0345,DEMO-013,21/08/2008 02:11:00,0,0.5274201220084959,1,logistic_full_C01
1122,SECOM-1122,DEMO-044,27/09/2008 11:04:00,0,0.752980397330078,1,logistic_full_C01
1189,SECOM-1189,DEMO-047,30/09/2008 02:44:00,1,0.08739469313836368,0,logistic_full_C01
903,SECOM-0903,DEMO-036,19/09/2008 07:18:00,0,0.03491527247636994,0,logistic_full_C01
877,SECOM-0877,DEMO-035,18/09/2008 01:43:00,0,0.019701071652299985,0,logistic_full_C01
1529,SECOM-1529,DEMO-061,15/10/2008 10:00:00,0,1.1375974113369015e-05,0,logistic_full_C01
215,SECOM-0215,DEMO-008,16/08/2008 07:33:00,0,0.017389594914092647,0,logistic_full_C01
569,SECOM-0569,DEMO-022,30/08/2008 07:54:00,0,0.0624823071809457,0,logistic_full_C01
1446,SECOM-1446,DEMO-057,10/10/2008 10:46:00,0,0.033934384557632584,0,logistic_full_C01
1057,SECOM-1057,DEMO-042,24/09/2008 10:59:00,0,0.0023523678317686715,0,logistic_full_C01
1162,SECOM-1162,DEMO-046,28/09/2008 21:08:00,0,0.7943053941933581,1,logistic_full_C01
96,SECOM-0096,DEMO-003,04/08/2008 20:58:00,1,0.00772037269160026,0,logistic_full_C01
765,SECOM-0765,DEMO-030,08/09/2008 20:00:00,0,0.00036964736204292485,0,logistic_full_C01
1038,SECOM-1038,DEMO-041,23/09/2008 15:58:00,0,0.2518007958196942,1,logistic_full_C01
533,SECOM-0533,DEMO-021,29/08/2008 13:14:00,0,0.0025880594949414452,0,logistic_full_C01
1563,SECOM-1563,DEMO-062,16/10/2008 20:49:00,0,0.13583341352754494,0,logistic_full_C01
11,SECOM-0011,DEMO-000,19/07/2008 22:52:00,1,0.34986589541029794,1,logistic_full_C01
1254,SECOM-1254,DEMO-050,02/10/2008 21:32:00,1,0.4133535464596924,1,logistic_full_C01
1334,SECOM-1334,DEMO-053,05/10/2008 22:13:00,0,0.07191216041974036,0,logistic_full_C01
1453,SECOM-1453,DEMO-058,10/10/2008 21:07:00,0,0.032946623250500726,0,logistic_full_C01
50,SECOM-0050,DEMO-002,29/07/2008 18:08:00,1,0.005147058219001886,0,logistic_full_C01
399,SECOM-0399,DEMO-015,22/08/2008 03:18:00,0,0.001418244536050488,0,logistic_full_C01
1472,SECOM-1472,DEMO-058,12/10/2008 18:47:00,0,0.0009262671501457417,0,logistic_full_C01
693,SECOM-0693,DEMO-027,02/09/2008 16:10:00,0,0.011676514469473504,0,logistic_full_C01
320,SECOM-0320,DEMO-012,20/08/2008 02:13:00,0,0.0024079930472140736,0,logistic_full_C01
1385,SECOM-1385,DEMO-055,07/10/2008 03:39:00,0,0.9570996823961813,1,logistic_full_C01
26,SECOM-0026,DEMO-001,27/07/2008 11:10:00,0,0.11837401779329623,0,logistic_full_C01
553,SECOM-0553,DEMO-022,30/08/2008 00:57:00,0,0.028475255629070103,0,logistic_full_C01
712,SECOM-0712,DEMO-028,03/09/2008 06:26:00,0,0.009835177061577991,0,logistic_full_C01
153,SECOM-0153,DEMO-006,07/08/2008 11:10:00,0,0.8135883626384361,1,logistic_full_C01
846,SECOM-0846,DEMO-033,15/09/2008 02:04:00,0,0.2347210399974614,1,logistic_full_C01
1495,SECOM-1495,DEMO-059,14/10/2008 00:35:00,0,0.17382966459175295,1,logistic_full_C01
269,SECOM-0269,DEMO-010,18/08/2008 15:30:00,0,0.9607939260294469,1,logistic_full_C01
909,SECOM-0909,DEMO-036,19/09/2008 11:13:00,0,0.007087943772381282,0,logistic_full_C01
165,SECOM-0165,DEMO-006,09/08/2008 02:37:00,0,0.9648749966393614,1,logistic_full_C01
255,SECOM-0255,DEMO-010,18/08/2008 08:18:00,0,0.001186717586445693,0,logistic_full_C01
689,SECOM-0689,DEMO-027,02/09/2008 14:09:00,0,0.9862893557824457,1,logistic_full_C01
752,SECOM-0752,DEMO-030,08/09/2008 00:40:00,0,0.14934683457371212,1,logistic_full_C01
209,SECOM-0209,DEMO-008,15/08/2008 20:00:00,0,0.9531096367976304,1,logistic_full_C01
1540,SECOM-1540,DEMO-061,15/10/2008 21:44:00,0,0.020948606220371545,0,logistic_full_C01
1328,SECOM-1328,DEMO-053,05/10/2008 16:49:00,1,0.3319320361705527,1,logistic_full_C01
242,SECOM-0242,DEMO-009,18/08/2008 00:20:00,0,0.03120197674047304,0,logistic_full_C01
1486,SECOM-1486,DEMO-059,13/10/2008 19:40:00,0,0.0009976124083262402,0,logistic_full_C01
149,SECOM-0149,DEMO-005,07/08/2008 08:21:00,0,0.06784980837544126,0,logistic_full_C01
730,SECOM-0730,DEMO-029,04/09/2008 16:30:00,0,2.9275699563856037e-06,0,logistic_full_C01
1411,SECOM-1411,DEMO-056,08/10/2008 04:47:00,0,0.32652198843665675,1,logistic_full_C01
1175,SECOM-1175,DEMO-047,29/09/2008 11:53:00,0,0.004252637618242731,0,logistic_full_C01
1565,SECOM-1565,DEMO-062,17/10/2008 06:01:00,0,0.5214945817785485,1,logistic_full_C01
1034,SECOM-1034,DEMO-041,23/09/2008 12:46:00,0,0.03346883353079176,0,logistic_full_C01
246,SECOM-0246,DEMO-009,18/08/2008 04:35:00,0,0.00040935216265473477,0,logistic_full_C01
816,SECOM-0816,DEMO-032,12/09/2008 22:25:00,0,0.0002042778419649259,0,logistic_full_C01
817,SECOM-0817,DEMO-032,12/09/2008 22:45:00,0,0.35023705764596286,1,logistic_full_C01
1351,SECOM-1351,DEMO-054,06/10/2008 07:17:00,0,0.0013270526343049098,0,logistic_full_C01
792,SECOM-0792,DEMO-031,11/09/2008 15:08:00,0,0.003908371313726798,0,logistic_full_C01
1166,SECOM-1166,DEMO-046,29/09/2008 02:06:00,0,0.3932302683932433,1,logistic_full_C01
893,SECOM-0893,DEMO-035,18/09/2008 23:44:00,0,0.1238754027630261,0,logistic_full_C01
876,SECOM-0876,DEMO-035,18/09/2008 01:40:00,0,0.007578614376226242,0,logistic_full_C01
1003,SECOM-1003,DEMO-040,22/09/2008 01:43:00,0,9.748437178557285e-05,0,logistic_full_C01
283,SECOM-0283,DEMO-011,19/08/2008 04:58:00,0,0.003452526801369322,0,logistic_full_C01
146,SECOM-0146,DEMO-005,06/08/2008 23:45:00,0,0.02644196328904135,0,logistic_full_C01
1491,SECOM-1491,DEMO-059,13/10/2008 21:47:00,0,0.00017379902301637104,0,logistic_full_C01
557,SECOM-0557,DEMO-022,30/08/2008 02:32:00,0,0.08993558099530848,0,logistic_full_C01
232,SECOM-0232,DEMO-009,17/08/2008 13:34:00,0,0.017488754380764995,0,logistic_full_C01
1314,SECOM-1314,DEMO-052,05/10/2008 09:04:00,0,1.5586946208503703e-05,0,logistic_full_C01
58,SECOM-0058,DEMO-002,30/07/2008 21:16:00,1,0.0019281055328025961,0,logistic_full_C01
342,SECOM-0342,DEMO-013,20/08/2008 22:45:00,0,0.12361313103709899,0,logistic_full_C01
549,SECOM-0549,DEMO-021,29/08/2008 22:49:00,0,0.07306200876308025,0,logistic_full_C01
116,SECOM-0116,DEMO-004,05/08/2008 07:48:00,0,0.007635525706046582,0,logistic_full_C01
175,SECOM-0175,DEMO-007,09/08/2008 22:37:00,0,0.009734679105090517,0,logistic_full_C01
1361,SECOM-1361,DEMO-054,06/10/2008 12:42:00,0,0.07865761869702166,0,logistic_full_C01
1152,SECOM-1152,DEMO-046,28/09/2008 17:05:00,0,0.2018929964496579,1,logistic_full_C01
435,SECOM-0435,DEMO-017,23/08/2008 05:58:00,0,0.23859744455003618,1,logistic_full_C01
183,SECOM-0183,DEMO-007,10/08/2008 11:16:00,0,0.0003615942576705178,0,logistic_full_C01
795,SECOM-0795,DEMO-031,11/09/2008 22:07:00,1,0.0647290907061245,0,logistic_full_C01
1225,SECOM-1225,DEMO-049,02/10/2008 00:21:00,0,0.9475024822353301,1,logistic_full_C01
946,SECOM-0946,DEMO-037,20/09/2008 12:26:00,0,0.002544421930267409,0,logistic_full_C01
1442,SECOM-1442,DEMO-057,09/10/2008 15:04:00,0,0.001529707978182651,0,logistic_full_C01
264,SECOM-0264,DEMO-010,18/08/2008 14:01:00,0,0.022707029423557023,0,logistic_full_C01
1236,SECOM-1236,DEMO-049,02/10/2008 08:52:00,0,0.0011418896705422121,0,logistic_full_C01
1229,SECOM-1229,DEMO-049,02/10/2008 04:11:00,0,0.012194927742766055,0,logistic_full_C01
44,SECOM-0044,DEMO-001,29/07/2008 06:19:00,0,0.009898622708539648,0,logistic_full_C01
449,SECOM-0449,DEMO-017,25/08/2008 09:29:00,0,0.02400446122941022,0,logistic_full_C01
1316,SECOM-1316,DEMO-052,05/10/2008 10:00:00,0,0.02119942267434171,0,logistic_full_C01
31,SECOM-0031,DEMO-001,27/07/2008 22:28:00,0,0.08276986301592448,0,logistic_full_C01
1315,SECOM-1315,DEMO-052,05/10/2008 09:47:00,0,0.9645762804711202,1,logistic_full_C01
1005,SECOM-1005,DEMO-040,22/09/2008 06:05:00,0,0.023327436752247813,0,logistic_full_C01
1424,SECOM-1424,DEMO-056,08/10/2008 14:48:00,0,0.060813930051304525,0,logistic_full_C01
465,SECOM-0465,DEMO-018,28/08/2008 04:54:00,0,0.09986473327343982,0,logistic_full_C01
41,SECOM-0041,DEMO-001,28/07/2008 23:57:00,0,0.584021548023001,1,logistic_full_C01
1431,SECOM-1431,DEMO-057,08/10/2008 20:27:00,0,0.08818894140965763,0,logistic_full_C01
459,SECOM-0459,DEMO-018,28/08/2008 03:04:00,0,0.05509470402939346,0,logistic_full_C01
130,SECOM-0130,DEMO-005,06/08/2008 03:22:00,0,0.0008832494784937759,0,logistic_full_C01
709,SECOM-0709,DEMO-028,03/09/2008 01:15:00,1,0.26881453056713345,1,logistic_full_C01
461,SECOM-0461,DEMO-018,28/08/2008 03:38:00,0,7.544121838499037e-06,0,logistic_full_C01
104,SECOM-0104,DEMO-004,05/08/2008 02:45:00,0,0.010228495250187318,0,logistic_full_C01
1345,SECOM-1345,DEMO-053,06/10/2008 05:21:00,0,0.22829182833105346,1,logistic_full_C01
1031,SECOM-1031,DEMO-041,23/09/2008 11:43:00,0,0.07837896622788051,0,logistic_full_C01
713,SECOM-0713,DEMO-028,03/09/2008 09:38:00,0,0.008419504105658004,0,logistic_full_C01
652,SECOM-0652,DEMO-026,02/09/2008 02:02:00,0,0.0424720012300185,0,logistic_full_C01
1097,SECOM-1097,DEMO-043,26/09/2008 03:29:00,0,0.4388027325305575,1,logistic_full_C01
1242,SECOM-1242,DEMO-049,02/10/2008 14:10:00,1,0.9995467090548427,1,logistic_full_C01
1439,SECOM-1439,DEMO-057,09/10/2008 06:06:00,0,0.0010760005729523897,0,logistic_full_C01
1140,SECOM-1140,DEMO-045,27/09/2008 21:45:00,0,0.00727484313353705,0,logistic_full_C01
1004,SECOM-1004,DEMO-040,22/09/2008 03:51:00,0,0.0001630373124946261,0,logistic_full_C01
1552,SECOM-1552,DEMO-062,16/10/2008 04:02:00,0,0.006577485231570782,0,logistic_full_C01
928,SECOM-0928,DEMO-037,19/09/2008 21:14:00,0,0.0030455759928017597,0,logistic_full_C01
48,SECOM-0048,DEMO-001,29/07/2008 15:49:00,1,0.00015992960436246305,0,logistic_full_C01
527,SECOM-0527,DEMO-021,29/08/2008 08:41:00,0,0.001968562854812544,0,logistic_full_C01
967,SECOM-0967,DEMO-038,20/09/2008 19:21:00,0,0.004273279408646618,0,logistic_full_C01
535,SECOM-0535,DEMO-021,29/08/2008 13:49:00,0,0.3589457391504664,1,logistic_full_C01
828,SECOM-0828,DEMO-033,13/09/2008 14:07:00,0,0.08824052878708372,0,logistic_full_C01
1354,SECOM-1354,DEMO-054,06/10/2008 08:24:00,0,0.00031422587587991944,0,logistic_full_C01
726,SECOM-0726,DEMO-029,04/09/2008 11:50:00,0,0.02755506438061911,0,logistic_full_C01
1370,SECOM-1370,DEMO-054,06/10/2008 17:26:00,0,0.00010090807326651761,0,logistic_full_C01
1294,SECOM-1294,DEMO-051,04/10/2008 18:15:00,0,0.8481794569483092,1,logistic_full_C01
630,SECOM-0630,DEMO-025,01/09/2008 09:54:00,0,0.002644980332965998,0,logistic_full_C01
268,SECOM-0268,DEMO-010,18/08/2008 15:26:00,0,0.08920670208068135,0,logistic_full_C01
844,SECOM-0844,DEMO-033,14/09/2008 21:31:00,0,0.18336447838277276,1,logistic_full_C01
1204,SECOM-1204,DEMO-048,30/09/2008 21:39:00,0,0.15482752606963604,1,logistic_full_C01
1259,SECOM-1259,DEMO-050,02/10/2008 23:32:00,0,0.1547546786059843,1,logistic_full_C01
366,SECOM-0366,DEMO-014,21/08/2008 15:48:00,0,0.03460903679492023,0,logistic_full_C01
1184,SECOM-1184,DEMO-047,29/09/2008 21:26:00,0,0.04827709416298079,0,logistic_full_C01
1095,SECOM-1095,DEMO-043,26/09/2008 02:26:00,0,0.036306559192817334,0,logistic_full_C01
1528,SECOM-1528,DEMO-061,15/10/2008 09:11:00,0,0.0014118201966506138,0,logistic_full_C01
1239,SECOM-1239,DEMO-049,02/10/2008 09:42:00,0,0.0006866957055884271,0,logistic_full_C01
397,SECOM-0397,DEMO-015,22/08/2008 02:25:00,0,0.17053633920844855,1,logistic_full_C01
17,SECOM-0017,DEMO-000,22/07/2008 08:41:00,0,0.9999485386492996,1,logistic_full_C01
1205,SECOM-1205,DEMO-048,30/09/2008 21:42:00,0,0.028638582141471573,0,logistic_full_C01
899,SECOM-0899,DEMO-035,19/09/2008 05:57:00,0,0.3334985799886793,1,logistic_full_C01
112,SECOM-0112,DEMO-004,05/08/2008 06:11:00,0,0.00587464456541575,0,logistic_full_C01
530,SECOM-0530,DEMO-021,29/08/2008 12:22:00,0,0.4115358997578823,1,logistic_full_C01
364,SECOM-0364,DEMO-014,21/08/2008 15:06:00,0,0.24077881187244818,1,logistic_full_C01
754,SECOM-0754,DEMO-030,08/09/2008 03:32:00,0,0.0063297502343518065,0,logistic_full_C01
1032,SECOM-1032,DEMO-041,23/09/2008 12:29:00,0,0.8243504077063474,1,logistic_full_C01
708,SECOM-0708,DEMO-028,03/09/2008 00:58:00,0,0.078660163540509,0,logistic_full_C01
1148,SECOM-1148,DEMO-045,28/09/2008 07:52:00,0,0.0008371554711329563,0,logistic_full_C01
189,SECOM-0189,DEMO-007,10/08/2008 22:26:00,1,0.3715379396941747,1,logistic_full_C01
460,SECOM-0460,DEMO-018,28/08/2008 03:29:00,0,0.40390091246779775,1,logistic_full_C01
666,SECOM-0666,DEMO-026,02/09/2008 07:22:00,0,0.0011527807665440313,0,logistic_full_C01
1367,SECOM-1367,DEMO-054,06/10/2008 15:52:00,0,0.3983228834810813,1,logistic_full_C01
531,SECOM-0531,DEMO-021,29/08/2008 12:37:00,0,0.01561439023851767,0,logistic_full_C01
1027,SECOM-1027,DEMO-041,23/09/2008 08:11:00,0,0.6578738684899805,1,logistic_full_C01
725,SECOM-0725,DEMO-029,04/09/2008 08:53:00,0,0.010247217480297577,0,logistic_full_C01
627,SECOM-0627,DEMO-025,01/09/2008 08:18:00,0,4.3255765453014204e-05,0,logistic_full_C01
868,SECOM-0868,DEMO-034,16/09/2008 21:21:00,0,0.023186328181685072,0,logistic_full_C01
1037,SECOM-1037,DEMO-041,23/09/2008 15:33:00,0,0.03774862046311761,0,logistic_full_C01
21,SECOM-0021,DEMO-000,23/07/2008 05:15:00,0,0.6490453062411249,1,logistic_full_C01
1209,SECOM-1209,DEMO-048,01/10/2008 01:11:00,0,0.03574871512845531,0,logistic_full_C01
1412,SECOM-1412,DEMO-056,08/10/2008 05:35:00,0,0.008474328189982705,0,logistic_full_C01
707,SECOM-0707,DEMO-028,03/09/2008 00:45:00,0,0.06501887437902051,0,logistic_full_C01
959,SECOM-0959,DEMO-038,20/09/2008 16:43:00,0,0.001871904849757926,0,logistic_full_C01
1336,SECOM-1336,DEMO-053,06/10/2008 01:25:00,0,0.04848223089583004,0,logistic_full_C01
154,SECOM-0154,DEMO-006,07/08/2008 11:40:00,1,0.060182531846345554,0,logistic_full_C01
1353,SECOM-1353,DEMO-054,06/10/2008 07:38:00,0,7.937447062344087e-05,0,logistic_full_C01
1116,SECOM-1116,DEMO-044,27/09/2008 00:16:00,0,0.08093685776974748,0,logistic_full_C01
1231,SECOM-1231,DEMO-049,02/10/2008 04:24:00,0,0.018172571428942696,0,logistic_full_C01
1142,SECOM-1142,DEMO-045,28/09/2008 01:22:00,0,0.7986150937033152,1,logistic_full_C01
23,SECOM-0023,DEMO-000,25/07/2008 15:23:00,1,0.058407435587131955,0,logistic_full_C01
751,SECOM-0751,DEMO-030,08/09/2008 00:32:00,0,0.09850024152152188,0,logistic_full_C01
25,SECOM-0025,DEMO-001,27/07/2008 09:37:00,0,0.0005632272288168293,0,logistic_full_C01
1433,SECOM-1433,DEMO-057,08/10/2008 21:45:00,0,0.001887893284659604,0,logistic_full_C01
973,SECOM-0973,DEMO-038,21/09/2008 03:47:00,0,0.0312642978829578,0,logistic_full_C01
383,SECOM-0383,DEMO-015,21/08/2008 22:25:00,0,0.0010523254312186084,0,logistic_full_C01
811,SECOM-0811,DEMO-032,12/09/2008 18:01:00,0,0.026267610358176617,0,logistic_full_C01
1137,SECOM-1137,DEMO-045,27/09/2008 18:14:00,0,0.8126720852856182,1,logistic_full_C01
571,SECOM-0571,DEMO-022,30/08/2008 08:29:00,0,0.010612837462562351,0,logistic_full_C01
698,SECOM-0698,DEMO-027,02/09/2008 17:18:00,0,0.00136521883915451,0,logistic_full_C01
678,SECOM-0678,DEMO-027,02/09/2008 11:47:00,0,0.05487108591777484,0,logistic_full_C01
989,SECOM-0989,DEMO-039,21/09/2008 15:15:00,0,0.00029241148783388225,0,logistic_full_C01
1237,SECOM-1237,DEMO-049,02/10/2008 08:57:00,0,0.00032399215012171936,0,logistic_full_C01
1398,SECOM-1398,DEMO-055,07/10/2008 11:36:00,0,0.0021807826833874226,0,logistic_full_C01
174,SECOM-0174,DEMO-006,09/08/2008 22:15:00,0,0.5512778931361842,1,logistic_full_C01
1522,SECOM-1522,DEMO-060,15/10/2008 05:13:00,0,0.03288844333615446,0,logistic_full_C01
288,SECOM-0288,DEMO-011,19/08/2008 05:41:00,0,0.07868400309851867,0,logistic_full_C01
1310,SECOM-1310,DEMO-052,05/10/2008 05:53:00,0,0.0016951144070967167,0,logistic_full_C01
643,SECOM-0643,DEMO-025,01/09/2008 23:59:00,0,0.22224079050385528,1,logistic_full_C01
1482,SECOM-1482,DEMO-059,13/10/2008 15:42:00,0,0.0007057117801726034,0,logistic_full_C01
847,SECOM-0847,DEMO-033,15/09/2008 10:03:00,0,0.38929536427347944,1,logistic_full_C01
245,SECOM-0245,DEMO-009,18/08/2008 04:12:00,0,0.32374147752622545,1,logistic_full_C01
219,SECOM-0219,DEMO-008,16/08/2008 13:51:00,0,0.28080387486863057,1,logistic_full_C01
1080,SECOM-1080,DEMO-043,25/09/2008 13:42:00,0,0.5765777734221531,1,logistic_full_C01
545,SECOM-0545,DEMO-021,29/08/2008 21:46:00,0,3.931281401781304e-05,0,logistic_full_C01
313,SECOM-0313,DEMO-012,19/08/2008 18:30:00,0,0.0027201220096933054,0,logistic_full_C01
1219,SECOM-1219,DEMO-048,01/10/2008 16:43:00,0,0.09296899160786554,0,logistic_full_C01
444,SECOM-0444,DEMO-017,24/08/2008 07:12:00,0,0.1522658446031185,1,logistic_full_C01
956,SECOM-0956,DEMO-038,20/09/2008 15:19:00,0,2.1991727000274736e-06,0,logistic_full_C01
296,SECOM-0296,DEMO-011,19/08/2008 08:07:00,0,8.016177743814065e-05,0,logistic_full_C01
344,SECOM-0344,DEMO-013,20/08/2008 23:43:00,1,0.0003663435391104958,0,logistic_full_C01
972,SECOM-0972,DEMO-038,21/09/2008 03:04:00,0,0.001954915358905945,0,logistic_full_C01
720,SECOM-0720,DEMO-028,03/09/2008 20:10:00,0,0.2430865633200399,1,logistic_full_C01
1138,SECOM-1138,DEMO-045,27/09/2008 19:16:00,0,0.5595883083310328,1,logistic_full_C01
563,SECOM-0563,DEMO-022,30/08/2008 04:55:00,0,0.07167503751738136,0,logistic_full_C01
1541,SECOM-1541,DEMO-061,15/10/2008 22:45:00,0,0.011767447906883001,0,logistic_full_C01
1098,SECOM-1098,DEMO-043,26/09/2008 04:14:00,0,0.008850115378778974,0,logistic_full_C01
187,SECOM-0187,DEMO-007,10/08/2008 19:07:00,0,0.9636037875679475,1,logistic_full_C01
786,SECOM-0786,DEMO-031,11/09/2008 12:47:00,0,0.4741920188637001,1,logistic_full_C01
228,SECOM-0228,DEMO-009,17/08/2008 03:46:00,0,0.15811998313857423,1,logistic_full_C01
18,SECOM-0018,DEMO-000,22/07/2008 11:47:00,0,0.8885256665615161,1,logistic_full_C01
674,SECOM-0674,DEMO-026,02/09/2008 10:25:00,0,0.0006616367133186096,0,logistic_full_C01
905,SECOM-0905,DEMO-036,19/09/2008 08:52:00,0,0.011782449764242144,0,logistic_full_C01
176,SECOM-0176,DEMO-007,09/08/2008 23:17:00,0,0.043277904477377005,0,logistic_full_C01
352,SECOM-0352,DEMO-014,21/08/2008 11:22:00,0,0.06558023086113751,0,logistic_full_C01
887,SECOM-0887,DEMO-035,18/09/2008 18:12:00,0,0.13652367696085946,0,logistic_full_C01
173,SECOM-0173,DEMO-006,09/08/2008 21:07:00,0,4.714523900168993e-07,0,logistic_full_C01
1407,SECOM-1407,DEMO-056,07/10/2008 19:24:00,0,0.025916724170120045,0,logistic_full_C01
1352,SECOM-1352,DEMO-054,06/10/2008 07:35:00,0,0.03864033653112758,0,logistic_full_C01
520,SECOM-0520,DEMO-020,29/08/2008 07:18:00,0,0.0032895993407240543,0,logistic_full_C01
834,SECOM-0834,DEMO-033,14/09/2008 15:02:00,0,0.30776513129244487,1,logistic_full_C01
464,SECOM-0464,DEMO-018,28/08/2008 04:20:00,0,0.044034520248661224,0,logistic_full_C01
476,SECOM-0476,DEMO-019,28/08/2008 10:28:00,0,0.0016538430355170657,0,logistic_full_C01
515,SECOM-0515,DEMO-020,29/08/2008 06:35:00,0,0.9390707907368078,1,logistic_full_C01
953,SECOM-0953,DEMO-038,20/09/2008 14:50:00,0,0.007829273828197151,0,logistic_full_C01
440,SECOM-0440,DEMO-017,23/08/2008 15:10:00,0,0.01768935805397566,0,logistic_full_C01
872,SECOM-0872,DEMO-034,17/09/2008 07:14:00,0,0.7342022104981083,1,logistic_full_C01
392,SECOM-0392,DEMO-015,22/08/2008 01:04:00,1,0.36982086903649425,1,logistic_full_C01
512,SECOM-0512,DEMO-020,29/08/2008 05:54:00,0,0.0004562248154587797,0,logistic_full_C01
1456,SECOM-1456,DEMO-058,11/10/2008 06:56:00,0,3.140491276753296e-08,0,logistic_full_C01
287,SECOM-0287,DEMO-011,19/08/2008 05:40:00,0,0.0023234656369869964,0,logistic_full_C01
121,SECOM-0121,DEMO-004,05/08/2008 15:45:00,0,0.11351334149965274,0,logistic_full_C01
1094,SECOM-1094,DEMO-043,26/09/2008 01:21:00,0,0.0020031124710133455,0,logistic_full_C01
337,SECOM-0337,DEMO-013,20/08/2008 20:19:00,0,0.0003034948540141246,0,logistic_full_C01
1249,SECOM-1249,DEMO-049,02/10/2008 17:00:00,0,0.707740379681619,1,logistic_full_C01
629,SECOM-0629,DEMO-025,01/09/2008 09:19:00,0,0.1441391572037181,0,logistic_full_C01
1397,SECOM-1397,DEMO-055,07/10/2008 11:16:00,0,0.9999784475140375,1,logistic_full_C01
748,SECOM-0748,DEMO-029,07/09/2008 20:12:00,0,0.0032684011747895667,0,logistic_full_C01
1274,SECOM-1274,DEMO-050,03/10/2008 19:23:00,0,0.0024764732063506222,0,logistic_full_C01
1106,SECOM-1106,DEMO-044,26/09/2008 15:36:00,0,0.01231325945885167,0,logistic_full_C01
691,SECOM-0691,DEMO-027,02/09/2008 14:34:00,0,0.019163550550675396,0,logistic_full_C01
1537,SECOM-1537,DEMO-061,15/10/2008 18:16:00,0,0.0004210865962429838,0,logistic_full_C01
20,SECOM-0020,DEMO-000,22/07/2008 15:30:00,0,0.09428840430509157,0,logistic_full_C01
496,SECOM-0496,DEMO-019,28/08/2008 21:03:00,0,0.08592983163141436,0,logistic_full_C01
325,SECOM-0325,DEMO-013,20/08/2008 07:12:00,0,0.6389121031592029,1,logistic_full_C01
1099,SECOM-1099,DEMO-043,26/09/2008 05:32:00,0,0.0027476538197817725,0,logistic_full_C01
502,SECOM-0502,DEMO-020,29/08/2008 01:06:00,0,0.19113223977304364,1,logistic_full_C01
611,SECOM-0611,DEMO-024,31/08/2008 20:24:00,0,0.00019010475478588353,0,logistic_full_C01
79,SECOM-0079,DEMO-003,03/08/2008 17:58:00,0,0.007672318044799668,0,logistic_full_C01
582,SECOM-0582,DEMO-023,30/08/2008 11:57:00,0,0.24063531988300504,1,logistic_full_C01
1466,SECOM-1466,DEMO-058,12/10/2008 00:57:00,0,9.071789242159195e-07,0,logistic_full_C01
776,SECOM-0776,DEMO-031,10/09/2008 21:56:00,0,0.016121156145698916,0,logistic_full_C01
518,SECOM-0518,DEMO-020,29/08/2008 06:45:00,1,0.9843727436444215,1,logistic_full_C01
818,SECOM-0818,DEMO-032,12/09/2008 23:28:00,0,0.001784027355918592,0,logistic_full_C01
954,SECOM-0954,DEMO-038,20/09/2008 14:53:00,0,0.00025304360778319004,0,logistic_full_C01
947,SECOM-0947,DEMO-037,20/09/2008 12:27:00,0,0.0021041388133337226,0,logistic_full_C01
658,SECOM-0658,DEMO-026,02/09/2008 03:35:00,0,0.026006338613200588,0,logistic_full_C01
939,SECOM-0939,DEMO-037,20/09/2008 05:34:00,0,0.01553900636905436,0,logistic_full_C01
855,SECOM-0855,DEMO-034,15/09/2008 22:45:00,0,0.00035092397596679745,0,logistic_full_C01
1360,SECOM-1360,DEMO-054,06/10/2008 12:39:00,0,0.05900725527936986,0,logistic_full_C01
178,SECOM-0178,DEMO-007,10/08/2008 00:09:00,0,0.048087312139994565,0,logistic_full_C01
1129,SECOM-1129,DEMO-045,27/09/2008 13:19:00,0,0.11754845562532318,0,logistic_full_C01
1150,SECOM-1150,DEMO-046,28/09/2008 08:41:00,0,0.031225159088479695,0,logistic_full_C01
1333,SECOM-1333,DEMO-053,05/10/2008 20:30:00,0,0.09588628798583926,0,logistic_full_C01
457,SECOM-0457,DEMO-018,27/08/2008 22:58:00,0,0.9999993977836131,1,logistic_full_C01
1375,SECOM-1375,DEMO-055,06/10/2008 19:42:00,0,0.0021464417191797204,0,logistic_full_C01
1070,SECOM-1070,DEMO-042,25/09/2008 02:03:00,0,0.48023108880804916,1,logistic_full_C01
141,SECOM-0141,DEMO-005,06/08/2008 20:00:00,0,0.01107965955795961,0,logistic_full_C01
1268,SECOM-1268,DEMO-050,03/10/2008 06:15:00,0,0.0014872946671533225,0,logistic_full_C01
1344,SECOM-1344,DEMO-053,06/10/2008 04:26:00,0,0.7885775976560533,1,logistic_full_C01
1396,SECOM-1396,DEMO-055,07/10/2008 11:15:00,0,0.42933940505560997,1,logistic_full_C01
932,SECOM-0932,DEMO-037,20/09/2008 00:18:00,0,0.0006444002940336156,0,logistic_full_C01
1036,SECOM-1036,DEMO-041,23/09/2008 15:23:00,0,0.024638998469632207,0,logistic_full_C01
1366,SECOM-1366,DEMO-054,06/10/2008 15:01:00,0,0.30231464157055093,1,logistic_full_C01
865,SECOM-0865,DEMO-034,16/09/2008 18:23:00,0,0.020719616409735624,0,logistic_full_C01
1479,SECOM-1479,DEMO-059,13/10/2008 14:30:00,0,0.0010649990388672576,0,logistic_full_C01
1271,SECOM-1271,DEMO-050,03/10/2008 11:40:00,0,0.012494964420312706,0,logistic_full_C01
579,SECOM-0579,DEMO-023,30/08/2008 11:12:00,0,0.2829725924911479,1,logistic_full_C01
524,SECOM-0524,DEMO-020,29/08/2008 07:33:00,0,0.012676092286363048,0,logistic_full_C01
793,SECOM-0793,DEMO-031,11/09/2008 16:28:00,0,0.0637682786849691,0,logistic_full_C01
862,SECOM-0862,DEMO-034,16/09/2008 09:37:00,0,0.039074157432929586,0,logistic_full_C01
978,SECOM-0978,DEMO-039,21/09/2008 08:22:00,0,0.5199503857242993,1,logistic_full_C01
635,SECOM-0635,DEMO-025,01/09/2008 20:51:00,0,0.12299444903845323,0,logistic_full_C01
912,SECOM-0912,DEMO-036,19/09/2008 15:31:00,0,0.10448725185438044,0,logistic_full_C01
750,SECOM-0750,DEMO-030,07/09/2008 23:33:00,0,0.03970401652365438,0,logistic_full_C01
1441,SECOM-1441,DEMO-057,09/10/2008 14:15:00,0,0.004082064445752841,0,logistic_full_C01
1309,SECOM-1309,DEMO-052,05/10/2008 05:31:00,0,0.48380072392250806,1,logistic_full_C01
306,SECOM-0306,DEMO-012,19/08/2008 11:46:00,0,0.5520766537901725,1,logistic_full_C01
1531,SECOM-1531,DEMO-061,15/10/2008 13:14:00,0,0.14549548242308422,0,logistic_full_C01
769,SECOM-0769,DEMO-030,09/09/2008 00:25:00,0,0.14046733152714128,0,logistic_full_C01
1305,SECOM-1305,DEMO-052,05/10/2008 01:35:00,0,0.06335796445931158,0,logistic_full_C01
1283,SECOM-1283,DEMO-051,03/10/2008 22:53:00,0,0.6855823064931768,1,logistic_full_C01
326,SECOM-0326,DEMO-013,20/08/2008 08:40:00,1,0.7079928996132445,1,logistic_full_C01
458,SECOM-0458,DEMO-018,28/08/2008 03:03:00,0,0.03662947355641599,0,logistic_full_C01
9,SECOM-0009,DEMO-000,19/07/2008 21:35:00,0,0.052021390918161645,0,logistic_full_C01
615,SECOM-0615,DEMO-024,31/08/2008 22:32:00,0,3.0251816221401688e-05,0,logistic_full_C01
1208,SECOM-1208,DEMO-048,01/10/2008 00:20:00,0,0.9500924522092028,1,logistic_full_C01
936,SECOM-0936,DEMO-037,20/09/2008 04:28:00,0,0.0001924021429094536,0,logistic_full_C01
1350,SECOM-1350,DEMO-054,06/10/2008 07:12:00,0,0.0034701589438381713,0,logistic_full_C01
1222,SECOM-1222,DEMO-048,01/10/2008 21:50:00,0,0.0034005987329759485,0,logistic_full_C01
1218,SECOM-1218,DEMO-048,01/10/2008 15:16:00,0,0.6784658045589194,1,logistic_full_C01
1197,SECOM-1197,DEMO-047,30/09/2008 15:16:00,0,0.00012291512301005966,0,logistic_full_C01
5,SECOM-0005,DEMO-000,19/07/2008 17:53:00,0,0.9940539565397599,1,logistic_full_C01
307,SECOM-0307,DEMO-012,19/08/2008 11:57:00,0,0.08330238693312349,0,logistic_full_C01
336,SECOM-0336,DEMO-013,20/08/2008 19:20:00,1,0.344081220790294,1,logistic_full_C01
1052,SECOM-1052,DEMO-042,24/09/2008 06:13:00,0,0.0770577494638609,0,logistic_full_C01
1357,SECOM-1357,DEMO-054,06/10/2008 09:57:00,0,0.0016943182216893557,0,logistic_full_C01
1364,SECOM-1364,DEMO-054,06/10/2008 13:55:00,1,0.9948500395923177,1,logistic_full_C01
1382,SECOM-1382,DEMO-055,06/10/2008 23:03:00,0,0.0012864128710401374,0,logistic_full_C01
1245,SECOM-1245,DEMO-049,02/10/2008 15:44:00,0,0.05521158864407836,0,logistic_full_C01
640,SECOM-0640,DEMO-025,01/09/2008 23:28:00,0,0.00012837511846536826,0,logistic_full_C01
1390,SECOM-1390,DEMO-055,07/10/2008 09:11:00,0,0.07154299504847066,0,logistic_full_C01
576,SECOM-0576,DEMO-023,30/08/2008 09:45:00,1,0.7276004235902799,1,logistic_full_C01
1295,SECOM-1295,DEMO-051,04/10/2008 18:25:00,0,0.09829853297954315,0,logistic_full_C01
550,SECOM-0550,DEMO-022,29/08/2008 22:56:00,0,0.3778013074135186,1,logistic_full_C01
372,SECOM-0372,DEMO-014,21/08/2008 18:04:00,0,0.11471962877849073,0,logistic_full_C01
1499,SECOM-1499,DEMO-059,14/10/2008 13:13:00,0,0.00375124193853805,0,logistic_full_C01
231,SECOM-0231,DEMO-009,17/08/2008 12:16:00,1,0.00560145170592663,0,logistic_full_C01
672,SECOM-0672,DEMO-026,02/09/2008 10:13:00,0,7.520995476461468e-08,0,logistic_full_C01
1474,SECOM-1474,DEMO-058,13/10/2008 03:53:00,0,0.018098257552848156,0,logistic_full_C01
331,SECOM-0331,DEMO-013,20/08/2008 17:09:00,0,0.0546033967178961,0,logistic_full_C01
1073,SECOM-1073,DEMO-042,25/09/2008 07:58:00,0,0.06766865591183513,0,logistic_full_C01
1525,SECOM-1525,DEMO-061,15/10/2008 07:36:00,0,0.0002552832639210673,0,logistic_full_C01
753,SECOM-0753,DEMO-030,08/09/2008 01:24:00,0,0.00024966577896327766,0,logistic_full_C01
715,SECOM-0715,DEMO-028,03/09/2008 14:29:00,0,0.006627494686784821,0,logistic_full_C01
1226,SECOM-1226,DEMO-049,02/10/2008 00:22:00,0,0.013157351570230513,0,logistic_full_C01
930,SECOM-0930,DEMO-037,19/09/2008 23:26:00,0,0.0021014816482562955,0,logistic_full_C01
1058,SECOM-1058,DEMO-042,24/09/2008 11:47:00,0,0.00014600510332497693,0,logistic_full_C01
238,SECOM-0238,DEMO-009,17/08/2008 23:04:00,1,0.23679395454206517,1,logistic_full_C01
1272,SECOM-1272,DEMO-050,03/10/2008 12:31:00,0,0.7498428179002908,1,logistic_full_C01
442,SECOM-0442,DEMO-017,24/08/2008 02:32:00,0,0.0007233435923039103,0,logistic_full_C01
424,SECOM-0424,DEMO-016,22/08/2008 19:14:00,1,0.47570745412179244,1,logistic_full_C01
1493,SECOM-1493,DEMO-059,13/10/2008 22:48:00,0,0.027925363137962997,0,logistic_full_C01
1282,SECOM-1282,DEMO-051,03/10/2008 22:08:00,0,0.1523812497712709,1,logistic_full_C01
1377,SECOM-1377,DEMO-055,06/10/2008 20:36:00,0,0.22225553671895595,0,logistic_top40_C01
1212,SECOM-1212,DEMO-048,01/10/2008 07:19:00,0,0.523421732567301,1,logistic_top40_C01
907,SECOM-0907,DEMO-036,19/09/2008 09:47:00,0,0.1844482932488222,0,logistic_top40_C01
766,SECOM-0766,DEMO-030,08/09/2008 21:36:00,0,0.2989432917804965,0,logistic_top40_C01
600,SECOM-0600,DEMO-024,31/08/2008 02:57:00,0,0.516945016711304,1,logistic_top40_C01
297,SECOM-0297,DEMO-011,19/08/2008 08:33:00,0,0.17679677638048943,0,logistic_top40_C01
820,SECOM-0820,DEMO-032,13/09/2008 00:25:00,0,0.2696790755335279,0,logistic_top40_C01
500,SECOM-0500,DEMO-020,28/08/2008 23:42:00,0,0.40886835161909374,0,logistic_top40_C01
1123,SECOM-1123,DEMO-044,27/09/2008 11:45:00,0,0.15083210682530393,0,logistic_top40_C01
1213,SECOM-1213,DEMO-048,01/10/2008 07:28:00,0,0.26993653951612007,0,logistic_top40_C01
1543,SECOM-1543,DEMO-061,15/10/2008 23:00:00,0,0.3606100231706939,0,logistic_top40_C01
1157,SECOM-1157,DEMO-046,28/09/2008 18:43:00,0,0.3539692694767921,0,logistic_top40_C01
108,SECOM-0108,DEMO-004,05/08/2008 04:32:00,0,0.8637138801057579,1,logistic_top40_C01
170,SECOM-0170,DEMO-006,09/08/2008 17:34:00,0,0.8285111020596935,1,logistic_top40_C01
570,SECOM-0570,DEMO-022,30/08/2008 08:10:00,0,0.09597330762903514,0,logistic_top40_C01
1134,SECOM-1134,DEMO-045,27/09/2008 15:30:00,0,0.5535933029835608,1,logistic_top40_C01
1448,SECOM-1448,DEMO-057,10/10/2008 12:30:00,0,0.37058073928683705,0,logistic_top40_C01
216,SECOM-0216,DEMO-008,16/08/2008 08:39:00,0,0.6577217112722549,1,logistic_top40_C01
850,SECOM-0850,DEMO-034,15/09/2008 16:10:00,0,0.17209574158982377,0,logistic_top40_C01
1049,SECOM-1049,DEMO-041,24/09/2008 03:40:00,0,0.44269587647623965,0,logistic_top40_C01
1477,SECOM-1477,DEMO-059,13/10/2008 14:06:00,0,0.08724957844400064,0,logistic_top40_C01
62,SECOM-0062,DEMO-002,31/07/2008 20:18:00,1,0.7176924972489647,1,logistic_top40_C01
42,SECOM-0042,DEMO-001,29/07/2008 04:08:00,0,0.5137247899220749,1,logistic_top40_C01
628,SECOM-0628,DEMO-025,01/09/2008 09:06:00,0,0.8165294267966775,1,logistic_top40_C01
1156,SECOM-1156,DEMO-046,28/09/2008 18:34:00,0,0.18502896628364196,0,logistic_top40_C01
140,SECOM-0140,DEMO-005,06/08/2008 19:24:00,0,0.175887522315704,0,logistic_top40_C01
866,SECOM-0866,DEMO-034,16/09/2008 19:34:00,0,0.43937305298883833,0,logistic_top40_C01
369,SECOM-0369,DEMO-014,21/08/2008 16:36:00,0,0.29173339534002823,0,logistic_top40_C01
996,SECOM-0996,DEMO-039,21/09/2008 19:19:00,0,0.06904586276946055,0,logistic_top40_C01
258,SECOM-0258,DEMO-010,18/08/2008 11:04:00,0,0.26910775649915053,0,logistic_top40_C01
1033,SECOM-1033,DEMO-041,23/09/2008 12:31:00,0,0.6342025345467743,1,logistic_top40_C01
355,SECOM-0355,DEMO-014,21/08/2008 12:33:00,0,0.2098968242448827,0,logistic_top40_C01
840,SECOM-0840,DEMO-033,14/09/2008 19:13:00,0,0.564684692265333,1,logistic_top40_C01
1394,SECOM-1394,DEMO-055,07/10/2008 10:10:00,0,0.22250016993213867,0,logistic_top40_C01
1478,SECOM-1478,DEMO-059,13/10/2008 14:29:00,0,0.053111485998006046,0,logistic_top40_C01
1421,SECOM-1421,DEMO-056,08/10/2008 12:11:00,0,0.2026987180563613,0,logistic_top40_C01
195,SECOM-0195,DEMO-007,12/08/2008 04:23:00,0,0.4506607228610943,0,logistic_top40_C01
455,SECOM-0455,DEMO-018,27/08/2008 17:14:00,0,0.5690334974026976,1,logistic_top40_C01
587,SECOM-0587,DEMO-023,30/08/2008 15:16:00,0,0.6780560390407605,1,logistic_top40_C01
1092,SECOM-1092,DEMO-043,25/09/2008 23:48:00,0,0.37104245329121854,0,logistic_top40_C01
1090,SECOM-1090,DEMO-043,25/09/2008 22:05:00,0,0.21522969137520012,0,logistic_top40_C01
65,SECOM-0065,DEMO-002,01/08/2008 10:20:00,0,0.7444055833117876,1,logistic_top40_C01
1498,SECOM-1498,DEMO-059,14/10/2008 03:35:00,0,0.03127364714784085,0,logistic_top40_C01
220,SECOM-0220,DEMO-008,16/08/2008 14:30:00,0,0.6618236892705475,1,logistic_top40_C01
1307,SECOM-1307,DEMO-052,05/10/2008 04:20:00,0,0.4334449386620665,0,logistic_top40_C01
537,SECOM-0537,DEMO-021,29/08/2008 14:18:00,0,0.3059305207175566,0,logistic_top40_C01
1191,SECOM-1191,DEMO-047,30/09/2008 04:42:00,0,0.19419859219880006,0,logistic_top40_C01
234,SECOM-0234,DEMO-009,17/08/2008 15:25:00,0,0.15451585146926627,0,logistic_top40_C01
51,SECOM-0051,DEMO-002,29/07/2008 21:07:00,0,0.9617770119341879,1,logistic_top40_C01
233,SECOM-0233,DEMO-009,17/08/2008 14:21:00,0,0.13059934664091302,0,logistic_top40_C01
572,SECOM-0572,DEMO-022,30/08/2008 08:42:00,0,0.6542271716865483,1,logistic_top40_C01
450,SECOM-0450,DEMO-018,27/08/2008 00:46:00,0,0.12346241446473318,0,logistic_top40_C01
1048,SECOM-1048,DEMO-041,24/09/2008 03:32:00,0,0.06936976333171338,0,logistic_top40_C01
68,SECOM-0068,DEMO-002,01/08/2008 12:29:00,0,0.7619718020122541,1,logistic_top40_C01
705,SECOM-0705,DEMO-028,02/09/2008 20:59:00,0,0.23166926029393167,0,logistic_top40_C01
390,SECOM-0390,DEMO-015,22/08/2008 00:44:00,0,0.09430256439753311,0,logistic_top40_C01
1081,SECOM-1081,DEMO-043,25/09/2008 14:08:00,0,0.40844282121061914,0,logistic_top40_C01
621,SECOM-0621,DEMO-024,01/09/2008 00:53:00,0,0.24101992868571145,0,logistic_top40_C01
190,SECOM-0190,DEMO-007,11/08/2008 03:06:00,0,0.4813591581738817,1,logistic_top40_C01
706,SECOM-0706,DEMO-028,03/09/2008 00:18:00,0,0.27142525136107076,0,logistic_top40_C01
798,SECOM-0798,DEMO-031,12/09/2008 05:11:00,0,0.1576949351387699,0,logistic_top40_C01
1,SECOM-0001,DEMO-000,19/07/2008 12:32:00,0,0.43460217608223795,0,logistic_top40_C01
604,SECOM-0604,DEMO-024,31/08/2008 10:36:00,0,0.36061885476417055,0,logistic_top40_C01
1437,SECOM-1437,DEMO-057,09/10/2008 00:23:00,0,0.28199153364941426,0,logistic_top40_C01
434,SECOM-0434,DEMO-017,23/08/2008 05:57:00,0,0.1492659800192887,0,logistic_top40_C01
714,SECOM-0714,DEMO-028,03/09/2008 14:24:00,0,0.3500719639580589,0,logistic_top40_C01
914,SECOM-0914,DEMO-036,19/09/2008 16:58:00,1,0.43452174836484675,0,logistic_top40_C01
24,SECOM-0024,DEMO-000,27/07/2008 04:18:00,0,0.8898748393662468,1,logistic_top40_C01
1432,SECOM-1432,DEMO-057,08/10/2008 21:19:00,0,0.19767660851766952,0,logistic_top40_C01
1103,SECOM-1103,DEMO-044,26/09/2008 14:20:00,0,0.20645164024700868,0,logistic_top40_C01
837,SECOM-0837,DEMO-033,14/09/2008 17:40:00,0,0.4595806835186334,1,logistic_top40_C01
345,SECOM-0345,DEMO-013,21/08/2008 02:11:00,0,0.4499388588366326,0,logistic_top40_C01
1122,SECOM-1122,DEMO-044,27/09/2008 11:04:00,0,0.17799700417399145,0,logistic_top40_C01
1189,SECOM-1189,DEMO-047,30/09/2008 02:44:00,1,0.21756937098603304,0,logistic_top40_C01
903,SECOM-0903,DEMO-036,19/09/2008 07:18:00,0,0.18420388849737707,0,logistic_top40_C01
877,SECOM-0877,DEMO-035,18/09/2008 01:43:00,0,0.28639821688737477,0,logistic_top40_C01
1529,SECOM-1529,DEMO-061,15/10/2008 10:00:00,0,0.11080037558564365,0,logistic_top40_C01
215,SECOM-0215,DEMO-008,16/08/2008 07:33:00,0,0.8799167183827128,1,logistic_top40_C01
569,SECOM-0569,DEMO-022,30/08/2008 07:54:00,0,0.35427148353761606,0,logistic_top40_C01
1446,SECOM-1446,DEMO-057,10/10/2008 10:46:00,0,0.34197671473254887,0,logistic_top40_C01
1057,SECOM-1057,DEMO-042,24/09/2008 10:59:00,0,0.06020414741890127,0,logistic_top40_C01
1162,SECOM-1162,DEMO-046,28/09/2008 21:08:00,0,0.11379138263710428,0,logistic_top40_C01
96,SECOM-0096,DEMO-003,04/08/2008 20:58:00,1,0.8607512705930155,1,logistic_top40_C01
765,SECOM-0765,DEMO-030,08/09/2008 20:00:00,0,0.05159821060612119,0,logistic_top40_C01
1038,SECOM-1038,DEMO-041,23/09/2008 15:58:00,0,0.4007147801918996,0,logistic_top40_C01
533,SECOM-0533,DEMO-021,29/08/2008 13:14:00,0,0.44202870651238907,0,logistic_top40_C01
1563,SECOM-1563,DEMO-062,16/10/2008 20:49:00,0,0.4445749409959748,0,logistic_top40_C01
11,SECOM-0011,DEMO-000,19/07/2008 22:52:00,1,0.7361552700915075,1,logistic_top40_C01
1254,SECOM-1254,DEMO-050,02/10/2008 21:32:00,1,0.7848405382183922,1,logistic_top40_C01
1334,SECOM-1334,DEMO-053,05/10/2008 22:13:00,0,0.389620405525462,0,logistic_top40_C01
1453,SECOM-1453,DEMO-058,10/10/2008 21:07:00,0,0.13475577952199327,0,logistic_top40_C01
50,SECOM-0050,DEMO-002,29/07/2008 18:08:00,1,0.5741180162715745,1,logistic_top40_C01
399,SECOM-0399,DEMO-015,22/08/2008 03:18:00,0,0.6198606670098488,1,logistic_top40_C01
1472,SECOM-1472,DEMO-058,12/10/2008 18:47:00,0,0.1414998344287358,0,logistic_top40_C01
693,SECOM-0693,DEMO-027,02/09/2008 16:10:00,0,0.11820023266755793,0,logistic_top40_C01
320,SECOM-0320,DEMO-012,20/08/2008 02:13:00,0,0.6590255039520513,1,logistic_top40_C01
1385,SECOM-1385,DEMO-055,07/10/2008 03:39:00,0,0.19621352791663896,0,logistic_top40_C01
26,SECOM-0026,DEMO-001,27/07/2008 11:10:00,0,0.32097373859573936,0,logistic_top40_C01
553,SECOM-0553,DEMO-022,30/08/2008 00:57:00,0,0.24045989835000353,0,logistic_top40_C01
712,SECOM-0712,DEMO-028,03/09/2008 06:26:00,0,0.166755852205114,0,logistic_top40_C01
153,SECOM-0153,DEMO-006,07/08/2008 11:10:00,0,0.9280386142902315,1,logistic_top40_C01
846,SECOM-0846,DEMO-033,15/09/2008 02:04:00,0,0.5553759424830877,1,logistic_top40_C01
1495,SECOM-1495,DEMO-059,14/10/2008 00:35:00,0,0.1561580599739097,0,logistic_top40_C01
269,SECOM-0269,DEMO-010,18/08/2008 15:30:00,0,0.4331649861479061,0,logistic_top40_C01
909,SECOM-0909,DEMO-036,19/09/2008 11:13:00,0,0.16240095010904357,0,logistic_top40_C01
165,SECOM-0165,DEMO-006,09/08/2008 02:37:00,0,0.889065136083748,1,logistic_top40_C01
255,SECOM-0255,DEMO-010,18/08/2008 08:18:00,0,0.1906382598630018,0,logistic_top40_C01
689,SECOM-0689,DEMO-027,02/09/2008 14:09:00,0,0.9690573299590484,1,logistic_top40_C01
752,SECOM-0752,DEMO-030,08/09/2008 00:40:00,0,0.2957706244023388,0,logistic_top40_C01
209,SECOM-0209,DEMO-008,15/08/2008 20:00:00,0,0.7073432225737314,1,logistic_top40_C01
1540,SECOM-1540,DEMO-061,15/10/2008 21:44:00,0,0.19527899189013292,0,logistic_top40_C01
1328,SECOM-1328,DEMO-053,05/10/2008 16:49:00,1,0.6930035878830371,1,logistic_top40_C01
242,SECOM-0242,DEMO-009,18/08/2008 00:20:00,0,0.48278915838216857,1,logistic_top40_C01
1486,SECOM-1486,DEMO-059,13/10/2008 19:40:00,0,0.07483835370512286,0,logistic_top40_C01
149,SECOM-0149,DEMO-005,07/08/2008 08:21:00,0,0.5493311684519943,1,logistic_top40_C01
730,SECOM-0730,DEMO-029,04/09/2008 16:30:00,0,0.08717728990926531,0,logistic_top40_C01
1411,SECOM-1411,DEMO-056,08/10/2008 04:47:00,0,0.2777600800092824,0,logistic_top40_C01
1175,SECOM-1175,DEMO-047,29/09/2008 11:53:00,0,0.059488386644614574,0,logistic_top40_C01
1565,SECOM-1565,DEMO-062,17/10/2008 06:01:00,0,0.2512336227323874,0,logistic_top40_C01
1034,SECOM-1034,DEMO-041,23/09/2008 12:46:00,0,0.2536171032300775,0,logistic_top40_C01
246,SECOM-0246,DEMO-009,18/08/2008 04:35:00,0,0.41209463924721257,0,logistic_top40_C01
816,SECOM-0816,DEMO-032,12/09/2008 22:25:00,0,0.29875409355009874,0,logistic_top40_C01
817,SECOM-0817,DEMO-032,12/09/2008 22:45:00,0,0.1436685303388305,0,logistic_top40_C01
1351,SECOM-1351,DEMO-054,06/10/2008 07:17:00,0,0.6634163532999606,1,logistic_top40_C01
792,SECOM-0792,DEMO-031,11/09/2008 15:08:00,0,0.5056228353272966,1,logistic_top40_C01
1166,SECOM-1166,DEMO-046,29/09/2008 02:06:00,0,0.18384831171544558,0,logistic_top40_C01
893,SECOM-0893,DEMO-035,18/09/2008 23:44:00,0,0.39460720794128834,0,logistic_top40_C01
876,SECOM-0876,DEMO-035,18/09/2008 01:40:00,0,0.09680167454103374,0,logistic_top40_C01
1003,SECOM-1003,DEMO-040,22/09/2008 01:43:00,0,0.09873837724510218,0,logistic_top40_C01
283,SECOM-0283,DEMO-011,19/08/2008 04:58:00,0,0.6063849199008683,1,logistic_top40_C01
146,SECOM-0146,DEMO-005,06/08/2008 23:45:00,0,0.4859058496448009,1,logistic_top40_C01
1491,SECOM-1491,DEMO-059,13/10/2008 21:47:00,0,0.05877018762754746,0,logistic_top40_C01
557,SECOM-0557,DEMO-022,30/08/2008 02:32:00,0,0.7255581074163671,1,logistic_top40_C01
232,SECOM-0232,DEMO-009,17/08/2008 13:34:00,0,0.1784060926967008,0,logistic_top40_C01
1314,SECOM-1314,DEMO-052,05/10/2008 09:04:00,0,0.5408168091608869,1,logistic_top40_C01
58,SECOM-0058,DEMO-002,30/07/2008 21:16:00,1,0.4037099296759274,0,logistic_top40_C01
342,SECOM-0342,DEMO-013,20/08/2008 22:45:00,0,0.1722712692125784,0,logistic_top40_C01
549,SECOM-0549,DEMO-021,29/08/2008 22:49:00,0,0.3848518497237561,0,logistic_top40_C01
116,SECOM-0116,DEMO-004,05/08/2008 07:48:00,0,0.5120437781048853,1,logistic_top40_C01
175,SECOM-0175,DEMO-007,09/08/2008 22:37:00,0,0.6986950307791578,1,logistic_top40_C01
1361,SECOM-1361,DEMO-054,06/10/2008 12:42:00,0,0.4849685427088447,1,logistic_top40_C01
1152,SECOM-1152,DEMO-046,28/09/2008 17:05:00,0,0.22619126194701228,0,logistic_top40_C01
435,SECOM-0435,DEMO-017,23/08/2008 05:58:00,0,0.6224298601132774,1,logistic_top40_C01
183,SECOM-0183,DEMO-007,10/08/2008 11:16:00,0,0.7682542507310952,1,logistic_top40_C01
795,SECOM-0795,DEMO-031,11/09/2008 22:07:00,1,0.24221648537326132,0,logistic_top40_C01
1225,SECOM-1225,DEMO-049,02/10/2008 00:21:00,0,0.44026127644311713,0,logistic_top40_C01
946,SECOM-0946,DEMO-037,20/09/2008 12:26:00,0,0.1033350729855968,0,logistic_top40_C01
1442,SECOM-1442,DEMO-057,09/10/2008 15:04:00,0,0.2258987470466097,0,logistic_top40_C01
264,SECOM-0264,DEMO-010,18/08/2008 14:01:00,0,0.21618280155498076,0,logistic_top40_C01
1236,SECOM-1236,DEMO-049,02/10/2008 08:52:00,0,0.3110889049872616,0,logistic_top40_C01
1229,SECOM-1229,DEMO-049,02/10/2008 04:11:00,0,0.4606849446788473,1,logistic_top40_C01
44,SECOM-0044,DEMO-001,29/07/2008 06:19:00,0,0.6679386433949033,1,logistic_top40_C01
449,SECOM-0449,DEMO-017,25/08/2008 09:29:00,0,0.2929177277045144,0,logistic_top40_C01
1316,SECOM-1316,DEMO-052,05/10/2008 10:00:00,0,0.23528177237645825,0,logistic_top40_C01
31,SECOM-0031,DEMO-001,27/07/2008 22:28:00,0,0.7156595980396024,1,logistic_top40_C01
1315,SECOM-1315,DEMO-052,05/10/2008 09:47:00,0,0.4213770696831779,0,logistic_top40_C01
1005,SECOM-1005,DEMO-040,22/09/2008 06:05:00,0,0.2436619967824655,0,logistic_top40_C01
1424,SECOM-1424,DEMO-056,08/10/2008 14:48:00,0,0.29022918463584507,0,logistic_top40_C01
465,SECOM-0465,DEMO-018,28/08/2008 04:54:00,0,0.44724063769357064,0,logistic_top40_C01
41,SECOM-0041,DEMO-001,28/07/2008 23:57:00,0,0.41181482512989925,0,logistic_top40_C01
1431,SECOM-1431,DEMO-057,08/10/2008 20:27:00,0,0.2380112951747832,0,logistic_top40_C01
459,SECOM-0459,DEMO-018,28/08/2008 03:04:00,0,0.26414889946561654,0,logistic_top40_C01
130,SECOM-0130,DEMO-005,06/08/2008 03:22:00,0,0.8788503860574834,1,logistic_top40_C01
709,SECOM-0709,DEMO-028,03/09/2008 01:15:00,1,0.6618339479079665,1,logistic_top40_C01
461,SECOM-0461,DEMO-018,28/08/2008 03:38:00,0,0.41594665366292083,0,logistic_top40_C01
104,SECOM-0104,DEMO-004,05/08/2008 02:45:00,0,0.5159033099752856,1,logistic_top40_C01
1345,SECOM-1345,DEMO-053,06/10/2008 05:21:00,0,0.4227014989340132,0,logistic_top40_C01
1031,SECOM-1031,DEMO-041,23/09/2008 11:43:00,0,0.4632955673977453,1,logistic_top40_C01
713,SECOM-0713,DEMO-028,03/09/2008 09:38:00,0,0.5286594435901131,1,logistic_top40_C01
652,SECOM-0652,DEMO-026,02/09/2008 02:02:00,0,0.6479104691513862,1,logistic_top40_C01
1097,SECOM-1097,DEMO-043,26/09/2008 03:29:00,0,0.2498581230309518,0,logistic_top40_C01
1242,SECOM-1242,DEMO-049,02/10/2008 14:10:00,1,0.832201954297292,1,logistic_top40_C01
1439,SECOM-1439,DEMO-057,09/10/2008 06:06:00,0,0.18386468691471383,0,logistic_top40_C01
1140,SECOM-1140,DEMO-045,27/09/2008 21:45:00,0,0.20907182924977377,0,logistic_top40_C01
1004,SECOM-1004,DEMO-040,22/09/2008 03:51:00,0,0.09415798342509592,0,logistic_top40_C01
1552,SECOM-1552,DEMO-062,16/10/2008 04:02:00,0,0.3625881500207238,0,logistic_top40_C01
928,SECOM-0928,DEMO-037,19/09/2008 21:14:00,0,0.11576551859390513,0,logistic_top40_C01
48,SECOM-0048,DEMO-001,29/07/2008 15:49:00,1,0.8119308502433411,1,logistic_top40_C01
527,SECOM-0527,DEMO-021,29/08/2008 08:41:00,0,0.19278356550857362,0,logistic_top40_C01
967,SECOM-0967,DEMO-038,20/09/2008 19:21:00,0,0.06845958861332427,0,logistic_top40_C01
535,SECOM-0535,DEMO-021,29/08/2008 13:49:00,0,0.542799324807217,1,logistic_top40_C01
828,SECOM-0828,DEMO-033,13/09/2008 14:07:00,0,0.2925429461233839,0,logistic_top40_C01
1354,SECOM-1354,DEMO-054,06/10/2008 08:24:00,0,0.1909400068188009,0,logistic_top40_C01
726,SECOM-0726,DEMO-029,04/09/2008 11:50:00,0,0.10543979500042133,0,logistic_top40_C01
1370,SECOM-1370,DEMO-054,06/10/2008 17:26:00,0,0.37929777601772546,0,logistic_top40_C01
1294,SECOM-1294,DEMO-051,04/10/2008 18:15:00,0,0.6076014346499415,1,logistic_top40_C01
630,SECOM-0630,DEMO-025,01/09/2008 09:54:00,0,0.31924041261617314,0,logistic_top40_C01
268,SECOM-0268,DEMO-010,18/08/2008 15:26:00,0,0.26578399458648466,0,logistic_top40_C01
844,SECOM-0844,DEMO-033,14/09/2008 21:31:00,0,0.36430705149872034,0,logistic_top40_C01
1204,SECOM-1204,DEMO-048,30/09/2008 21:39:00,0,0.6000167804089886,1,logistic_top40_C01
1259,SECOM-1259,DEMO-050,02/10/2008 23:32:00,0,0.5561531128526234,1,logistic_top40_C01
366,SECOM-0366,DEMO-014,21/08/2008 15:48:00,0,0.6027371431041341,1,logistic_top40_C01
1184,SECOM-1184,DEMO-047,29/09/2008 21:26:00,0,0.17730598832991418,0,logistic_top40_C01
1095,SECOM-1095,DEMO-043,26/09/2008 02:26:00,0,0.2511573458906437,0,logistic_top40_C01
1528,SECOM-1528,DEMO-061,15/10/2008 09:11:00,0,0.2581149880761471,0,logistic_top40_C01
1239,SECOM-1239,DEMO-049,02/10/2008 09:42:00,0,0.4439256954829368,0,logistic_top40_C01
397,SECOM-0397,DEMO-015,22/08/2008 02:25:00,0,0.3603912595450578,0,logistic_top40_C01
17,SECOM-0017,DEMO-000,22/07/2008 08:41:00,0,0.936464958696214,1,logistic_top40_C01
1205,SECOM-1205,DEMO-048,30/09/2008 21:42:00,0,0.11589272781383046,0,logistic_top40_C01
899,SECOM-0899,DEMO-035,19/09/2008 05:57:00,0,0.3432031631459794,0,logistic_top40_C01
112,SECOM-0112,DEMO-004,05/08/2008 06:11:00,0,0.7896065486264818,1,logistic_top40_C01
530,SECOM-0530,DEMO-021,29/08/2008 12:22:00,0,0.2560986021686689,0,logistic_top40_C01
364,SECOM-0364,DEMO-014,21/08/2008 15:06:00,0,0.7217836133342714,1,logistic_top40_C01
754,SECOM-0754,DEMO-030,08/09/2008 03:32:00,0,0.17625280784695682,0,logistic_top40_C01
1032,SECOM-1032,DEMO-041,23/09/2008 12:29:00,0,0.38687257583801504,0,logistic_top40_C01
708,SECOM-0708,DEMO-028,03/09/2008 00:58:00,0,0.36639003244327895,0,logistic_top40_C01
1148,SECOM-1148,DEMO-045,28/09/2008 07:52:00,0,0.28993524494772005,0,logistic_top40_C01
189,SECOM-0189,DEMO-007,10/08/2008 22:26:00,1,0.30426775679833284,0,logistic_top40_C01
460,SECOM-0460,DEMO-018,28/08/2008 03:29:00,0,0.3991051672555829,0,logistic_top40_C01
666,SECOM-0666,DEMO-026,02/09/2008 07:22:00,0,0.3513880937528344,0,logistic_top40_C01
1367,SECOM-1367,DEMO-054,06/10/2008 15:52:00,0,0.26145139677158213,0,logistic_top40_C01
531,SECOM-0531,DEMO-021,29/08/2008 12:37:00,0,0.15734654053169253,0,logistic_top40_C01
1027,SECOM-1027,DEMO-041,23/09/2008 08:11:00,0,0.40419621566001906,0,logistic_top40_C01
725,SECOM-0725,DEMO-029,04/09/2008 08:53:00,0,0.30148008239758195,0,logistic_top40_C01
627,SECOM-0627,DEMO-025,01/09/2008 08:18:00,0,0.5439124298475162,1,logistic_top40_C01
868,SECOM-0868,DEMO-034,16/09/2008 21:21:00,0,0.3170884282677542,0,logistic_top40_C01
1037,SECOM-1037,DEMO-041,23/09/2008 15:33:00,0,0.367135629507638,0,logistic_top40_C01
21,SECOM-0021,DEMO-000,23/07/2008 05:15:00,0,0.31899450617863867,0,logistic_top40_C01
1209,SECOM-1209,DEMO-048,01/10/2008 01:11:00,0,0.15260482295145733,0,logistic_top40_C01
1412,SECOM-1412,DEMO-056,08/10/2008 05:35:00,0,0.13189832821769484,0,logistic_top40_C01
707,SECOM-0707,DEMO-028,03/09/2008 00:45:00,0,0.18169583748517307,0,logistic_top40_C01
959,SECOM-0959,DEMO-038,20/09/2008 16:43:00,0,0.07086995727722688,0,logistic_top40_C01
1336,SECOM-1336,DEMO-053,06/10/2008 01:25:00,0,0.7316724268202787,1,logistic_top40_C01
154,SECOM-0154,DEMO-006,07/08/2008 11:40:00,1,0.7007650250336246,1,logistic_top40_C01
1353,SECOM-1353,DEMO-054,06/10/2008 07:38:00,0,0.5466623683382559,1,logistic_top40_C01
1116,SECOM-1116,DEMO-044,27/09/2008 00:16:00,0,0.22695567720699653,0,logistic_top40_C01
1231,SECOM-1231,DEMO-049,02/10/2008 04:24:00,0,0.34463013758904504,0,logistic_top40_C01
1142,SECOM-1142,DEMO-045,28/09/2008 01:22:00,0,0.426355438416573,0,logistic_top40_C01
23,SECOM-0023,DEMO-000,25/07/2008 15:23:00,1,0.8758475866106414,1,logistic_top40_C01
751,SECOM-0751,DEMO-030,08/09/2008 00:32:00,0,0.4259384740822135,0,logistic_top40_C01
25,SECOM-0025,DEMO-001,27/07/2008 09:37:00,0,0.6593045261324565,1,logistic_top40_C01
1433,SECOM-1433,DEMO-057,08/10/2008 21:45:00,0,0.03554714974659604,0,logistic_top40_C01
973,SECOM-0973,DEMO-038,21/09/2008 03:47:00,0,0.11896537688729497,0,logistic_top40_C01
383,SECOM-0383,DEMO-015,21/08/2008 22:25:00,0,0.25517054913190274,0,logistic_top40_C01
811,SECOM-0811,DEMO-032,12/09/2008 18:01:00,0,0.1420238661544072,0,logistic_top40_C01
1137,SECOM-1137,DEMO-045,27/09/2008 18:14:00,0,0.3052700816953197,0,logistic_top40_C01
571,SECOM-0571,DEMO-022,30/08/2008 08:29:00,0,0.4832833613305725,1,logistic_top40_C01
698,SECOM-0698,DEMO-027,02/09/2008 17:18:00,0,0.4926529881368396,1,logistic_top40_C01
678,SECOM-0678,DEMO-027,02/09/2008 11:47:00,0,0.4727125195984156,1,logistic_top40_C01
989,SECOM-0989,DEMO-039,21/09/2008 15:15:00,0,0.08386274967968602,0,logistic_top40_C01
1237,SECOM-1237,DEMO-049,02/10/2008 08:57:00,0,0.6271603915326084,1,logistic_top40_C01
1398,SECOM-1398,DEMO-055,07/10/2008 11:36:00,0,0.29756755735554546,0,logistic_top40_C01
174,SECOM-0174,DEMO-006,09/08/2008 22:15:00,0,0.816618598695992,1,logistic_top40_C01
1522,SECOM-1522,DEMO-060,15/10/2008 05:13:00,0,0.32838309298098683,0,logistic_top40_C01
288,SECOM-0288,DEMO-011,19/08/2008 05:41:00,0,0.7102119116757672,1,logistic_top40_C01
1310,SECOM-1310,DEMO-052,05/10/2008 05:53:00,0,0.43147461734903225,0,logistic_top40_C01
643,SECOM-0643,DEMO-025,01/09/2008 23:59:00,0,0.4338092850937079,0,logistic_top40_C01
1482,SECOM-1482,DEMO-059,13/10/2008 15:42:00,0,0.12378495494134886,0,logistic_top40_C01
847,SECOM-0847,DEMO-033,15/09/2008 10:03:00,0,0.3972982379846847,0,logistic_top40_C01
245,SECOM-0245,DEMO-009,18/08/2008 04:12:00,0,0.36339644797051596,0,logistic_top40_C01
219,SECOM-0219,DEMO-008,16/08/2008 13:51:00,0,0.2777931865392307,0,logistic_top40_C01
1080,SECOM-1080,DEMO-043,25/09/2008 13:42:00,0,0.2937654574411069,0,logistic_top40_C01
545,SECOM-0545,DEMO-021,29/08/2008 21:46:00,0,0.22475524223857762,0,logistic_top40_C01
313,SECOM-0313,DEMO-012,19/08/2008 18:30:00,0,0.5777357728353546,1,logistic_top40_C01
1219,SECOM-1219,DEMO-048,01/10/2008 16:43:00,0,0.13892560221020728,0,logistic_top40_C01
444,SECOM-0444,DEMO-017,24/08/2008 07:12:00,0,0.4956397054285685,1,logistic_top40_C01
956,SECOM-0956,DEMO-038,20/09/2008 15:19:00,0,0.138646004025258,0,logistic_top40_C01
296,SECOM-0296,DEMO-011,19/08/2008 08:07:00,0,0.09100122959780586,0,logistic_top40_C01
344,SECOM-0344,DEMO-013,20/08/2008 23:43:00,1,0.21311699488987257,0,logistic_top40_C01
972,SECOM-0972,DEMO-038,21/09/2008 03:04:00,0,0.2818683426566196,0,logistic_top40_C01
720,SECOM-0720,DEMO-028,03/09/2008 20:10:00,0,0.13731452480569312,0,logistic_top40_C01
1138,SECOM-1138,DEMO-045,27/09/2008 19:16:00,0,0.1791244367816942,0,logistic_top40_C01
563,SECOM-0563,DEMO-022,30/08/2008 04:55:00,0,0.40321968178638606,0,logistic_top40_C01
1541,SECOM-1541,DEMO-061,15/10/2008 22:45:00,0,0.11620973339541443,0,logistic_top40_C01
1098,SECOM-1098,DEMO-043,26/09/2008 04:14:00,0,0.4050607807721149,0,logistic_top40_C01
187,SECOM-0187,DEMO-007,10/08/2008 19:07:00,0,0.830517725088343,1,logistic_top40_C01
786,SECOM-0786,DEMO-031,11/09/2008 12:47:00,0,0.6285505486201949,1,logistic_top40_C01
228,SECOM-0228,DEMO-009,17/08/2008 03:46:00,0,0.7406943152210652,1,logistic_top40_C01
18,SECOM-0018,DEMO-000,22/07/2008 11:47:00,0,0.47565582165007886,1,logistic_top40_C01
674,SECOM-0674,DEMO-026,02/09/2008 10:25:00,0,0.35569684779318667,0,logistic_top40_C01
905,SECOM-0905,DEMO-036,19/09/2008 08:52:00,0,0.31060635750978993,0,logistic_top40_C01
176,SECOM-0176,DEMO-007,09/08/2008 23:17:00,0,0.3414715589435753,0,logistic_top40_C01
352,SECOM-0352,DEMO-014,21/08/2008 11:22:00,0,0.2891814013732012,0,logistic_top40_C01
887,SECOM-0887,DEMO-035,18/09/2008 18:12:00,0,0.25283749408580436,0,logistic_top40_C01
173,SECOM-0173,DEMO-006,09/08/2008 21:07:00,0,0.5640242021106908,1,logistic_top40_C01
1407,SECOM-1407,DEMO-056,07/10/2008 19:24:00,0,0.4309754192587624,0,logistic_top40_C01
1352,SECOM-1352,DEMO-054,06/10/2008 07:35:00,0,0.32458039102060376,0,logistic_top40_C01
520,SECOM-0520,DEMO-020,29/08/2008 07:18:00,0,0.5141374089340172,1,logistic_top40_C01
834,SECOM-0834,DEMO-033,14/09/2008 15:02:00,0,0.32812770658571794,0,logistic_top40_C01
464,SECOM-0464,DEMO-018,28/08/2008 04:20:00,0,0.5892550772351545,1,logistic_top40_C01
476,SECOM-0476,DEMO-019,28/08/2008 10:28:00,0,0.3552369280891985,0,logistic_top40_C01
515,SECOM-0515,DEMO-020,29/08/2008 06:35:00,0,0.6232820209754749,1,logistic_top40_C01
953,SECOM-0953,DEMO-038,20/09/2008 14:50:00,0,0.12469031474564736,0,logistic_top40_C01
440,SECOM-0440,DEMO-017,23/08/2008 15:10:00,0,0.19764150856361387,0,logistic_top40_C01
872,SECOM-0872,DEMO-034,17/09/2008 07:14:00,0,0.4009934226921087,0,logistic_top40_C01
392,SECOM-0392,DEMO-015,22/08/2008 01:04:00,1,0.7714038283780796,1,logistic_top40_C01
512,SECOM-0512,DEMO-020,29/08/2008 05:54:00,0,0.13685083134168474,0,logistic_top40_C01
1456,SECOM-1456,DEMO-058,11/10/2008 06:56:00,0,0.2100876213940817,0,logistic_top40_C01
287,SECOM-0287,DEMO-011,19/08/2008 05:40:00,0,0.5598336966828605,1,logistic_top40_C01
121,SECOM-0121,DEMO-004,05/08/2008 15:45:00,0,0.5960411726425648,1,logistic_top40_C01
1094,SECOM-1094,DEMO-043,26/09/2008 01:21:00,0,0.45148812646990283,0,logistic_top40_C01
337,SECOM-0337,DEMO-013,20/08/2008 20:19:00,0,0.01673589970699662,0,logistic_top40_C01
1249,SECOM-1249,DEMO-049,02/10/2008 17:00:00,0,0.46851964123272927,1,logistic_top40_C01
629,SECOM-0629,DEMO-025,01/09/2008 09:19:00,0,0.29986524156710365,0,logistic_top40_C01
1397,SECOM-1397,DEMO-055,07/10/2008 11:16:00,0,0.050571971870231935,0,logistic_top40_C01
748,SECOM-0748,DEMO-029,07/09/2008 20:12:00,0,0.20972780938558275,0,logistic_top40_C01
1274,SECOM-1274,DEMO-050,03/10/2008 19:23:00,0,0.39749936848197365,0,logistic_top40_C01
1106,SECOM-1106,DEMO-044,26/09/2008 15:36:00,0,0.17429104047783808,0,logistic_top40_C01
691,SECOM-0691,DEMO-027,02/09/2008 14:34:00,0,0.2406876939140561,0,logistic_top40_C01
1537,SECOM-1537,DEMO-061,15/10/2008 18:16:00,0,0.105103682300218,0,logistic_top40_C01
20,SECOM-0020,DEMO-000,22/07/2008 15:30:00,0,0.28082820725800806,0,logistic_top40_C01
496,SECOM-0496,DEMO-019,28/08/2008 21:03:00,0,0.16675860184787467,0,logistic_top40_C01
325,SECOM-0325,DEMO-013,20/08/2008 07:12:00,0,0.8017397100474958,1,logistic_top40_C01
1099,SECOM-1099,DEMO-043,26/09/2008 05:32:00,0,0.2594763450643736,0,logistic_top40_C01
502,SECOM-0502,DEMO-020,29/08/2008 01:06:00,0,0.5291299105917899,1,logistic_top40_C01
611,SECOM-0611,DEMO-024,31/08/2008 20:24:00,0,0.15395467375803878,0,logistic_top40_C01
79,SECOM-0079,DEMO-003,03/08/2008 17:58:00,0,0.6007644251873079,1,logistic_top40_C01
582,SECOM-0582,DEMO-023,30/08/2008 11:57:00,0,0.6589319874474929,1,logistic_top40_C01
1466,SECOM-1466,DEMO-058,12/10/2008 00:57:00,0,0.06824458517449827,0,logistic_top40_C01
776,SECOM-0776,DEMO-031,10/09/2008 21:56:00,0,0.3114915908080824,0,logistic_top40_C01
518,SECOM-0518,DEMO-020,29/08/2008 06:45:00,1,0.38981793780959073,0,logistic_top40_C01
818,SECOM-0818,DEMO-032,12/09/2008 23:28:00,0,0.08731319099381499,0,logistic_top40_C01
954,SECOM-0954,DEMO-038,20/09/2008 14:53:00,0,0.04473524720731965,0,logistic_top40_C01
947,SECOM-0947,DEMO-037,20/09/2008 12:27:00,0,0.09806991104206167,0,logistic_top40_C01
658,SECOM-0658,DEMO-026,02/09/2008 03:35:00,0,0.3837744765521153,0,logistic_top40_C01
939,SECOM-0939,DEMO-037,20/09/2008 05:34:00,0,0.2679889979867863,0,logistic_top40_C01
855,SECOM-0855,DEMO-034,15/09/2008 22:45:00,0,0.4235491819391697,0,logistic_top40_C01
1360,SECOM-1360,DEMO-054,06/10/2008 12:39:00,0,0.33240857593460893,0,logistic_top40_C01
178,SECOM-0178,DEMO-007,10/08/2008 00:09:00,0,0.27042708903817325,0,logistic_top40_C01
1129,SECOM-1129,DEMO-045,27/09/2008 13:19:00,0,0.17329104082288344,0,logistic_top40_C01
1150,SECOM-1150,DEMO-046,28/09/2008 08:41:00,0,0.19037857424688479,0,logistic_top40_C01
1333,SECOM-1333,DEMO-053,05/10/2008 20:30:00,0,0.8200775614067762,1,logistic_top40_C01
457,SECOM-0457,DEMO-018,27/08/2008 22:58:00,0,0.9999999972960425,1,logistic_top40_C01
1375,SECOM-1375,DEMO-055,06/10/2008 19:42:00,0,0.3760857012606292,0,logistic_top40_C01
1070,SECOM-1070,DEMO-042,25/09/2008 02:03:00,0,0.1266240766225537,0,logistic_top40_C01
141,SECOM-0141,DEMO-005,06/08/2008 20:00:00,0,0.15850028510437253,0,logistic_top40_C01
1268,SECOM-1268,DEMO-050,03/10/2008 06:15:00,0,0.48779118937593746,1,logistic_top40_C01
1344,SECOM-1344,DEMO-053,06/10/2008 04:26:00,0,0.5728489231999794,1,logistic_top40_C01
1396,SECOM-1396,DEMO-055,07/10/2008 11:15:00,0,0.14694271468244616,0,logistic_top40_C01
932,SECOM-0932,DEMO-037,20/09/2008 00:18:00,0,0.1394931938720982,0,logistic_top40_C01
1036,SECOM-1036,DEMO-041,23/09/2008 15:23:00,0,0.19452223175363442,0,logistic_top40_C01
1366,SECOM-1366,DEMO-054,06/10/2008 15:01:00,0,0.49511509713602575,1,logistic_top40_C01
865,SECOM-0865,DEMO-034,16/09/2008 18:23:00,0,0.375656154259951,0,logistic_top40_C01
1479,SECOM-1479,DEMO-059,13/10/2008 14:30:00,0,0.14213114252387327,0,logistic_top40_C01
1271,SECOM-1271,DEMO-050,03/10/2008 11:40:00,0,0.5296827365481268,1,logistic_top40_C01
579,SECOM-0579,DEMO-023,30/08/2008 11:12:00,0,0.5726898973266176,1,logistic_top40_C01
524,SECOM-0524,DEMO-020,29/08/2008 07:33:00,0,0.3812668744277513,0,logistic_top40_C01
793,SECOM-0793,DEMO-031,11/09/2008 16:28:00,0,0.21105218208736298,0,logistic_top40_C01
862,SECOM-0862,DEMO-034,16/09/2008 09:37:00,0,0.2642285999865649,0,logistic_top40_C01
978,SECOM-0978,DEMO-039,21/09/2008 08:22:00,0,0.07638108547189948,0,logistic_top40_C01
635,SECOM-0635,DEMO-025,01/09/2008 20:51:00,0,0.49762275243126874,1,logistic_top40_C01
912,SECOM-0912,DEMO-036,19/09/2008 15:31:00,0,0.28447569310210913,0,logistic_top40_C01
750,SECOM-0750,DEMO-030,07/09/2008 23:33:00,0,0.4047669039016643,0,logistic_top40_C01
1441,SECOM-1441,DEMO-057,09/10/2008 14:15:00,0,0.29230261233059845,0,logistic_top40_C01
1309,SECOM-1309,DEMO-052,05/10/2008 05:31:00,0,0.706122614347385,1,logistic_top40_C01
306,SECOM-0306,DEMO-012,19/08/2008 11:46:00,0,0.8524581867512554,1,logistic_top40_C01
1531,SECOM-1531,DEMO-061,15/10/2008 13:14:00,0,0.19073023637561062,0,logistic_top40_C01
769,SECOM-0769,DEMO-030,09/09/2008 00:25:00,0,0.10863216841651463,0,logistic_top40_C01
1305,SECOM-1305,DEMO-052,05/10/2008 01:35:00,0,0.6386777416144069,1,logistic_top40_C01
1283,SECOM-1283,DEMO-051,03/10/2008 22:53:00,0,0.49459697061885416,1,logistic_top40_C01
326,SECOM-0326,DEMO-013,20/08/2008 08:40:00,1,0.4020036585527059,0,logistic_top40_C01
458,SECOM-0458,DEMO-018,28/08/2008 03:03:00,0,0.2512421081671186,0,logistic_top40_C01
9,SECOM-0009,DEMO-000,19/07/2008 21:35:00,0,0.8264677661354859,1,logistic_top40_C01
615,SECOM-0615,DEMO-024,31/08/2008 22:32:00,0,0.08696639573726685,0,logistic_top40_C01
1208,SECOM-1208,DEMO-048,01/10/2008 00:20:00,0,0.7153044258860716,1,logistic_top40_C01
936,SECOM-0936,DEMO-037,20/09/2008 04:28:00,0,0.0951121178836766,0,logistic_top40_C01
1350,SECOM-1350,DEMO-054,06/10/2008 07:12:00,0,0.3698774893356308,0,logistic_top40_C01
1222,SECOM-1222,DEMO-048,01/10/2008 21:50:00,0,0.5929540865032131,1,logistic_top40_C01
1218,SECOM-1218,DEMO-048,01/10/2008 15:16:00,0,0.44827661223380755,0,logistic_top40_C01
1197,SECOM-1197,DEMO-047,30/09/2008 15:16:00,0,0.09925057701133905,0,logistic_top40_C01
5,SECOM-0005,DEMO-000,19/07/2008 17:53:00,0,0.5898873831213004,1,logistic_top40_C01
307,SECOM-0307,DEMO-012,19/08/2008 11:57:00,0,0.2847912572311745,0,logistic_top40_C01
336,SECOM-0336,DEMO-013,20/08/2008 19:20:00,1,0.8559964967318415,1,logistic_top40_C01
1052,SECOM-1052,DEMO-042,24/09/2008 06:13:00,0,0.6470190614747336,1,logistic_top40_C01
1357,SECOM-1357,DEMO-054,06/10/2008 09:57:00,0,0.36466782384881213,0,logistic_top40_C01
1364,SECOM-1364,DEMO-054,06/10/2008 13:55:00,1,0.4919403619827563,1,logistic_top40_C01
1382,SECOM-1382,DEMO-055,06/10/2008 23:03:00,0,0.4342252056656451,0,logistic_top40_C01
1245,SECOM-1245,DEMO-049,02/10/2008 15:44:00,0,0.16823006152467265,0,logistic_top40_C01
640,SECOM-0640,DEMO-025,01/09/2008 23:28:00,0,0.19014037615097526,0,logistic_top40_C01
1390,SECOM-1390,DEMO-055,07/10/2008 09:11:00,0,0.2865550485667011,0,logistic_top40_C01
576,SECOM-0576,DEMO-023,30/08/2008 09:45:00,1,0.23705771601406697,0,logistic_top40_C01
1295,SECOM-1295,DEMO-051,04/10/2008 18:25:00,0,0.3384526938959,0,logistic_top40_C01
550,SECOM-0550,DEMO-022,29/08/2008 22:56:00,0,0.2681104878580747,0,logistic_top40_C01
372,SECOM-0372,DEMO-014,21/08/2008 18:04:00,0,0.1527682396128498,0,logistic_top40_C01
1499,SECOM-1499,DEMO-059,14/10/2008 13:13:00,0,0.16415938000147826,0,logistic_top40_C01
231,SECOM-0231,DEMO-009,17/08/2008 12:16:00,1,0.3989860269081185,0,logistic_top40_C01
672,SECOM-0672,DEMO-026,02/09/2008 10:13:00,0,0.3002202753085791,0,logistic_top40_C01
1474,SECOM-1474,DEMO-058,13/10/2008 03:53:00,0,0.061125948891531896,0,logistic_top40_C01
331,SECOM-0331,DEMO-013,20/08/2008 17:09:00,0,0.39459104165016773,0,logistic_top40_C01
1073,SECOM-1073,DEMO-042,25/09/2008 07:58:00,0,0.08818933649904902,0,logistic_top40_C01
1525,SECOM-1525,DEMO-061,15/10/2008 07:36:00,0,0.4360637077655048,0,logistic_top40_C01
753,SECOM-0753,DEMO-030,08/09/2008 01:24:00,0,0.1803698648205325,0,logistic_top40_C01
715,SECOM-0715,DEMO-028,03/09/2008 14:29:00,0,0.2951478280547255,0,logistic_top40_C01
1226,SECOM-1226,DEMO-049,02/10/2008 00:22:00,0,0.5974126953385169,1,logistic_top40_C01
930,SECOM-0930,DEMO-037,19/09/2008 23:26:00,0,0.10004383428186,0,logistic_top40_C01
1058,SECOM-1058,DEMO-042,24/09/2008 11:47:00,0,0.048680199477562726,0,logistic_top40_C01
238,SECOM-0238,DEMO-009,17/08/2008 23:04:00,1,0.6108696092148301,1,logistic_top40_C01
1272,SECOM-1272,DEMO-050,03/10/2008 12:31:00,0,0.6771415726040293,1,logistic_top40_C01
442,SECOM-0442,DEMO-017,24/08/2008 02:32:00,0,0.3466832578524336,0,logistic_top40_C01
424,SECOM-0424,DEMO-016,22/08/2008 19:14:00,1,0.5195684470770909,1,logistic_top40_C01
1493,SECOM-1493,DEMO-059,13/10/2008 22:48:00,0,0.07070432089709949,0,logistic_top40_C01
1282,SECOM-1282,DEMO-051,03/10/2008 22:08:00,0,0.6040563887555459,1,logistic_top40_C01
1377,SECOM-1377,DEMO-055,06/10/2008 20:36:00,0,0.22673856683831972,0,logistic_top40_C001
1212,SECOM-1212,DEMO-048,01/10/2008 07:19:00,0,0.5349598798114107,1,logistic_top40_C001
907,SECOM-0907,DEMO-036,19/09/2008 09:47:00,0,0.1877326304677815,0,logistic_top40_C001
766,SECOM-0766,DEMO-030,08/09/2008 21:36:00,0,0.309881497865594,0,logistic_top40_C001
600,SECOM-0600,DEMO-024,31/08/2008 02:57:00,0,0.4630202843697619,0,logistic_top40_C001
297,SECOM-0297,DEMO-011,19/08/2008 08:33:00,0,0.3315554745797038,0,logistic_top40_C001
820,SECOM-0820,DEMO-032,13/09/2008 00:25:00,0,0.22727721618305746,0,logistic_top40_C001
500,SECOM-0500,DEMO-020,28/08/2008 23:42:00,0,0.43344306318756837,0,logistic_top40_C001
1123,SECOM-1123,DEMO-044,27/09/2008 11:45:00,0,0.18080526962694993,0,logistic_top40_C001
1213,SECOM-1213,DEMO-048,01/10/2008 07:28:00,0,0.37972056573774443,0,logistic_top40_C001
1543,SECOM-1543,DEMO-061,15/10/2008 23:00:00,0,0.35340357009038437,0,logistic_top40_C001
1157,SECOM-1157,DEMO-046,28/09/2008 18:43:00,0,0.3316059823108265,0,logistic_top40_C001
108,SECOM-0108,DEMO-004,05/08/2008 04:32:00,0,0.759064034759065,1,logistic_top40_C001
170,SECOM-0170,DEMO-006,09/08/2008 17:34:00,0,0.804856419875693,1,logistic_top40_C001
570,SECOM-0570,DEMO-022,30/08/2008 08:10:00,0,0.2076440695235526,0,logistic_top40_C001
1134,SECOM-1134,DEMO-045,27/09/2008 15:30:00,0,0.4423856848000277,0,logistic_top40_C001
1448,SECOM-1448,DEMO-057,10/10/2008 12:30:00,0,0.35536848284315636,0,logistic_top40_C001
216,SECOM-0216,DEMO-008,16/08/2008 08:39:00,0,0.6657936441819862,1,logistic_top40_C001
850,SECOM-0850,DEMO-034,15/09/2008 16:10:00,0,0.17711065593129727,0,logistic_top40_C001
1049,SECOM-1049,DEMO-041,24/09/2008 03:40:00,0,0.41219085370601916,0,logistic_top40_C001
1477,SECOM-1477,DEMO-059,13/10/2008 14:06:00,0,0.1421308589744963,0,logistic_top40_C001
62,SECOM-0062,DEMO-002,31/07/2008 20:18:00,1,0.6676395537043167,1,logistic_top40_C001
42,SECOM-0042,DEMO-001,29/07/2008 04:08:00,0,0.614781885042343,1,logistic_top40_C001
628,SECOM-0628,DEMO-025,01/09/2008 09:06:00,0,0.7524792327682959,1,logistic_top40_C001
1156,SECOM-1156,DEMO-046,28/09/2008 18:34:00,0,0.22225491126586197,0,logistic_top40_C001
140,SECOM-0140,DEMO-005,06/08/2008 19:24:00,0,0.3536069353919661,0,logistic_top40_C001
866,SECOM-0866,DEMO-034,16/09/2008 19:34:00,0,0.3399766534154326,0,logistic_top40_C001
369,SECOM-0369,DEMO-014,21/08/2008 16:36:00,0,0.3656362684023072,0,logistic_top40_C001
996,SECOM-0996,DEMO-039,21/09/2008 19:19:00,0,0.12367581714770796,0,logistic_top40_C001
258,SECOM-0258,DEMO-010,18/08/2008 11:04:00,0,0.37942472293454554,0,logistic_top40_C001
1033,SECOM-1033,DEMO-041,23/09/2008 12:31:00,0,0.6511030893691923,1,logistic_top40_C001
355,SECOM-0355,DEMO-014,21/08/2008 12:33:00,0,0.32606860723505354,0,logistic_top40_C001
840,SECOM-0840,DEMO-033,14/09/2008 19:13:00,0,0.4483943942807794,0,logistic_top40_C001
1394,SECOM-1394,DEMO-055,07/10/2008 10:10:00,0,0.27314885416180135,0,logistic_top40_C001
1478,SECOM-1478,DEMO-059,13/10/2008 14:29:00,0,0.09519098912663618,0,logistic_top40_C001
1421,SECOM-1421,DEMO-056,08/10/2008 12:11:00,0,0.23412767851317312,0,logistic_top40_C001
195,SECOM-0195,DEMO-007,12/08/2008 04:23:00,0,0.5277162898666468,1,logistic_top40_C001
455,SECOM-0455,DEMO-018,27/08/2008 17:14:00,0,0.5107324122393947,1,logistic_top40_C001
587,SECOM-0587,DEMO-023,30/08/2008 15:16:00,0,0.7179208182935567,1,logistic_top40_C001
1092,SECOM-1092,DEMO-043,25/09/2008 23:48:00,0,0.32427383997891807,0,logistic_top40_C001
1090,SECOM-1090,DEMO-043,25/09/2008 22:05:00,0,0.26212603615672686,0,logistic_top40_C001
65,SECOM-0065,DEMO-002,01/08/2008 10:20:00,0,0.6935507962853455,1,logistic_top40_C001
1498,SECOM-1498,DEMO-059,14/10/2008 03:35:00,0,0.06695815490506524,0,logistic_top40_C001
220,SECOM-0220,DEMO-008,16/08/2008 14:30:00,0,0.6591328785955064,1,logistic_top40_C001
1307,SECOM-1307,DEMO-052,05/10/2008 04:20:00,0,0.4228918773608172,0,logistic_top40_C001
537,SECOM-0537,DEMO-021,29/08/2008 14:18:00,0,0.3219488549007642,0,logistic_top40_C001
1191,SECOM-1191,DEMO-047,30/09/2008 04:42:00,0,0.24418766663350389,0,logistic_top40_C001
234,SECOM-0234,DEMO-009,17/08/2008 15:25:00,0,0.25743474050563986,0,logistic_top40_C001
51,SECOM-0051,DEMO-002,29/07/2008 21:07:00,0,0.9422482417954315,1,logistic_top40_C001
233,SECOM-0233,DEMO-009,17/08/2008 14:21:00,0,0.2892207390363333,0,logistic_top40_C001
572,SECOM-0572,DEMO-022,30/08/2008 08:42:00,0,0.5934009399627449,1,logistic_top40_C001
450,SECOM-0450,DEMO-018,27/08/2008 00:46:00,0,0.253261815532547,0,logistic_top40_C001
1048,SECOM-1048,DEMO-041,24/09/2008 03:32:00,0,0.11261225166658634,0,logistic_top40_C001
68,SECOM-0068,DEMO-002,01/08/2008 12:29:00,0,0.7258573510660277,1,logistic_top40_C001
705,SECOM-0705,DEMO-028,02/09/2008 20:59:00,0,0.3197466774467659,0,logistic_top40_C001
390,SECOM-0390,DEMO-015,22/08/2008 00:44:00,0,0.2075330933605576,0,logistic_top40_C001
1081,SECOM-1081,DEMO-043,25/09/2008 14:08:00,0,0.38580997434174785,0,logistic_top40_C001
621,SECOM-0621,DEMO-024,01/09/2008 00:53:00,0,0.40019224264406955,0,logistic_top40_C001
190,SECOM-0190,DEMO-007,11/08/2008 03:06:00,0,0.5055855773978898,1,logistic_top40_C001
706,SECOM-0706,DEMO-028,03/09/2008 00:18:00,0,0.43933606537530845,0,logistic_top40_C001
798,SECOM-0798,DEMO-031,12/09/2008 05:11:00,0,0.17495638930273422,0,logistic_top40_C001
1,SECOM-0001,DEMO-000,19/07/2008 12:32:00,0,0.5885870302422512,1,logistic_top40_C001
604,SECOM-0604,DEMO-024,31/08/2008 10:36:00,0,0.4837444887682676,1,logistic_top40_C001
1437,SECOM-1437,DEMO-057,09/10/2008 00:23:00,0,0.31452170281764924,0,logistic_top40_C001
434,SECOM-0434,DEMO-017,23/08/2008 05:57:00,0,0.30958493190016384,0,logistic_top40_C001
714,SECOM-0714,DEMO-028,03/09/2008 14:24:00,0,0.38494969994582146,0,logistic_top40_C001
914,SECOM-0914,DEMO-036,19/09/2008 16:58:00,1,0.43769681045315606,0,logistic_top40_C001
24,SECOM-0024,DEMO-000,27/07/2008 04:18:00,0,0.8807006830872905,1,logistic_top40_C001
1432,SECOM-1432,DEMO-057,08/10/2008 21:19:00,0,0.2540095315076996,0,logistic_top40_C001
1103,SECOM-1103,DEMO-044,26/09/2008 14:20:00,0,0.2826073652593098,0,logistic_top40_C001
837,SECOM-0837,DEMO-033,14/09/2008 17:40:00,0,0.42055020671171206,0,logistic_top40_C001
345,SECOM-0345,DEMO-013,21/08/2008 02:11:00,0,0.569071084064748,1,logistic_top40_C001
1122,SECOM-1122,DEMO-044,27/09/2008 11:04:00,0,0.2638985626528033,0,logistic_top40_C001
1189,SECOM-1189,DEMO-047,30/09/2008 02:44:00,1,0.20769293235344072,0,logistic_top40_C001
903,SECOM-0903,DEMO-036,19/09/2008 07:18:00,0,0.19267314500793384,0,logistic_top40_C001
877,SECOM-0877,DEMO-035,18/09/2008 01:43:00,0,0.3402435835370562,0,logistic_top40_C001
1529,SECOM-1529,DEMO-061,15/10/2008 10:00:00,0,0.1796997648470817,0,logistic_top40_C001
215,SECOM-0215,DEMO-008,16/08/2008 07:33:00,0,0.8266075672780141,1,logistic_top40_C001
569,SECOM-0569,DEMO-022,30/08/2008 07:54:00,0,0.47227366568320794,0,logistic_top40_C001
1446,SECOM-1446,DEMO-057,10/10/2008 10:46:00,0,0.3343050380577916,0,logistic_top40_C001
1057,SECOM-1057,DEMO-042,24/09/2008 10:59:00,0,0.13028692960477425,0,logistic_top40_C001
1162,SECOM-1162,DEMO-046,28/09/2008 21:08:00,0,0.1847629024884004,0,logistic_top40_C001
96,SECOM-0096,DEMO-003,04/08/2008 20:58:00,1,0.8895305964603385,1,logistic_top40_C001
765,SECOM-0765,DEMO-030,08/09/2008 20:00:00,0,0.08846950206133511,0,logistic_top40_C001
1038,SECOM-1038,DEMO-041,23/09/2008 15:58:00,0,0.3659399008942598,0,logistic_top40_C001
533,SECOM-0533,DEMO-021,29/08/2008 13:14:00,0,0.42337727173093753,0,logistic_top40_C001
1563,SECOM-1563,DEMO-062,16/10/2008 20:49:00,0,0.4668008293974676,0,logistic_top40_C001
11,SECOM-0011,DEMO-000,19/07/2008 22:52:00,1,0.7265212586917763,1,logistic_top40_C001
1254,SECOM-1254,DEMO-050,02/10/2008 21:32:00,1,0.6797270363407241,1,logistic_top40_C001
1334,SECOM-1334,DEMO-053,05/10/2008 22:13:00,0,0.34422280202899735,0,logistic_top40_C001
1453,SECOM-1453,DEMO-058,10/10/2008 21:07:00,0,0.20503601918593523,0,logistic_top40_C001
50,SECOM-0050,DEMO-002,29/07/2008 18:08:00,1,0.5212834378618404,1,logistic_top40_C001
399,SECOM-0399,DEMO-015,22/08/2008 03:18:00,0,0.5720458223564289,1,logistic_top40_C001
1472,SECOM-1472,DEMO-058,12/10/2008 18:47:00,0,0.21620579659941286,0,logistic_top40_C001
693,SECOM-0693,DEMO-027,02/09/2008 16:10:00,0,0.24893083134388538,0,logistic_top40_C001
320,SECOM-0320,DEMO-012,20/08/2008 02:13:00,0,0.6163636453067528,1,logistic_top40_C001
1385,SECOM-1385,DEMO-055,07/10/2008 03:39:00,0,0.2631593311960179,0,logistic_top40_C001
26,SECOM-0026,DEMO-001,27/07/2008 11:10:00,0,0.4625326658546985,0,logistic_top40_C001
553,SECOM-0553,DEMO-022,30/08/2008 00:57:00,0,0.3192229795292248,0,logistic_top40_C001
712,SECOM-0712,DEMO-028,03/09/2008 06:26:00,0,0.2914165789001073,0,logistic_top40_C001
153,SECOM-0153,DEMO-006,07/08/2008 11:10:00,0,0.857167266706392,1,logistic_top40_C001
846,SECOM-0846,DEMO-033,15/09/2008 02:04:00,0,0.560429574982904,1,logistic_top40_C001
1495,SECOM-1495,DEMO-059,14/10/2008 00:35:00,0,0.2115862925206804,0,logistic_top40_C001
269,SECOM-0269,DEMO-010,18/08/2008 15:30:00,0,0.3479990052052707,0,logistic_top40_C001
909,SECOM-0909,DEMO-036,19/09/2008 11:13:00,0,0.18144594995328855,0,logistic_top40_C001
165,SECOM-0165,DEMO-006,09/08/2008 02:37:00,0,0.8035833241819218,1,logistic_top40_C001
255,SECOM-0255,DEMO-010,18/08/2008 08:18:00,0,0.38016343896111715,0,logistic_top40_C001
689,SECOM-0689,DEMO-027,02/09/2008 14:09:00,0,0.9661196736545427,1,logistic_top40_C001
752,SECOM-0752,DEMO-030,08/09/2008 00:40:00,0,0.3270656147884309,0,logistic_top40_C001
209,SECOM-0209,DEMO-008,15/08/2008 20:00:00,0,0.6927128828762772,1,logistic_top40_C001
1540,SECOM-1540,DEMO-061,15/10/2008 21:44:00,0,0.24627738774703758,0,logistic_top40_C001
1328,SECOM-1328,DEMO-053,05/10/2008 16:49:00,1,0.6452252272471954,1,logistic_top40_C001
242,SECOM-0242,DEMO-009,18/08/2008 00:20:00,0,0.5145868060920056,1,logistic_top40_C001
1486,SECOM-1486,DEMO-059,13/10/2008 19:40:00,0,0.1260301776638594,0,logistic_top40_C001
149,SECOM-0149,DEMO-005,07/08/2008 08:21:00,0,0.6047983394298753,1,logistic_top40_C001
730,SECOM-0730,DEMO-029,04/09/2008 16:30:00,0,0.13551223248808558,0,logistic_top40_C001
1411,SECOM-1411,DEMO-056,08/10/2008 04:47:00,0,0.2826409223705196,0,logistic_top40_C001
1175,SECOM-1175,DEMO-047,29/09/2008 11:53:00,0,0.08975876546558532,0,logistic_top40_C001
1565,SECOM-1565,DEMO-062,17/10/2008 06:01:00,0,0.2664664668018919,0,logistic_top40_C001
1034,SECOM-1034,DEMO-041,23/09/2008 12:46:00,0,0.3297604650687738,0,logistic_top40_C001
246,SECOM-0246,DEMO-009,18/08/2008 04:35:00,0,0.4566344123592412,0,logistic_top40_C001
816,SECOM-0816,DEMO-032,12/09/2008 22:25:00,0,0.2956213324793707,0,logistic_top40_C001
817,SECOM-0817,DEMO-032,12/09/2008 22:45:00,0,0.20476108927039227,0,logistic_top40_C001
1351,SECOM-1351,DEMO-054,06/10/2008 07:17:00,0,0.5455243264778725,1,logistic_top40_C001
792,SECOM-0792,DEMO-031,11/09/2008 15:08:00,0,0.4239987069294799,0,logistic_top40_C001
1166,SECOM-1166,DEMO-046,29/09/2008 02:06:00,0,0.27811462624822525,0,logistic_top40_C001
893,SECOM-0893,DEMO-035,18/09/2008 23:44:00,0,0.4050440588969105,0,logistic_top40_C001
876,SECOM-0876,DEMO-035,18/09/2008 01:40:00,0,0.20008969094057627,0,logistic_top40_C001
1003,SECOM-1003,DEMO-040,22/09/2008 01:43:00,0,0.12606702275785828,0,logistic_top40_C001
283,SECOM-0283,DEMO-011,19/08/2008 04:58:00,0,0.5059626582405138,1,logistic_top40_C001
146,SECOM-0146,DEMO-005,06/08/2008 23:45:00,0,0.5250948371957966,1,logistic_top40_C001
1491,SECOM-1491,DEMO-059,13/10/2008 21:47:00,0,0.10844412754857947,0,logistic_top40_C001
557,SECOM-0557,DEMO-022,30/08/2008 02:32:00,0,0.644792862960324,1,logistic_top40_C001
232,SECOM-0232,DEMO-009,17/08/2008 13:34:00,0,0.3530827935207555,0,logistic_top40_C001
1314,SECOM-1314,DEMO-052,05/10/2008 09:04:00,0,0.508040844161953,1,logistic_top40_C001
58,SECOM-0058,DEMO-002,30/07/2008 21:16:00,1,0.4830260807443074,1,logistic_top40_C001
342,SECOM-0342,DEMO-013,20/08/2008 22:45:00,0,0.30218338054551674,0,logistic_top40_C001
549,SECOM-0549,DEMO-021,29/08/2008 22:49:00,0,0.40625735110778943,0,logistic_top40_C001
116,SECOM-0116,DEMO-004,05/08/2008 07:48:00,0,0.5670464114481104,1,logistic_top40_C001
175,SECOM-0175,DEMO-007,09/08/2008 22:37:00,0,0.7245165402415161,1,logistic_top40_C001
1361,SECOM-1361,DEMO-054,06/10/2008 12:42:00,0,0.49923974134660254,1,logistic_top40_C001
1152,SECOM-1152,DEMO-046,28/09/2008 17:05:00,0,0.27730974263518626,0,logistic_top40_C001
435,SECOM-0435,DEMO-017,23/08/2008 05:58:00,0,0.5926905352109246,1,logistic_top40_C001
183,SECOM-0183,DEMO-007,10/08/2008 11:16:00,0,0.8027063794844037,1,logistic_top40_C001
795,SECOM-0795,DEMO-031,11/09/2008 22:07:00,1,0.2760781704599646,0,logistic_top40_C001
1225,SECOM-1225,DEMO-049,02/10/2008 00:21:00,0,0.4312663933611975,0,logistic_top40_C001
946,SECOM-0946,DEMO-037,20/09/2008 12:26:00,0,0.1298907987924584,0,logistic_top40_C001
1442,SECOM-1442,DEMO-057,09/10/2008 15:04:00,0,0.2662270396690189,0,logistic_top40_C001
264,SECOM-0264,DEMO-010,18/08/2008 14:01:00,0,0.3265119100367998,0,logistic_top40_C001
1236,SECOM-1236,DEMO-049,02/10/2008 08:52:00,0,0.4641188576339806,0,logistic_top40_C001
1229,SECOM-1229,DEMO-049,02/10/2008 04:11:00,0,0.5064594193161613,1,logistic_top40_C001
44,SECOM-0044,DEMO-001,29/07/2008 06:19:00,0,0.748581277267132,1,logistic_top40_C001
449,SECOM-0449,DEMO-017,25/08/2008 09:29:00,0,0.34184001516689805,0,logistic_top40_C001
1316,SECOM-1316,DEMO-052,05/10/2008 10:00:00,0,0.2729888205162612,0,logistic_top40_C001
31,SECOM-0031,DEMO-001,27/07/2008 22:28:00,0,0.7132366557326919,1,logistic_top40_C001
1315,SECOM-1315,DEMO-052,05/10/2008 09:47:00,0,0.4545657122284067,0,logistic_top40_C001
1005,SECOM-1005,DEMO-040,22/09/2008 06:05:00,0,0.28892711098134594,0,logistic_top40_C001
1424,SECOM-1424,DEMO-056,08/10/2008 14:48:00,0,0.2862484923554076,0,logistic_top40_C001
465,SECOM-0465,DEMO-018,28/08/2008 04:54:00,0,0.43048705008855237,0,logistic_top40_C001
41,SECOM-0041,DEMO-001,28/07/2008 23:57:00,0,0.5208060580539111,1,logistic_top40_C001
1431,SECOM-1431,DEMO-057,08/10/2008 20:27:00,0,0.28072470958071194,0,logistic_top40_C001
459,SECOM-0459,DEMO-018,28/08/2008 03:04:00,0,0.34790373982698414,0,logistic_top40_C001
130,SECOM-0130,DEMO-005,06/08/2008 03:22:00,0,0.7756011959855287,1,logistic_top40_C001
709,SECOM-0709,DEMO-028,03/09/2008 01:15:00,1,0.5739747956614601,1,logistic_top40_C001
461,SECOM-0461,DEMO-018,28/08/2008 03:38:00,0,0.45246551880025215,0,logistic_top40_C001
104,SECOM-0104,DEMO-004,05/08/2008 02:45:00,0,0.5618007245603605,1,logistic_top40_C001
1345,SECOM-1345,DEMO-053,06/10/2008 05:21:00,0,0.37386014437494564,0,logistic_top40_C001
1031,SECOM-1031,DEMO-041,23/09/2008 11:43:00,0,0.3394710893062568,0,logistic_top40_C001
713,SECOM-0713,DEMO-028,03/09/2008 09:38:00,0,0.5239355464107152,1,logistic_top40_C001
652,SECOM-0652,DEMO-026,02/09/2008 02:02:00,0,0.6437521015065945,1,logistic_top40_C001
1097,SECOM-1097,DEMO-043,26/09/2008 03:29:00,0,0.28428585358413416,0,logistic_top40_C001
1242,SECOM-1242,DEMO-049,02/10/2008 14:10:00,1,0.8707760950962229,1,logistic_top40_C001
1439,SECOM-1439,DEMO-057,09/10/2008 06:06:00,0,0.2160404036302076,0,logistic_top40_C001
1140,SECOM-1140,DEMO-045,27/09/2008 21:45:00,0,0.3468815690840614,0,logistic_top40_C001
1004,SECOM-1004,DEMO-040,22/09/2008 03:51:00,0,0.1290059106720851,0,logistic_top40_C001
1552,SECOM-1552,DEMO-062,16/10/2008 04:02:00,0,0.36627105190299725,0,logistic_top40_C001
928,SECOM-0928,DEMO-037,19/09/2008 21:14:00,0,0.14948924746435685,0,logistic_top40_C001
48,SECOM-0048,DEMO-001,29/07/2008 15:49:00,1,0.6854684573588485,1,logistic_top40_C001
527,SECOM-0527,DEMO-021,29/08/2008 08:41:00,0,0.2923344301724468,0,logistic_top40_C001
967,SECOM-0967,DEMO-038,20/09/2008 19:21:00,0,0.1399859926276368,0,logistic_top40_C001
535,SECOM-0535,DEMO-021,29/08/2008 13:49:00,0,0.470048407948494,0,logistic_top40_C001
828,SECOM-0828,DEMO-033,13/09/2008 14:07:00,0,0.3354280461406212,0,logistic_top40_C001
1354,SECOM-1354,DEMO-054,06/10/2008 08:24:00,0,0.25686457558425124,0,logistic_top40_C001
726,SECOM-0726,DEMO-029,04/09/2008 11:50:00,0,0.2079803963940175,0,logistic_top40_C001
1370,SECOM-1370,DEMO-054,06/10/2008 17:26:00,0,0.3591066990192037,0,logistic_top40_C001
1294,SECOM-1294,DEMO-051,04/10/2008 18:15:00,0,0.5522111361201896,1,logistic_top40_C001
630,SECOM-0630,DEMO-025,01/09/2008 09:54:00,0,0.4470216124851078,0,logistic_top40_C001
268,SECOM-0268,DEMO-010,18/08/2008 15:26:00,0,0.3655050860794628,0,logistic_top40_C001
844,SECOM-0844,DEMO-033,14/09/2008 21:31:00,0,0.3853081113366282,0,logistic_top40_C001
1204,SECOM-1204,DEMO-048,30/09/2008 21:39:00,0,0.5385835449368718,1,logistic_top40_C001
1259,SECOM-1259,DEMO-050,02/10/2008 23:32:00,0,0.5624116868572749,1,logistic_top40_C001
366,SECOM-0366,DEMO-014,21/08/2008 15:48:00,0,0.47412400342708527,0,logistic_top40_C001
1184,SECOM-1184,DEMO-047,29/09/2008 21:26:00,0,0.25733942504142004,0,logistic_top40_C001
1095,SECOM-1095,DEMO-043,26/09/2008 02:26:00,0,0.286704505681555,0,logistic_top40_C001
1528,SECOM-1528,DEMO-061,15/10/2008 09:11:00,0,0.28238284454715146,0,logistic_top40_C001
1239,SECOM-1239,DEMO-049,02/10/2008 09:42:00,0,0.4615505523831726,0,logistic_top40_C001
397,SECOM-0397,DEMO-015,22/08/2008 02:25:00,0,0.3601294356014726,0,logistic_top40_C001
17,SECOM-0017,DEMO-000,22/07/2008 08:41:00,0,0.9516846393753102,1,logistic_top40_C001
1205,SECOM-1205,DEMO-048,30/09/2008 21:42:00,0,0.19921488006812169,0,logistic_top40_C001
899,SECOM-0899,DEMO-035,19/09/2008 05:57:00,0,0.365499485131056,0,logistic_top40_C001
112,SECOM-0112,DEMO-004,05/08/2008 06:11:00,0,0.7200295044959495,1,logistic_top40_C001
530,SECOM-0530,DEMO-021,29/08/2008 12:22:00,0,0.36997007088512596,0,logistic_top40_C001
364,SECOM-0364,DEMO-014,21/08/2008 15:06:00,0,0.6134024555688415,1,logistic_top40_C001
754,SECOM-0754,DEMO-030,08/09/2008 03:32:00,0,0.22937737997459218,0,logistic_top40_C001
1032,SECOM-1032,DEMO-041,23/09/2008 12:29:00,0,0.3292236756689294,0,logistic_top40_C001
708,SECOM-0708,DEMO-028,03/09/2008 00:58:00,0,0.37681407845196946,0,logistic_top40_C001
1148,SECOM-1148,DEMO-045,28/09/2008 07:52:00,0,0.34171506230601245,0,logistic_top40_C001
189,SECOM-0189,DEMO-007,10/08/2008 22:26:00,1,0.4322072032366202,0,logistic_top40_C001
460,SECOM-0460,DEMO-018,28/08/2008 03:29:00,0,0.4351971586296879,0,logistic_top40_C001
666,SECOM-0666,DEMO-026,02/09/2008 07:22:00,0,0.45529351020524095,0,logistic_top40_C001
1367,SECOM-1367,DEMO-054,06/10/2008 15:52:00,0,0.27364242525729293,0,logistic_top40_C001
531,SECOM-0531,DEMO-021,29/08/2008 12:37:00,0,0.2622315096414686,0,logistic_top40_C001
1027,SECOM-1027,DEMO-041,23/09/2008 08:11:00,0,0.42166962157686605,0,logistic_top40_C001
725,SECOM-0725,DEMO-029,04/09/2008 08:53:00,0,0.31124105007671415,0,logistic_top40_C001
627,SECOM-0627,DEMO-025,01/09/2008 08:18:00,0,0.573714528897131,1,logistic_top40_C001
868,SECOM-0868,DEMO-034,16/09/2008 21:21:00,0,0.2842364767611981,0,logistic_top40_C001
1037,SECOM-1037,DEMO-041,23/09/2008 15:33:00,0,0.3346182048339887,0,logistic_top40_C001
21,SECOM-0021,DEMO-000,23/07/2008 05:15:00,0,0.40628101578287973,0,logistic_top40_C001
1209,SECOM-1209,DEMO-048,01/10/2008 01:11:00,0,0.21285165307879228,0,logistic_top40_C001
1412,SECOM-1412,DEMO-056,08/10/2008 05:35:00,0,0.1873336940555306,0,logistic_top40_C001
707,SECOM-0707,DEMO-028,03/09/2008 00:45:00,0,0.3098824638758243,0,logistic_top40_C001
959,SECOM-0959,DEMO-038,20/09/2008 16:43:00,0,0.10178300584489319,0,logistic_top40_C001
1336,SECOM-1336,DEMO-053,06/10/2008 01:25:00,0,0.6202639475028117,1,logistic_top40_C001
154,SECOM-0154,DEMO-006,07/08/2008 11:40:00,1,0.6879383307438606,1,logistic_top40_C001
1353,SECOM-1353,DEMO-054,06/10/2008 07:38:00,0,0.4946908240074896,1,logistic_top40_C001
1116,SECOM-1116,DEMO-044,27/09/2008 00:16:00,0,0.29902901246582453,0,logistic_top40_C001
1231,SECOM-1231,DEMO-049,02/10/2008 04:24:00,0,0.33526447724485364,0,logistic_top40_C001
1142,SECOM-1142,DEMO-045,28/09/2008 01:22:00,0,0.46138966076550547,0,logistic_top40_C001
23,SECOM-0023,DEMO-000,25/07/2008 15:23:00,1,0.8575858705898882,1,logistic_top40_C001
751,SECOM-0751,DEMO-030,08/09/2008 00:32:00,0,0.3854882638419069,0,logistic_top40_C001
25,SECOM-0025,DEMO-001,27/07/2008 09:37:00,0,0.7401378309672699,1,logistic_top40_C001
1433,SECOM-1433,DEMO-057,08/10/2008 21:45:00,0,0.09481791195144534,0,logistic_top40_C001
973,SECOM-0973,DEMO-038,21/09/2008 03:47:00,0,0.1405131287526901,0,logistic_top40_C001
383,SECOM-0383,DEMO-015,21/08/2008 22:25:00,0,0.3667046953092471,0,logistic_top40_C001
811,SECOM-0811,DEMO-032,12/09/2008 18:01:00,0,0.2050302652556299,0,logistic_top40_C001
1137,SECOM-1137,DEMO-045,27/09/2008 18:14:00,0,0.35244860364770586,0,logistic_top40_C001
571,SECOM-0571,DEMO-022,30/08/2008 08:29:00,0,0.4280376477587846,0,logistic_top40_C001
698,SECOM-0698,DEMO-027,02/09/2008 17:18:00,0,0.4792691757050409,1,logistic_top40_C001
678,SECOM-0678,DEMO-027,02/09/2008 11:47:00,0,0.4817022309331491,1,logistic_top40_C001
989,SECOM-0989,DEMO-039,21/09/2008 15:15:00,0,0.13025102156806223,0,logistic_top40_C001
1237,SECOM-1237,DEMO-049,02/10/2008 08:57:00,0,0.6292036562236825,1,logistic_top40_C001
1398,SECOM-1398,DEMO-055,07/10/2008 11:36:00,0,0.3486474798790034,0,logistic_top40_C001
174,SECOM-0174,DEMO-006,09/08/2008 22:15:00,0,0.8110295265759618,1,logistic_top40_C001
1522,SECOM-1522,DEMO-060,15/10/2008 05:13:00,0,0.40554901729046566,0,logistic_top40_C001
288,SECOM-0288,DEMO-011,19/08/2008 05:41:00,0,0.5947030853978812,1,logistic_top40_C001
1310,SECOM-1310,DEMO-052,05/10/2008 05:53:00,0,0.37412849499276646,0,logistic_top40_C001
643,SECOM-0643,DEMO-025,01/09/2008 23:59:00,0,0.6529838157434774,1,logistic_top40_C001
1482,SECOM-1482,DEMO-059,13/10/2008 15:42:00,0,0.15357603788121843,0,logistic_top40_C001
847,SECOM-0847,DEMO-033,15/09/2008 10:03:00,0,0.43249216573240934,0,logistic_top40_C001
245,SECOM-0245,DEMO-009,18/08/2008 04:12:00,0,0.39295370144430813,0,logistic_top40_C001
219,SECOM-0219,DEMO-008,16/08/2008 13:51:00,0,0.41484216410790875,0,logistic_top40_C001
1080,SECOM-1080,DEMO-043,25/09/2008 13:42:00,0,0.3328911261185514,0,logistic_top40_C001
545,SECOM-0545,DEMO-021,29/08/2008 21:46:00,0,0.3530528695336239,0,logistic_top40_C001
313,SECOM-0313,DEMO-012,19/08/2008 18:30:00,0,0.6106538820284768,1,logistic_top40_C001
1219,SECOM-1219,DEMO-048,01/10/2008 16:43:00,0,0.23177489802948673,0,logistic_top40_C001
444,SECOM-0444,DEMO-017,24/08/2008 07:12:00,0,0.5005620857917972,1,logistic_top40_C001
956,SECOM-0956,DEMO-038,20/09/2008 15:19:00,0,0.22451059221957467,0,logistic_top40_C001
296,SECOM-0296,DEMO-011,19/08/2008 08:07:00,0,0.19298692016570357,0,logistic_top40_C001
344,SECOM-0344,DEMO-013,20/08/2008 23:43:00,1,0.32849134970089794,0,logistic_top40_C001
972,SECOM-0972,DEMO-038,21/09/2008 03:04:00,0,0.35769780040332316,0,logistic_top40_C001
720,SECOM-0720,DEMO-028,03/09/2008 20:10:00,0,0.22826078966339705,0,logistic_top40_C001
1138,SECOM-1138,DEMO-045,27/09/2008 19:16:00,0,0.19303464702399267,0,logistic_top40_C001
563,SECOM-0563,DEMO-022,30/08/2008 04:55:00,0,0.46090428721192017,0,logistic_top40_C001
1541,SECOM-1541,DEMO-061,15/10/2008 22:45:00,0,0.16952589135466675,0,logistic_top40_C001
1098,SECOM-1098,DEMO-043,26/09/2008 04:14:00,0,0.31698017338263,0,logistic_top40_C001
187,SECOM-0187,DEMO-007,10/08/2008 19:07:00,0,0.8041165818843748,1,logistic_top40_C001
786,SECOM-0786,DEMO-031,11/09/2008 12:47:00,0,0.509038866249521,1,logistic_top40_C001
228,SECOM-0228,DEMO-009,17/08/2008 03:46:00,0,0.7374991271594806,1,logistic_top40_C001
18,SECOM-0018,DEMO-000,22/07/2008 11:47:00,0,0.5263315043621652,1,logistic_top40_C001
674,SECOM-0674,DEMO-026,02/09/2008 10:25:00,0,0.4138276155376797,0,logistic_top40_C001
905,SECOM-0905,DEMO-036,19/09/2008 08:52:00,0,0.3586814322940672,0,logistic_top40_C001
176,SECOM-0176,DEMO-007,09/08/2008 23:17:00,0,0.5166429876595534,1,logistic_top40_C001
352,SECOM-0352,DEMO-014,21/08/2008 11:22:00,0,0.4555682365081094,0,logistic_top40_C001
887,SECOM-0887,DEMO-035,18/09/2008 18:12:00,0,0.2144643976023369,0,logistic_top40_C001
173,SECOM-0173,DEMO-006,09/08/2008 21:07:00,0,0.6537617746141285,1,logistic_top40_C001
1407,SECOM-1407,DEMO-056,07/10/2008 19:24:00,0,0.40750893551058603,0,logistic_top40_C001
1352,SECOM-1352,DEMO-054,06/10/2008 07:35:00,0,0.32800451323776625,0,logistic_top40_C001
520,SECOM-0520,DEMO-020,29/08/2008 07:18:00,0,0.5423344605719149,1,logistic_top40_C001
834,SECOM-0834,DEMO-033,14/09/2008 15:02:00,0,0.41908896154674785,0,logistic_top40_C001
464,SECOM-0464,DEMO-018,28/08/2008 04:20:00,0,0.591879133431329,1,logistic_top40_C001
476,SECOM-0476,DEMO-019,28/08/2008 10:28:00,0,0.3805156399339845,0,logistic_top40_C001
515,SECOM-0515,DEMO-020,29/08/2008 06:35:00,0,0.5732891386530424,1,logistic_top40_C001
953,SECOM-0953,DEMO-038,20/09/2008 14:50:00,0,0.1638856979508052,0,logistic_top40_C001
440,SECOM-0440,DEMO-017,23/08/2008 15:10:00,0,0.271075993186696,0,logistic_top40_C001
872,SECOM-0872,DEMO-034,17/09/2008 07:14:00,0,0.3183943478474843,0,logistic_top40_C001
392,SECOM-0392,DEMO-015,22/08/2008 01:04:00,1,0.5799425073158371,1,logistic_top40_C001
512,SECOM-0512,DEMO-020,29/08/2008 05:54:00,0,0.24758046111271398,0,logistic_top40_C001
1456,SECOM-1456,DEMO-058,11/10/2008 06:56:00,0,0.2539040485000214,0,logistic_top40_C001
287,SECOM-0287,DEMO-011,19/08/2008 05:40:00,0,0.5138246975787988,1,logistic_top40_C001
121,SECOM-0121,DEMO-004,05/08/2008 15:45:00,0,0.5747331885456509,1,logistic_top40_C001
1094,SECOM-1094,DEMO-043,26/09/2008 01:21:00,0,0.3697997177689213,0,logistic_top40_C001
337,SECOM-0337,DEMO-013,20/08/2008 20:19:00,0,0.07782436356484276,0,logistic_top40_C001
1249,SECOM-1249,DEMO-049,02/10/2008 17:00:00,0,0.44473631896351334,0,logistic_top40_C001
629,SECOM-0629,DEMO-025,01/09/2008 09:19:00,0,0.42929070629141114,0,logistic_top40_C001
1397,SECOM-1397,DEMO-055,07/10/2008 11:16:00,0,0.5478004166354246,1,logistic_top40_C001
748,SECOM-0748,DEMO-029,07/09/2008 20:12:00,0,0.24562698339592776,0,logistic_top40_C001
1274,SECOM-1274,DEMO-050,03/10/2008 19:23:00,0,0.3419156969809996,0,logistic_top40_C001
1106,SECOM-1106,DEMO-044,26/09/2008 15:36:00,0,0.24967292096484472,0,logistic_top40_C001
691,SECOM-0691,DEMO-027,02/09/2008 14:34:00,0,0.3045120835009259,0,logistic_top40_C001
1537,SECOM-1537,DEMO-061,15/10/2008 18:16:00,0,0.20410662273473343,0,logistic_top40_C001
20,SECOM-0020,DEMO-000,22/07/2008 15:30:00,0,0.39871324989319057,0,logistic_top40_C001
496,SECOM-0496,DEMO-019,28/08/2008 21:03:00,0,0.2772247876055527,0,logistic_top40_C001
325,SECOM-0325,DEMO-013,20/08/2008 07:12:00,0,0.6244841185740391,1,logistic_top40_C001
1099,SECOM-1099,DEMO-043,26/09/2008 05:32:00,0,0.2659633358070555,0,logistic_top40_C001
502,SECOM-0502,DEMO-020,29/08/2008 01:06:00,0,0.525085856578921,1,logistic_top40_C001
611,SECOM-0611,DEMO-024,31/08/2008 20:24:00,0,0.31862456602213085,0,logistic_top40_C001
79,SECOM-0079,DEMO-003,03/08/2008 17:58:00,0,0.5935728669984078,1,logistic_top40_C001
582,SECOM-0582,DEMO-023,30/08/2008 11:57:00,0,0.5739097548338359,1,logistic_top40_C001
1466,SECOM-1466,DEMO-058,12/10/2008 00:57:00,0,0.10902072664056646,0,logistic_top40_C001
776,SECOM-0776,DEMO-031,10/09/2008 21:56:00,0,0.3360429230112541,0,logistic_top40_C001
518,SECOM-0518,DEMO-020,29/08/2008 06:45:00,1,0.38469501610886875,0,logistic_top40_C001
818,SECOM-0818,DEMO-032,12/09/2008 23:28:00,0,0.1950283197762958,0,logistic_top40_C001
954,SECOM-0954,DEMO-038,20/09/2008 14:53:00,0,0.09448754536120837,0,logistic_top40_C001
947,SECOM-0947,DEMO-037,20/09/2008 12:27:00,0,0.15233791130852845,0,logistic_top40_C001
658,SECOM-0658,DEMO-026,02/09/2008 03:35:00,0,0.46323580834559985,0,logistic_top40_C001
939,SECOM-0939,DEMO-037,20/09/2008 05:34:00,0,0.24926598527497607,0,logistic_top40_C001
855,SECOM-0855,DEMO-034,15/09/2008 22:45:00,0,0.30689985226641475,0,logistic_top40_C001
1360,SECOM-1360,DEMO-054,06/10/2008 12:39:00,0,0.4009888769125461,0,logistic_top40_C001
178,SECOM-0178,DEMO-007,10/08/2008 00:09:00,0,0.40409630377990985,0,logistic_top40_C001
1129,SECOM-1129,DEMO-045,27/09/2008 13:19:00,0,0.18367427497398503,0,logistic_top40_C001
1150,SECOM-1150,DEMO-046,28/09/2008 08:41:00,0,0.23237389063951433,0,logistic_top40_C001
1333,SECOM-1333,DEMO-053,05/10/2008 20:30:00,0,0.670587528835465,1,logistic_top40_C001
457,SECOM-0457,DEMO-018,27/08/2008 22:58:00,0,0.9999772928777761,1,logistic_top40_C001
1375,SECOM-1375,DEMO-055,06/10/2008 19:42:00,0,0.3699913504937389,0,logistic_top40_C001
1070,SECOM-1070,DEMO-042,25/09/2008 02:03:00,0,0.2059837243343759,0,logistic_top40_C001
141,SECOM-0141,DEMO-005,06/08/2008 20:00:00,0,0.3251770021386175,0,logistic_top40_C001
1268,SECOM-1268,DEMO-050,03/10/2008 06:15:00,0,0.5126510456984682,1,logistic_top40_C001
1344,SECOM-1344,DEMO-053,06/10/2008 04:26:00,0,0.47007079458603995,0,logistic_top40_C001
1396,SECOM-1396,DEMO-055,07/10/2008 11:15:00,0,0.24977485780714506,0,logistic_top40_C001
932,SECOM-0932,DEMO-037,20/09/2008 00:18:00,0,0.18025880553960535,0,logistic_top40_C001
1036,SECOM-1036,DEMO-041,23/09/2008 15:23:00,0,0.25238271857220224,0,logistic_top40_C001
1366,SECOM-1366,DEMO-054,06/10/2008 15:01:00,0,0.4156553543090594,0,logistic_top40_C001
865,SECOM-0865,DEMO-034,16/09/2008 18:23:00,0,0.3127351071210372,0,logistic_top40_C001
1479,SECOM-1479,DEMO-059,13/10/2008 14:30:00,0,0.17944030736765382,0,logistic_top40_C001
1271,SECOM-1271,DEMO-050,03/10/2008 11:40:00,0,0.5763490066081997,1,logistic_top40_C001
579,SECOM-0579,DEMO-023,30/08/2008 11:12:00,0,0.5271451743110599,1,logistic_top40_C001
524,SECOM-0524,DEMO-020,29/08/2008 07:33:00,0,0.44651413944701795,0,logistic_top40_C001
793,SECOM-0793,DEMO-031,11/09/2008 16:28:00,0,0.21975573210624819,0,logistic_top40_C001
862,SECOM-0862,DEMO-034,16/09/2008 09:37:00,0,0.22687916550291629,0,logistic_top40_C001
978,SECOM-0978,DEMO-039,21/09/2008 08:22:00,0,0.1195860598881279,0,logistic_top40_C001
635,SECOM-0635,DEMO-025,01/09/2008 20:51:00,0,0.5508609903948362,1,logistic_top40_C001
912,SECOM-0912,DEMO-036,19/09/2008 15:31:00,0,0.3157444399535615,0,logistic_top40_C001
750,SECOM-0750,DEMO-030,07/09/2008 23:33:00,0,0.3788237773844599,0,logistic_top40_C001
1441,SECOM-1441,DEMO-057,09/10/2008 14:15:00,0,0.29076808838531587,0,logistic_top40_C001
1309,SECOM-1309,DEMO-052,05/10/2008 05:31:00,0,0.6210025538246361,1,logistic_top40_C001
306,SECOM-0306,DEMO-012,19/08/2008 11:46:00,0,0.7193738467811398,1,logistic_top40_C001
1531,SECOM-1531,DEMO-061,15/10/2008 13:14:00,0,0.24935342114224104,0,logistic_top40_C001
769,SECOM-0769,DEMO-030,09/09/2008 00:25:00,0,0.20763603148102053,0,logistic_top40_C001
1305,SECOM-1305,DEMO-052,05/10/2008 01:35:00,0,0.6381267814888226,1,logistic_top40_C001
1283,SECOM-1283,DEMO-051,03/10/2008 22:53:00,0,0.462169587763989,0,logistic_top40_C001
326,SECOM-0326,DEMO-013,20/08/2008 08:40:00,1,0.4319924978193421,0,logistic_top40_C001
458,SECOM-0458,DEMO-018,28/08/2008 03:03:00,0,0.3562605937749986,0,logistic_top40_C001
9,SECOM-0009,DEMO-000,19/07/2008 21:35:00,0,0.7490103197573862,1,logistic_top40_C001
615,SECOM-0615,DEMO-024,31/08/2008 22:32:00,0,0.18666802153350354,0,logistic_top40_C001
1208,SECOM-1208,DEMO-048,01/10/2008 00:20:00,0,0.5205373001324025,1,logistic_top40_C001
936,SECOM-0936,DEMO-037,20/09/2008 04:28:00,0,0.12448370443854766,0,logistic_top40_C001
1350,SECOM-1350,DEMO-054,06/10/2008 07:12:00,0,0.40297209715769855,0,logistic_top40_C001
1222,SECOM-1222,DEMO-048,01/10/2008 21:50:00,0,0.549547486412563,1,logistic_top40_C001
1218,SECOM-1218,DEMO-048,01/10/2008 15:16:00,0,0.4843876889658467,1,logistic_top40_C001
1197,SECOM-1197,DEMO-047,30/09/2008 15:16:00,0,0.1788303745105873,0,logistic_top40_C001
5,SECOM-0005,DEMO-000,19/07/2008 17:53:00,0,0.6287856604213382,1,logistic_top40_C001
307,SECOM-0307,DEMO-012,19/08/2008 11:57:00,0,0.35780942879044,0,logistic_top40_C001
336,SECOM-0336,DEMO-013,20/08/2008 19:20:00,1,0.6997406388678891,1,logistic_top40_C001
1052,SECOM-1052,DEMO-042,24/09/2008 06:13:00,0,0.7176922334009901,1,logistic_top40_C001
1357,SECOM-1357,DEMO-054,06/10/2008 09:57:00,0,0.3570215095634299,0,logistic_top40_C001
1364,SECOM-1364,DEMO-054,06/10/2008 13:55:00,1,0.4850097879822045,1,logistic_top40_C001
1382,SECOM-1382,DEMO-055,06/10/2008 23:03:00,0,0.3896272561128922,0,logistic_top40_C001
1245,SECOM-1245,DEMO-049,02/10/2008 15:44:00,0,0.2127014942214418,0,logistic_top40_C001
640,SECOM-0640,DEMO-025,01/09/2008 23:28:00,0,0.3398323960866175,0,logistic_top40_C001
1390,SECOM-1390,DEMO-055,07/10/2008 09:11:00,0,0.3671257327546737,0,logistic_top40_C001
576,SECOM-0576,DEMO-023,30/08/2008 09:45:00,1,0.30870132659326127,0,logistic_top40_C001
1295,SECOM-1295,DEMO-051,04/10/2008 18:25:00,0,0.32939842647369955,0,logistic_top40_C001
550,SECOM-0550,DEMO-022,29/08/2008 22:56:00,0,0.3046168570875757,0,logistic_top40_C001
372,SECOM-0372,DEMO-014,21/08/2008 18:04:00,0,0.30624871581436125,0,logistic_top40_C001
1499,SECOM-1499,DEMO-059,14/10/2008 13:13:00,0,0.20027363126003514,0,logistic_top40_C001
231,SECOM-0231,DEMO-009,17/08/2008 12:16:00,1,0.512435948259027,1,logistic_top40_C001
672,SECOM-0672,DEMO-026,02/09/2008 10:13:00,0,0.36436863215973675,0,logistic_top40_C001
1474,SECOM-1474,DEMO-058,13/10/2008 03:53:00,0,0.11855668661128733,0,logistic_top40_C001
331,SECOM-0331,DEMO-013,20/08/2008 17:09:00,0,0.49764551840493226,1,logistic_top40_C001
1073,SECOM-1073,DEMO-042,25/09/2008 07:58:00,0,0.136259204915384,0,logistic_top40_C001
1525,SECOM-1525,DEMO-061,15/10/2008 07:36:00,0,0.35004951078619484,0,logistic_top40_C001
753,SECOM-0753,DEMO-030,08/09/2008 01:24:00,0,0.27055821002779806,0,logistic_top40_C001
715,SECOM-0715,DEMO-028,03/09/2008 14:29:00,0,0.3174118466962698,0,logistic_top40_C001
1226,SECOM-1226,DEMO-049,02/10/2008 00:22:00,0,0.5765225801301475,1,logistic_top40_C001
930,SECOM-0930,DEMO-037,19/09/2008 23:26:00,0,0.15192161555789485,0,logistic_top40_C001
1058,SECOM-1058,DEMO-042,24/09/2008 11:47:00,0,0.09662553113631711,0,logistic_top40_C001
238,SECOM-0238,DEMO-009,17/08/2008 23:04:00,1,0.6711249234453802,1,logistic_top40_C001
1272,SECOM-1272,DEMO-050,03/10/2008 12:31:00,0,0.6338004553077863,1,logistic_top40_C001
442,SECOM-0442,DEMO-017,24/08/2008 02:32:00,0,0.37259225574537924,0,logistic_top40_C001
424,SECOM-0424,DEMO-016,22/08/2008 19:14:00,1,0.45777338075680335,0,logistic_top40_C001
1493,SECOM-1493,DEMO-059,13/10/2008 22:48:00,0,0.12903785973484347,0,logistic_top40_C001
1282,SECOM-1282,DEMO-051,03/10/2008 22:08:00,0,0.5443346791304806,1,logistic_top40_C001
1377,SECOM-1377,DEMO-055,06/10/2008 20:36:00,0,0.043666666666666666,0,random_forest_unweighted
1212,SECOM-1212,DEMO-048,01/10/2008 07:19:00,0,0.025333333333333336,0,random_forest_unweighted
907,SECOM-0907,DEMO-036,19/09/2008 09:47:00,0,0.004,0,random_forest_unweighted
766,SECOM-0766,DEMO-030,08/09/2008 21:36:00,0,0.051666666666666666,0,random_forest_unweighted
600,SECOM-0600,DEMO-024,31/08/2008 02:57:00,0,0.025333333333333333,0,random_forest_unweighted
297,SECOM-0297,DEMO-011,19/08/2008 08:33:00,0,0.11699999999999998,1,random_forest_unweighted
820,SECOM-0820,DEMO-032,13/09/2008 00:25:00,0,0.059199999999999996,0,random_forest_unweighted
500,SECOM-0500,DEMO-020,28/08/2008 23:42:00,0,0.01,0,random_forest_unweighted
1123,SECOM-1123,DEMO-044,27/09/2008 11:45:00,0,0.15129047619047623,1,random_forest_unweighted
1213,SECOM-1213,DEMO-048,01/10/2008 07:28:00,0,0.04066666666666667,0,random_forest_unweighted
1543,SECOM-1543,DEMO-061,15/10/2008 23:00:00,0,0.02,0,random_forest_unweighted
1157,SECOM-1157,DEMO-046,28/09/2008 18:43:00,0,0.10013333333333334,1,random_forest_unweighted
108,SECOM-0108,DEMO-004,05/08/2008 04:32:00,0,0.08706666666666667,0,random_forest_unweighted
170,SECOM-0170,DEMO-006,09/08/2008 17:34:00,0,0.08360000000000002,0,random_forest_unweighted
570,SECOM-0570,DEMO-022,30/08/2008 08:10:00,0,0.051666666666666666,0,random_forest_unweighted
1134,SECOM-1134,DEMO-045,27/09/2008 15:30:00,0,0.10706666666666664,1,random_forest_unweighted
1448,SECOM-1448,DEMO-057,10/10/2008 12:30:00,0,0.052990476190476185,0,random_forest_unweighted
216,SECOM-0216,DEMO-008,16/08/2008 08:39:00,0,0.09986666666666666,1,random_forest_unweighted
850,SECOM-0850,DEMO-034,15/09/2008 16:10:00,0,0.058199999999999995,0,random_forest_unweighted
1049,SECOM-1049,DEMO-041,24/09/2008 03:40:00,0,0.021333333333333333,0,random_forest_unweighted
1477,SECOM-1477,DEMO-059,13/10/2008 14:06:00,0,0.13533333333333333,1,random_forest_unweighted
62,SECOM-0062,DEMO-002,31/07/2008 20:18:00,1,0.28289523809523814,1,random_forest_unweighted
42,SECOM-0042,DEMO-001,29/07/2008 04:08:00,0,0.03906666666666667,0,random_forest_unweighted
628,SECOM-0628,DEMO-025,01/09/2008 09:06:00,0,0.0212,0,random_forest_unweighted
1156,SECOM-1156,DEMO-046,28/09/2008 18:34:00,0,0.051666666666666666,0,random_forest_unweighted
140,SECOM-0140,DEMO-005,06/08/2008 19:24:00,0,0.08066666666666665,0,random_forest_unweighted
866,SECOM-0866,DEMO-034,16/09/2008 19:34:00,0,0.10159999999999998,1,random_forest_unweighted
369,SECOM-0369,DEMO-014,21/08/2008 16:36:00,0,0.052666666666666674,0,random_forest_unweighted
996,SECOM-0996,DEMO-039,21/09/2008 19:19:00,0,0.06080000000000001,0,random_forest_unweighted
258,SECOM-0258,DEMO-010,18/08/2008 11:04:00,0,0.06633333333333334,0,random_forest_unweighted
1033,SECOM-1033,DEMO-041,23/09/2008 12:31:00,0,0.10515238095238097,1,random_forest_unweighted
355,SECOM-0355,DEMO-014,21/08/2008 12:33:00,0,0.07264761904761903,0,random_forest_unweighted
840,SECOM-0840,DEMO-033,14/09/2008 19:13:00,0,0.012666666666666668,0,random_forest_unweighted
1394,SECOM-1394,DEMO-055,07/10/2008 10:10:00,0,0.04566666666666666,0,random_forest_unweighted
1478,SECOM-1478,DEMO-059,13/10/2008 14:29:00,0,0.05553333333333333,0,random_forest_unweighted
1421,SECOM-1421,DEMO-056,08/10/2008 12:11:00,0,0.016,0,random_forest_unweighted
195,SECOM-0195,DEMO-007,12/08/2008 04:23:00,0,0.16223333333333334,1,random_forest_unweighted
455,SECOM-0455,DEMO-018,27/08/2008 17:14:00,0,0.0708,0,random_forest_unweighted
587,SECOM-0587,DEMO-023,30/08/2008 15:16:00,0,0.054933333333333334,0,random_forest_unweighted
1092,SECOM-1092,DEMO-043,25/09/2008 23:48:00,0,0.07699999999999999,0,random_forest_unweighted
1090,SECOM-1090,DEMO-043,25/09/2008 22:05:00,0,0.03566666666666667,0,random_forest_unweighted
65,SECOM-0065,DEMO-002,01/08/2008 10:20:00,0,0.09566666666666668,1,random_forest_unweighted
1498,SECOM-1498,DEMO-059,14/10/2008 03:35:00,0,0.06366666666666666,0,random_forest_unweighted
220,SECOM-0220,DEMO-008,16/08/2008 14:30:00,0,0.056285714285714286,0,random_forest_unweighted
1307,SECOM-1307,DEMO-052,05/10/2008 04:20:00,0,0.07006666666666667,0,random_forest_unweighted
537,SECOM-0537,DEMO-021,29/08/2008 14:18:00,0,0.05933333333333333,0,random_forest_unweighted
1191,SECOM-1191,DEMO-047,30/09/2008 04:42:00,0,0.016666666666666663,0,random_forest_unweighted
234,SECOM-0234,DEMO-009,17/08/2008 15:25:00,0,0.05999999999999999,0,random_forest_unweighted
51,SECOM-0051,DEMO-002,29/07/2008 21:07:00,0,0.1512285714285714,1,random_forest_unweighted
233,SECOM-0233,DEMO-009,17/08/2008 14:21:00,0,0.13386666666666663,1,random_forest_unweighted
572,SECOM-0572,DEMO-022,30/08/2008 08:42:00,0,0.0124,0,random_forest_unweighted
450,SECOM-0450,DEMO-018,27/08/2008 00:46:00,0,0.08466666666666667,0,random_forest_unweighted
1048,SECOM-1048,DEMO-041,24/09/2008 03:32:00,0,0.009333333333333334,0,random_forest_unweighted
68,SECOM-0068,DEMO-002,01/08/2008 12:29:00,0,0.09933333333333334,1,random_forest_unweighted
705,SECOM-0705,DEMO-028,02/09/2008 20:59:00,0,0.0288,0,random_forest_unweighted
390,SECOM-0390,DEMO-015,22/08/2008 00:44:00,0,0.05706666666666667,0,random_forest_unweighted
1081,SECOM-1081,DEMO-043,25/09/2008 14:08:00,0,0.06453333333333333,0,random_forest_unweighted
621,SECOM-0621,DEMO-024,01/09/2008 00:53:00,0,0.004,0,random_forest_unweighted
190,SECOM-0190,DEMO-007,11/08/2008 03:06:00,0,0.13573333333333332,1,random_forest_unweighted
706,SECOM-0706,DEMO-028,03/09/2008 00:18:00,0,0.03066666666666667,0,random_forest_unweighted
798,SECOM-0798,DEMO-031,12/09/2008 05:11:00,0,0.0542952380952381,0,random_forest_unweighted
1,SECOM-0001,DEMO-000,19/07/2008 12:32:00,0,0.09459999999999999,1,random_forest_unweighted
604,SECOM-0604,DEMO-024,31/08/2008 10:36:00,0,0.016,0,random_forest_unweighted
1437,SECOM-1437,DEMO-057,09/10/2008 00:23:00,0,0.018666666666666665,0,random_forest_unweighted
434,SECOM-0434,DEMO-017,23/08/2008 05:57:00,0,0.07466666666666667,0,random_forest_unweighted
714,SECOM-0714,DEMO-028,03/09/2008 14:24:00,0,0.05606666666666667,0,random_forest_unweighted
914,SECOM-0914,DEMO-036,19/09/2008 16:58:00,1,0.03266666666666667,0,random_forest_unweighted
24,SECOM-0024,DEMO-000,27/07/2008 04:18:00,0,0.24716190476190483,1,random_forest_unweighted
1432,SECOM-1432,DEMO-057,08/10/2008 21:19:00,0,0.039733333333333336,0,random_forest_unweighted
1103,SECOM-1103,DEMO-044,26/09/2008 14:20:00,0,0.014,0,random_forest_unweighted
837,SECOM-0837,DEMO-033,14/09/2008 17:40:00,0,0.034133333333333335,0,random_forest_unweighted
345,SECOM-0345,DEMO-013,21/08/2008 02:11:00,0,0.17389523809523807,1,random_forest_unweighted
1122,SECOM-1122,DEMO-044,27/09/2008 11:04:00,0,0.04926666666666667,0,random_forest_unweighted
1189,SECOM-1189,DEMO-047,30/09/2008 02:44:00,1,0.036961904761904765,0,random_forest_unweighted
903,SECOM-0903,DEMO-036,19/09/2008 07:18:00,0,0.11266666666666666,1,random_forest_unweighted
877,SECOM-0877,DEMO-035,18/09/2008 01:43:00,0,0.06293333333333334,0,random_forest_unweighted
1529,SECOM-1529,DEMO-061,15/10/2008 10:00:00,0,0.04693333333333333,0,random_forest_unweighted
215,SECOM-0215,DEMO-008,16/08/2008 07:33:00,0,0.09173333333333333,1,random_forest_unweighted
569,SECOM-0569,DEMO-022,30/08/2008 07:54:00,0,0.012933333333333333,0,random_forest_unweighted
1446,SECOM-1446,DEMO-057,10/10/2008 10:46:00,0,0.1773142857142857,1,random_forest_unweighted
1057,SECOM-1057,DEMO-042,24/09/2008 10:59:00,0,0.02266666666666667,0,random_forest_unweighted
1162,SECOM-1162,DEMO-046,28/09/2008 21:08:00,0,0.0404,0,random_forest_unweighted
96,SECOM-0096,DEMO-003,04/08/2008 20:58:00,1,0.14973333333333336,1,random_forest_unweighted
765,SECOM-0765,DEMO-030,08/09/2008 20:00:00,0,0.05066666666666667,0,random_forest_unweighted
1038,SECOM-1038,DEMO-041,23/09/2008 15:58:00,0,0.05689999999999999,0,random_forest_unweighted
533,SECOM-0533,DEMO-021,29/08/2008 13:14:00,0,0.1022,1,random_forest_unweighted
1563,SECOM-1563,DEMO-062,16/10/2008 20:49:00,0,0.02666666666666667,0,random_forest_unweighted
11,SECOM-0011,DEMO-000,19/07/2008 22:52:00,1,0.127,1,random_forest_unweighted
1254,SECOM-1254,DEMO-050,02/10/2008 21:32:00,1,0.060200000000000004,0,random_forest_unweighted
1334,SECOM-1334,DEMO-053,05/10/2008 22:13:00,0,0.04313333333333334,0,random_forest_unweighted
1453,SECOM-1453,DEMO-058,10/10/2008 21:07:00,0,0.022285714285714284,0,random_forest_unweighted
50,SECOM-0050,DEMO-002,29/07/2008 18:08:00,1,0.22082857142857143,1,random_forest_unweighted
399,SECOM-0399,DEMO-015,22/08/2008 03:18:00,0,0.06233333333333334,0,random_forest_unweighted
1472,SECOM-1472,DEMO-058,12/10/2008 18:47:00,0,0.11764761904761904,1,random_forest_unweighted
693,SECOM-0693,DEMO-027,02/09/2008 16:10:00,0,0.027666666666666673,0,random_forest_unweighted
320,SECOM-0320,DEMO-012,20/08/2008 02:13:00,0,0.08486666666666667,0,random_forest_unweighted
1385,SECOM-1385,DEMO-055,07/10/2008 03:39:00,0,0.042428571428571434,0,random_forest_unweighted
26,SECOM-0026,DEMO-001,27/07/2008 11:10:00,0,0.12242380952380952,1,random_forest_unweighted
553,SECOM-0553,DEMO-022,30/08/2008 00:57:00,0,0.03096190476190476,0,random_forest_unweighted
712,SECOM-0712,DEMO-028,03/09/2008 06:26:00,0,0.024,0,random_forest_unweighted
153,SECOM-0153,DEMO-006,07/08/2008 11:10:00,0,0.11394285714285714,1,random_forest_unweighted
846,SECOM-0846,DEMO-033,15/09/2008 02:04:00,0,0.04533333333333333,0,random_forest_unweighted
1495,SECOM-1495,DEMO-059,14/10/2008 00:35:00,0,0.0546,0,random_forest_unweighted
269,SECOM-0269,DEMO-010,18/08/2008 15:30:00,0,0.07465238095238096,0,random_forest_unweighted
909,SECOM-0909,DEMO-036,19/09/2008 11:13:00,0,0.05133333333333333,0,random_forest_unweighted
165,SECOM-0165,DEMO-006,09/08/2008 02:37:00,0,0.2070666666666667,1,random_forest_unweighted
255,SECOM-0255,DEMO-010,18/08/2008 08:18:00,0,0.060066666666666664,0,random_forest_unweighted
689,SECOM-0689,DEMO-027,02/09/2008 14:09:00,0,0.21463809523809518,1,random_forest_unweighted
752,SECOM-0752,DEMO-030,08/09/2008 00:40:00,0,0.2568666666666667,1,random_forest_unweighted
209,SECOM-0209,DEMO-008,15/08/2008 20:00:00,0,0.15066666666666667,1,random_forest_unweighted
1540,SECOM-1540,DEMO-061,15/10/2008 21:44:00,0,0.06199999999999999,0,random_forest_unweighted
1328,SECOM-1328,DEMO-053,05/10/2008 16:49:00,1,0.04873333333333333,0,random_forest_unweighted
242,SECOM-0242,DEMO-009,18/08/2008 00:20:00,0,0.13733333333333334,1,random_forest_unweighted
1486,SECOM-1486,DEMO-059,13/10/2008 19:40:00,0,0.02873333333333333,0,random_forest_unweighted
149,SECOM-0149,DEMO-005,07/08/2008 08:21:00,0,0.18276666666666666,1,random_forest_unweighted
730,SECOM-0730,DEMO-029,04/09/2008 16:30:00,0,0.013733333333333334,0,random_forest_unweighted
1411,SECOM-1411,DEMO-056,08/10/2008 04:47:00,0,0.05186666666666667,0,random_forest_unweighted
1175,SECOM-1175,DEMO-047,29/09/2008 11:53:00,0,0.06746666666666666,0,random_forest_unweighted
1565,SECOM-1565,DEMO-062,17/10/2008 06:01:00,0,0.014533333333333334,0,random_forest_unweighted
1034,SECOM-1034,DEMO-041,23/09/2008 12:46:00,0,0.0564,0,random_forest_unweighted
246,SECOM-0246,DEMO-009,18/08/2008 04:35:00,0,0.14370000000000002,1,random_forest_unweighted
816,SECOM-0816,DEMO-032,12/09/2008 22:25:00,0,0.046133333333333325,0,random_forest_unweighted
817,SECOM-0817,DEMO-032,12/09/2008 22:45:00,0,0.08686666666666666,0,random_forest_unweighted
1351,SECOM-1351,DEMO-054,06/10/2008 07:17:00,0,0.03164761904761905,0,random_forest_unweighted
792,SECOM-0792,DEMO-031,11/09/2008 15:08:00,0,0.05053333333333334,0,random_forest_unweighted
1166,SECOM-1166,DEMO-046,29/09/2008 02:06:00,0,0.05733333333333334,0,random_forest_unweighted
893,SECOM-0893,DEMO-035,18/09/2008 23:44:00,0,0.1242,1,random_forest_unweighted
876,SECOM-0876,DEMO-035,18/09/2008 01:40:00,0,0.019666666666666666,0,random_forest_unweighted
1003,SECOM-1003,DEMO-040,22/09/2008 01:43:00,0,0.018666666666666665,0,random_forest_unweighted
283,SECOM-0283,DEMO-011,19/08/2008 04:58:00,0,0.09366666666666666,1,random_forest_unweighted
146,SECOM-0146,DEMO-005,06/08/2008 23:45:00,0,0.045666666666666675,0,random_forest_unweighted
1491,SECOM-1491,DEMO-059,13/10/2008 21:47:00,0,0.06253333333333333,0,random_forest_unweighted
557,SECOM-0557,DEMO-022,30/08/2008 02:32:00,0,0.06961904761904762,0,random_forest_unweighted
232,SECOM-0232,DEMO-009,17/08/2008 13:34:00,0,0.20755238095238093,1,random_forest_unweighted
1314,SECOM-1314,DEMO-052,05/10/2008 09:04:00,0,0.011666666666666665,0,random_forest_unweighted
58,SECOM-0058,DEMO-002,30/07/2008 21:16:00,1,0.1316,1,random_forest_unweighted
342,SECOM-0342,DEMO-013,20/08/2008 22:45:00,0,0.03533333333333333,0,random_forest_unweighted
549,SECOM-0549,DEMO-021,29/08/2008 22:49:00,0,0.03626666666666666,0,random_forest_unweighted
116,SECOM-0116,DEMO-004,05/08/2008 07:48:00,0,0.078,0,random_forest_unweighted
175,SECOM-0175,DEMO-007,09/08/2008 22:37:00,0,0.07740000000000001,0,random_forest_unweighted
1361,SECOM-1361,DEMO-054,06/10/2008 12:42:00,0,0.10296666666666666,1,random_forest_unweighted
1152,SECOM-1152,DEMO-046,28/09/2008 17:05:00,0,0.062390476190476184,0,random_forest_unweighted
435,SECOM-0435,DEMO-017,23/08/2008 05:58:00,0,0.092,1,random_forest_unweighted
183,SECOM-0183,DEMO-007,10/08/2008 11:16:00,0,0.12638095238095237,1,random_forest_unweighted
795,SECOM-0795,DEMO-031,11/09/2008 22:07:00,1,0.022999999999999996,0,random_forest_unweighted
1225,SECOM-1225,DEMO-049,02/10/2008 00:21:00,0,0.0816,0,random_forest_unweighted
946,SECOM-0946,DEMO-037,20/09/2008 12:26:00,0,0.003333333333333333,0,random_forest_unweighted
1442,SECOM-1442,DEMO-057,09/10/2008 15:04:00,0,0.04393333333333333,0,random_forest_unweighted
264,SECOM-0264,DEMO-010,18/08/2008 14:01:00,0,0.022761904761904758,0,random_forest_unweighted
1236,SECOM-1236,DEMO-049,02/10/2008 08:52:00,0,0.06695238095238094,0,random_forest_unweighted
1229,SECOM-1229,DEMO-049,02/10/2008 04:11:00,0,0.018,0,random_forest_unweighted
44,SECOM-0044,DEMO-001,29/07/2008 06:19:00,0,0.32652857142857145,1,random_forest_unweighted
449,SECOM-0449,DEMO-017,25/08/2008 09:29:00,0,0.042333333333333334,0,random_forest_unweighted
1316,SECOM-1316,DEMO-052,05/10/2008 10:00:00,0,0.03122857142857143,0,random_forest_unweighted
31,SECOM-0031,DEMO-001,27/07/2008 22:28:00,0,0.071,0,random_forest_unweighted
1315,SECOM-1315,DEMO-052,05/10/2008 09:47:00,0,0.0415,0,random_forest_unweighted
1005,SECOM-1005,DEMO-040,22/09/2008 06:05:00,0,0.01,0,random_forest_unweighted
1424,SECOM-1424,DEMO-056,08/10/2008 14:48:00,0,0.020999999999999998,0,random_forest_unweighted
465,SECOM-0465,DEMO-018,28/08/2008 04:54:00,0,0.05733333333333333,0,random_forest_unweighted
41,SECOM-0041,DEMO-001,28/07/2008 23:57:00,0,0.09560000000000002,1,random_forest_unweighted
1431,SECOM-1431,DEMO-057,08/10/2008 20:27:00,0,0.025666666666666664,0,random_forest_unweighted
459,SECOM-0459,DEMO-018,28/08/2008 03:04:00,0,0.0360952380952381,0,random_forest_unweighted
130,SECOM-0130,DEMO-005,06/08/2008 03:22:00,0,0.14888571428571426,1,random_forest_unweighted
709,SECOM-0709,DEMO-028,03/09/2008 01:15:00,1,0.18566666666666662,1,random_forest_unweighted
461,SECOM-0461,DEMO-018,28/08/2008 03:38:00,0,0.05853333333333333,0,random_forest_unweighted
104,SECOM-0104,DEMO-004,05/08/2008 02:45:00,0,0.0174,0,random_forest_unweighted
1345,SECOM-1345,DEMO-053,06/10/2008 05:21:00,0,0.018333333333333333,0,random_forest_unweighted
1031,SECOM-1031,DEMO-041,23/09/2008 11:43:00,0,0.027666666666666666,0,random_forest_unweighted
713,SECOM-0713,DEMO-028,03/09/2008 09:38:00,0,0.0992,1,random_forest_unweighted
652,SECOM-0652,DEMO-026,02/09/2008 02:02:00,0,0.028333333333333332,0,random_forest_unweighted
1097,SECOM-1097,DEMO-043,26/09/2008 03:29:00,0,0.16196190476190478,1,random_forest_unweighted
1242,SECOM-1242,DEMO-049,02/10/2008 14:10:00,1,0.35291428571428574,1,random_forest_unweighted
1439,SECOM-1439,DEMO-057,09/10/2008 06:06:00,0,0.026,0,random_forest_unweighted
1140,SECOM-1140,DEMO-045,27/09/2008 21:45:00,0,0.03586666666666666,0,random_forest_unweighted
1004,SECOM-1004,DEMO-040,22/09/2008 03:51:00,0,0.008400000000000001,0,random_forest_unweighted
1552,SECOM-1552,DEMO-062,16/10/2008 04:02:00,0,0.08410000000000001,0,random_forest_unweighted
928,SECOM-0928,DEMO-037,19/09/2008 21:14:00,0,0.0852,0,random_forest_unweighted
48,SECOM-0048,DEMO-001,29/07/2008 15:49:00,1,0.09666666666666665,1,random_forest_unweighted
527,SECOM-0527,DEMO-021,29/08/2008 08:41:00,0,0.027133333333333332,0,random_forest_unweighted
967,SECOM-0967,DEMO-038,20/09/2008 19:21:00,0,0.019999999999999997,0,random_forest_unweighted
535,SECOM-0535,DEMO-021,29/08/2008 13:49:00,0,0.04133333333333333,0,random_forest_unweighted
828,SECOM-0828,DEMO-033,13/09/2008 14:07:00,0,0.06719999999999998,0,random_forest_unweighted
1354,SECOM-1354,DEMO-054,06/10/2008 08:24:00,0,0.0352,0,random_forest_unweighted
726,SECOM-0726,DEMO-029,04/09/2008 11:50:00,0,0.03866666666666667,0,random_forest_unweighted
1370,SECOM-1370,DEMO-054,06/10/2008 17:26:00,0,0.030000000000000002,0,random_forest_unweighted
1294,SECOM-1294,DEMO-051,04/10/2008 18:15:00,0,0.3237619047619047,1,random_forest_unweighted
630,SECOM-0630,DEMO-025,01/09/2008 09:54:00,0,0.021666666666666664,0,random_forest_unweighted
268,SECOM-0268,DEMO-010,18/08/2008 15:26:00,0,0.1378,1,random_forest_unweighted
844,SECOM-0844,DEMO-033,14/09/2008 21:31:00,0,0.04333333333333333,0,random_forest_unweighted
1204,SECOM-1204,DEMO-048,30/09/2008 21:39:00,0,0.13201904761904762,1,random_forest_unweighted
1259,SECOM-1259,DEMO-050,02/10/2008 23:32:00,0,0.13166666666666668,1,random_forest_unweighted
366,SECOM-0366,DEMO-014,21/08/2008 15:48:00,0,0.044000000000000004,0,random_forest_unweighted
1184,SECOM-1184,DEMO-047,29/09/2008 21:26:00,0,0.07993333333333336,0,random_forest_unweighted
1095,SECOM-1095,DEMO-043,26/09/2008 02:26:00,0,0.02606666666666666,0,random_forest_unweighted
1528,SECOM-1528,DEMO-061,15/10/2008 09:11:00,0,0.026266666666666667,0,random_forest_unweighted
1239,SECOM-1239,DEMO-049,02/10/2008 09:42:00,0,0.0675,0,random_forest_unweighted
397,SECOM-0397,DEMO-015,22/08/2008 02:25:00,0,0.08330000000000001,0,random_forest_unweighted
17,SECOM-0017,DEMO-000,22/07/2008 08:41:00,0,0.11189999999999999,1,random_forest_unweighted
1205,SECOM-1205,DEMO-048,30/09/2008 21:42:00,0,0.057,0,random_forest_unweighted
899,SECOM-0899,DEMO-035,19/09/2008 05:57:00,0,0.056666666666666664,0,random_forest_unweighted
112,SECOM-0112,DEMO-004,05/08/2008 06:11:00,0,0.06926666666666667,0,random_forest_unweighted
530,SECOM-0530,DEMO-021,29/08/2008 12:22:00,0,0.04893333333333333,0,random_forest_unweighted
364,SECOM-0364,DEMO-014,21/08/2008 15:06:00,0,0.06786666666666667,0,random_forest_unweighted
754,SECOM-0754,DEMO-030,08/09/2008 03:32:00,0,0.04440000000000001,0,random_forest_unweighted
1032,SECOM-1032,DEMO-041,23/09/2008 12:29:00,0,0.03566666666666667,0,random_forest_unweighted
708,SECOM-0708,DEMO-028,03/09/2008 00:58:00,0,0.05507619047619048,0,random_forest_unweighted
1148,SECOM-1148,DEMO-045,28/09/2008 07:52:00,0,0.08166666666666667,0,random_forest_unweighted
189,SECOM-0189,DEMO-007,10/08/2008 22:26:00,1,0.15373333333333333,1,random_forest_unweighted
460,SECOM-0460,DEMO-018,28/08/2008 03:29:00,0,0.06906666666666668,0,random_forest_unweighted
666,SECOM-0666,DEMO-026,02/09/2008 07:22:00,0,0.034555555555555555,0,random_forest_unweighted
1367,SECOM-1367,DEMO-054,06/10/2008 15:52:00,0,0.1178,1,random_forest_unweighted
531,SECOM-0531,DEMO-021,29/08/2008 12:37:00,0,0.05159999999999999,0,random_forest_unweighted
1027,SECOM-1027,DEMO-041,23/09/2008 08:11:00,0,0.016,0,random_forest_unweighted
725,SECOM-0725,DEMO-029,04/09/2008 08:53:00,0,0.03206666666666666,0,random_forest_unweighted
627,SECOM-0627,DEMO-025,01/09/2008 08:18:00,0,0.006,0,random_forest_unweighted
868,SECOM-0868,DEMO-034,16/09/2008 21:21:00,0,0.029333333333333336,0,random_forest_unweighted
1037,SECOM-1037,DEMO-041,23/09/2008 15:33:00,0,0.016,0,random_forest_unweighted
21,SECOM-0021,DEMO-000,23/07/2008 05:15:00,0,0.09408571428571429,1,random_forest_unweighted
1209,SECOM-1209,DEMO-048,01/10/2008 01:11:00,0,0.11265714285714287,1,random_forest_unweighted
1412,SECOM-1412,DEMO-056,08/10/2008 05:35:00,0,0.026304761904761907,0,random_forest_unweighted
707,SECOM-0707,DEMO-028,03/09/2008 00:45:00,0,0.07388888888888888,0,random_forest_unweighted
959,SECOM-0959,DEMO-038,20/09/2008 16:43:00,0,0.013333333333333332,0,random_forest_unweighted
1336,SECOM-1336,DEMO-053,06/10/2008 01:25:00,0,0.044828571428571426,0,random_forest_unweighted
154,SECOM-0154,DEMO-006,07/08/2008 11:40:00,1,0.04766666666666666,0,random_forest_unweighted
1353,SECOM-1353,DEMO-054,06/10/2008 07:38:00,0,0.047695238095238096,0,random_forest_unweighted
1116,SECOM-1116,DEMO-044,27/09/2008 00:16:00,0,0.04706666666666666,0,random_forest_unweighted
1231,SECOM-1231,DEMO-049,02/10/2008 04:24:00,0,0.048666666666666664,0,random_forest_unweighted
1142,SECOM-1142,DEMO-045,28/09/2008 01:22:00,0,0.09813333333333334,1,random_forest_unweighted
23,SECOM-0023,DEMO-000,25/07/2008 15:23:00,1,0.12746666666666664,1,random_forest_unweighted
751,SECOM-0751,DEMO-030,08/09/2008 00:32:00,0,0.03853333333333332,0,random_forest_unweighted
25,SECOM-0025,DEMO-001,27/07/2008 09:37:00,0,0.11238095238095237,1,random_forest_unweighted
1433,SECOM-1433,DEMO-057,08/10/2008 21:45:00,0,0.013,0,random_forest_unweighted
973,SECOM-0973,DEMO-038,21/09/2008 03:47:00,0,0.03233333333333333,0,random_forest_unweighted
383,SECOM-0383,DEMO-015,21/08/2008 22:25:00,0,0.10651428571428571,1,random_forest_unweighted
811,SECOM-0811,DEMO-032,12/09/2008 18:01:00,0,0.008333333333333331,0,random_forest_unweighted
1137,SECOM-1137,DEMO-045,27/09/2008 18:14:00,0,0.030733333333333335,0,random_forest_unweighted
571,SECOM-0571,DEMO-022,30/08/2008 08:29:00,0,0.02255238095238095,0,random_forest_unweighted
698,SECOM-0698,DEMO-027,02/09/2008 17:18:00,0,0.06296666666666666,0,random_forest_unweighted
678,SECOM-0678,DEMO-027,02/09/2008 11:47:00,0,0.06046666666666666,0,random_forest_unweighted
989,SECOM-0989,DEMO-039,21/09/2008 15:15:00,0,0.009666666666666665,0,random_forest_unweighted
1237,SECOM-1237,DEMO-049,02/10/2008 08:57:00,0,0.04086666666666667,0,random_forest_unweighted
1398,SECOM-1398,DEMO-055,07/10/2008 11:36:00,0,0.04566666666666666,0,random_forest_unweighted
174,SECOM-0174,DEMO-006,09/08/2008 22:15:00,0,0.2130666666666666,1,random_forest_unweighted
1522,SECOM-1522,DEMO-060,15/10/2008 05:13:00,0,0.0295,0,random_forest_unweighted
288,SECOM-0288,DEMO-011,19/08/2008 05:41:00,0,0.08661904761904762,0,random_forest_unweighted
1310,SECOM-1310,DEMO-052,05/10/2008 05:53:00,0,0.04033333333333334,0,random_forest_unweighted
643,SECOM-0643,DEMO-025,01/09/2008 23:59:00,0,0.24843809523809524,1,random_forest_unweighted
1482,SECOM-1482,DEMO-059,13/10/2008 15:42:00,0,0.08466666666666667,0,random_forest_unweighted
847,SECOM-0847,DEMO-033,15/09/2008 10:03:00,0,0.02333333333333333,0,random_forest_unweighted
245,SECOM-0245,DEMO-009,18/08/2008 04:12:00,0,0.10166666666666666,1,random_forest_unweighted
219,SECOM-0219,DEMO-008,16/08/2008 13:51:00,0,0.11652380952380954,1,random_forest_unweighted
1080,SECOM-1080,DEMO-043,25/09/2008 13:42:00,0,0.05333333333333333,0,random_forest_unweighted
545,SECOM-0545,DEMO-021,29/08/2008 21:46:00,0,0.0712952380952381,0,random_forest_unweighted
313,SECOM-0313,DEMO-012,19/08/2008 18:30:00,0,0.06833333333333334,0,random_forest_unweighted
1219,SECOM-1219,DEMO-048,01/10/2008 16:43:00,0,0.04226666666666667,0,random_forest_unweighted
444,SECOM-0444,DEMO-017,24/08/2008 07:12:00,0,0.037733333333333334,0,random_forest_unweighted
956,SECOM-0956,DEMO-038,20/09/2008 15:19:00,0,0.06753333333333333,0,random_forest_unweighted
296,SECOM-0296,DEMO-011,19/08/2008 08:07:00,0,0.024666666666666663,0,random_forest_unweighted
344,SECOM-0344,DEMO-013,20/08/2008 23:43:00,1,0.07983333333333333,0,random_forest_unweighted
972,SECOM-0972,DEMO-038,21/09/2008 03:04:00,0,0.008,0,random_forest_unweighted
720,SECOM-0720,DEMO-028,03/09/2008 20:10:00,0,0.06080000000000001,0,random_forest_unweighted
1138,SECOM-1138,DEMO-045,27/09/2008 19:16:00,0,0.027866666666666668,0,random_forest_unweighted
563,SECOM-0563,DEMO-022,30/08/2008 04:55:00,0,0.08586666666666667,0,random_forest_unweighted
1541,SECOM-1541,DEMO-061,15/10/2008 22:45:00,0,0.07293333333333334,0,random_forest_unweighted
1098,SECOM-1098,DEMO-043,26/09/2008 04:14:00,0,0.041333333333333326,0,random_forest_unweighted
187,SECOM-0187,DEMO-007,10/08/2008 19:07:00,0,0.24257142857142858,1,random_forest_unweighted
786,SECOM-0786,DEMO-031,11/09/2008 12:47:00,0,0.08108571428571427,0,random_forest_unweighted
228,SECOM-0228,DEMO-009,17/08/2008 03:46:00,0,0.2519714285714285,1,random_forest_unweighted
18,SECOM-0018,DEMO-000,22/07/2008 11:47:00,0,0.037200000000000004,0,random_forest_unweighted
674,SECOM-0674,DEMO-026,02/09/2008 10:25:00,0,0.02495238095238095,0,random_forest_unweighted
905,SECOM-0905,DEMO-036,19/09/2008 08:52:00,0,0.020066666666666667,0,random_forest_unweighted
176,SECOM-0176,DEMO-007,09/08/2008 23:17:00,0,0.2425047619047619,1,random_forest_unweighted
352,SECOM-0352,DEMO-014,21/08/2008 11:22:00,0,0.04493333333333333,0,random_forest_unweighted
887,SECOM-0887,DEMO-035,18/09/2008 18:12:00,0,0.039066666666666666,0,random_forest_unweighted
173,SECOM-0173,DEMO-006,09/08/2008 21:07:00,0,0.10002857142857143,1,random_forest_unweighted
1407,SECOM-1407,DEMO-056,07/10/2008 19:24:00,0,0.02,0,random_forest_unweighted
1352,SECOM-1352,DEMO-054,06/10/2008 07:35:00,0,0.013,0,random_forest_unweighted
520,SECOM-0520,DEMO-020,29/08/2008 07:18:00,0,0.0402,0,random_forest_unweighted
834,SECOM-0834,DEMO-033,14/09/2008 15:02:00,0,0.08393333333333333,0,random_forest_unweighted
464,SECOM-0464,DEMO-018,28/08/2008 04:20:00,0,0.07273333333333334,0,random_forest_unweighted
476,SECOM-0476,DEMO-019,28/08/2008 10:28:00,0,0.08826666666666667,1,random_forest_unweighted
515,SECOM-0515,DEMO-020,29/08/2008 06:35:00,0,0.08340000000000002,0,random_forest_unweighted
953,SECOM-0953,DEMO-038,20/09/2008 14:50:00,0,0.034866666666666664,0,random_forest_unweighted
440,SECOM-0440,DEMO-017,23/08/2008 15:10:00,0,0.1312,1,random_forest_unweighted
872,SECOM-0872,DEMO-034,17/09/2008 07:14:00,0,0.027000000000000003,0,random_forest_unweighted
392,SECOM-0392,DEMO-015,22/08/2008 01:04:00,1,0.12246666666666667,1,random_forest_unweighted
512,SECOM-0512,DEMO-020,29/08/2008 05:54:00,0,0.013333333333333332,0,random_forest_unweighted
1456,SECOM-1456,DEMO-058,11/10/2008 06:56:00,0,0.20169047619047617,1,random_forest_unweighted
287,SECOM-0287,DEMO-011,19/08/2008 05:40:00,0,0.09273333333333333,1,random_forest_unweighted
121,SECOM-0121,DEMO-004,05/08/2008 15:45:00,0,0.15770476190476188,1,random_forest_unweighted
1094,SECOM-1094,DEMO-043,26/09/2008 01:21:00,0,0.09666666666666666,1,random_forest_unweighted
337,SECOM-0337,DEMO-013,20/08/2008 20:19:00,0,0.053766666666666664,0,random_forest_unweighted
1249,SECOM-1249,DEMO-049,02/10/2008 17:00:00,0,0.057028571428571435,0,random_forest_unweighted
629,SECOM-0629,DEMO-025,01/09/2008 09:19:00,0,0.005,0,random_forest_unweighted
1397,SECOM-1397,DEMO-055,07/10/2008 11:16:00,0,0.2352380952380952,1,random_forest_unweighted
748,SECOM-0748,DEMO-029,07/09/2008 20:12:00,0,0.0013333333333333333,0,random_forest_unweighted
1274,SECOM-1274,DEMO-050,03/10/2008 19:23:00,0,0.08442857142857142,0,random_forest_unweighted
1106,SECOM-1106,DEMO-044,26/09/2008 15:36:00,0,0.043333333333333335,0,random_forest_unweighted
691,SECOM-0691,DEMO-027,02/09/2008 14:34:00,0,0.012,0,random_forest_unweighted
1537,SECOM-1537,DEMO-061,15/10/2008 18:16:00,0,0.016666666666666663,0,random_forest_unweighted
20,SECOM-0020,DEMO-000,22/07/2008 15:30:00,0,0.0474,0,random_forest_unweighted
496,SECOM-0496,DEMO-019,28/08/2008 21:03:00,0,0.034,0,random_forest_unweighted
325,SECOM-0325,DEMO-013,20/08/2008 07:12:00,0,0.13942857142857143,1,random_forest_unweighted
1099,SECOM-1099,DEMO-043,26/09/2008 05:32:00,0,0.015999999999999997,0,random_forest_unweighted
502,SECOM-0502,DEMO-020,29/08/2008 01:06:00,0,0.018666666666666668,0,random_forest_unweighted
611,SECOM-0611,DEMO-024,31/08/2008 20:24:00,0,0.03266666666666667,0,random_forest_unweighted
79,SECOM-0079,DEMO-003,03/08/2008 17:58:00,0,0.12686666666666666,1,random_forest_unweighted
582,SECOM-0582,DEMO-023,30/08/2008 11:57:00,0,0.0618952380952381,0,random_forest_unweighted
1466,SECOM-1466,DEMO-058,12/10/2008 00:57:00,0,0.04146666666666666,0,random_forest_unweighted
776,SECOM-0776,DEMO-031,10/09/2008 21:56:00,0,0.033333333333333326,0,random_forest_unweighted
518,SECOM-0518,DEMO-020,29/08/2008 06:45:00,1,0.23028888888888882,1,random_forest_unweighted
818,SECOM-0818,DEMO-032,12/09/2008 23:28:00,0,0.035333333333333335,0,random_forest_unweighted
954,SECOM-0954,DEMO-038,20/09/2008 14:53:00,0,0.036666666666666674,0,random_forest_unweighted
947,SECOM-0947,DEMO-037,20/09/2008 12:27:00,0,0.03742857142857143,0,random_forest_unweighted
658,SECOM-0658,DEMO-026,02/09/2008 03:35:00,0,0.01633333333333333,0,random_forest_unweighted
939,SECOM-0939,DEMO-037,20/09/2008 05:34:00,0,0.045,0,random_forest_unweighted
855,SECOM-0855,DEMO-034,15/09/2008 22:45:00,0,0.03633333333333333,0,random_forest_unweighted
1360,SECOM-1360,DEMO-054,06/10/2008 12:39:00,0,0.039733333333333336,0,random_forest_unweighted
178,SECOM-0178,DEMO-007,10/08/2008 00:09:00,0,0.10959999999999999,1,random_forest_unweighted
1129,SECOM-1129,DEMO-045,27/09/2008 13:19:00,0,0.04586666666666667,0,random_forest_unweighted
1150,SECOM-1150,DEMO-046,28/09/2008 08:41:00,0,0.1801,1,random_forest_unweighted
1333,SECOM-1333,DEMO-053,05/10/2008 20:30:00,0,0.18,1,random_forest_unweighted
457,SECOM-0457,DEMO-018,27/08/2008 22:58:00,0,0.2838190476190477,1,random_forest_unweighted
1375,SECOM-1375,DEMO-055,06/10/2008 19:42:00,0,0.038066666666666665,0,random_forest_unweighted
1070,SECOM-1070,DEMO-042,25/09/2008 02:03:00,0,0.034800000000000005,0,random_forest_unweighted
141,SECOM-0141,DEMO-005,06/08/2008 20:00:00,0,0.14066666666666666,1,random_forest_unweighted
1268,SECOM-1268,DEMO-050,03/10/2008 06:15:00,0,0.014,0,random_forest_unweighted
1344,SECOM-1344,DEMO-053,06/10/2008 04:26:00,0,0.043761904761904766,0,random_forest_unweighted
1396,SECOM-1396,DEMO-055,07/10/2008 11:15:00,0,0.057666666666666665,0,random_forest_unweighted
932,SECOM-0932,DEMO-037,20/09/2008 00:18:00,0,0.04553333333333333,0,random_forest_unweighted
1036,SECOM-1036,DEMO-041,23/09/2008 15:23:00,0,0.08133333333333334,0,random_forest_unweighted
1366,SECOM-1366,DEMO-054,06/10/2008 15:01:00,0,0.048523809523809525,0,random_forest_unweighted
865,SECOM-0865,DEMO-034,16/09/2008 18:23:00,0,0.12215238095238096,1,random_forest_unweighted
1479,SECOM-1479,DEMO-059,13/10/2008 14:30:00,0,0.018666666666666665,0,random_forest_unweighted
1271,SECOM-1271,DEMO-050,03/10/2008 11:40:00,0,0.18846666666666664,1,random_forest_unweighted
579,SECOM-0579,DEMO-023,30/08/2008 11:12:00,0,0.04553333333333333,0,random_forest_unweighted
524,SECOM-0524,DEMO-020,29/08/2008 07:33:00,0,0.026133333333333335,0,random_forest_unweighted
793,SECOM-0793,DEMO-031,11/09/2008 16:28:00,0,0.06266666666666666,0,random_forest_unweighted
862,SECOM-0862,DEMO-034,16/09/2008 09:37:00,0,0.04774285714285715,0,random_forest_unweighted
978,SECOM-0978,DEMO-039,21/09/2008 08:22:00,0,0.07433333333333333,0,random_forest_unweighted
635,SECOM-0635,DEMO-025,01/09/2008 20:51:00,0,0.055600000000000004,0,random_forest_unweighted
912,SECOM-0912,DEMO-036,19/09/2008 15:31:00,0,0.083,0,random_forest_unweighted
750,SECOM-0750,DEMO-030,07/09/2008 23:33:00,0,0.15817142857142855,1,random_forest_unweighted
1441,SECOM-1441,DEMO-057,09/10/2008 14:15:00,0,0.016399999999999998,0,random_forest_unweighted
1309,SECOM-1309,DEMO-052,05/10/2008 05:31:00,0,0.053666666666666654,0,random_forest_unweighted
306,SECOM-0306,DEMO-012,19/08/2008 11:46:00,0,0.03633333333333333,0,random_forest_unweighted
1531,SECOM-1531,DEMO-061,15/10/2008 13:14:00,0,0.01,0,random_forest_unweighted
769,SECOM-0769,DEMO-030,09/09/2008 00:25:00,0,0.09073333333333332,1,random_forest_unweighted
1305,SECOM-1305,DEMO-052,05/10/2008 01:35:00,0,0.20579999999999998,1,random_forest_unweighted
1283,SECOM-1283,DEMO-051,03/10/2008 22:53:00,0,0.13582857142857138,1,random_forest_unweighted
326,SECOM-0326,DEMO-013,20/08/2008 08:40:00,1,0.12433333333333332,1,random_forest_unweighted
458,SECOM-0458,DEMO-018,28/08/2008 03:03:00,0,0.02003333333333333,0,random_forest_unweighted
9,SECOM-0009,DEMO-000,19/07/2008 21:35:00,0,0.20928571428571427,1,random_forest_unweighted
615,SECOM-0615,DEMO-024,31/08/2008 22:32:00,0,0.021333333333333336,0,random_forest_unweighted
1208,SECOM-1208,DEMO-048,01/10/2008 00:20:00,0,0.045000000000000005,0,random_forest_unweighted
936,SECOM-0936,DEMO-037,20/09/2008 04:28:00,0,0.021,0,random_forest_unweighted
1350,SECOM-1350,DEMO-054,06/10/2008 07:12:00,0,0.03842857142857143,0,random_forest_unweighted
1222,SECOM-1222,DEMO-048,01/10/2008 21:50:00,0,0.22119999999999998,1,random_forest_unweighted
1218,SECOM-1218,DEMO-048,01/10/2008 15:16:00,0,0.2261047619047618,1,random_forest_unweighted
1197,SECOM-1197,DEMO-047,30/09/2008 15:16:00,0,0.017666666666666664,0,random_forest_unweighted
5,SECOM-0005,DEMO-000,19/07/2008 17:53:00,0,0.10089999999999999,1,random_forest_unweighted
307,SECOM-0307,DEMO-012,19/08/2008 11:57:00,0,0.05393333333333334,0,random_forest_unweighted
336,SECOM-0336,DEMO-013,20/08/2008 19:20:00,1,0.1821333333333333,1,random_forest_unweighted
1052,SECOM-1052,DEMO-042,24/09/2008 06:13:00,0,0.08386666666666666,0,random_forest_unweighted
1357,SECOM-1357,DEMO-054,06/10/2008 09:57:00,0,0.049333333333333326,0,random_forest_unweighted
1364,SECOM-1364,DEMO-054,06/10/2008 13:55:00,1,0.041333333333333326,0,random_forest_unweighted
1382,SECOM-1382,DEMO-055,06/10/2008 23:03:00,0,0.038,0,random_forest_unweighted
1245,SECOM-1245,DEMO-049,02/10/2008 15:44:00,0,0.046933333333333334,0,random_forest_unweighted
640,SECOM-0640,DEMO-025,01/09/2008 23:28:00,0,0.02061904761904762,0,random_forest_unweighted
1390,SECOM-1390,DEMO-055,07/10/2008 09:11:00,0,0.07753333333333333,0,random_forest_unweighted
576,SECOM-0576,DEMO-023,30/08/2008 09:45:00,1,0.17755238095238093,1,random_forest_unweighted
1295,SECOM-1295,DEMO-051,04/10/2008 18:25:00,0,0.02666666666666667,0,random_forest_unweighted
550,SECOM-0550,DEMO-022,29/08/2008 22:56:00,0,0.12253333333333334,1,random_forest_unweighted
372,SECOM-0372,DEMO-014,21/08/2008 18:04:00,0,0.024,0,random_forest_unweighted
1499,SECOM-1499,DEMO-059,14/10/2008 13:13:00,0,0.0549,0,random_forest_unweighted
231,SECOM-0231,DEMO-009,17/08/2008 12:16:00,1,0.09426666666666667,1,random_forest_unweighted
672,SECOM-0672,DEMO-026,02/09/2008 10:13:00,0,0.06013333333333333,0,random_forest_unweighted
1474,SECOM-1474,DEMO-058,13/10/2008 03:53:00,0,0.019666666666666666,0,random_forest_unweighted
331,SECOM-0331,DEMO-013,20/08/2008 17:09:00,0,0.1331809523809524,1,random_forest_unweighted
1073,SECOM-1073,DEMO-042,25/09/2008 07:58:00,0,0.012,0,random_forest_unweighted
1525,SECOM-1525,DEMO-061,15/10/2008 07:36:00,0,0.1827333333333333,1,random_forest_unweighted
753,SECOM-0753,DEMO-030,08/09/2008 01:24:00,0,0.02366666666666667,0,random_forest_unweighted
715,SECOM-0715,DEMO-028,03/09/2008 14:29:00,0,0.029666666666666664,0,random_forest_unweighted
1226,SECOM-1226,DEMO-049,02/10/2008 00:22:00,0,0.1756380952380952,1,random_forest_unweighted
930,SECOM-0930,DEMO-037,19/09/2008 23:26:00,0,0.03433333333333333,0,random_forest_unweighted
1058,SECOM-1058,DEMO-042,24/09/2008 11:47:00,0,0.018666666666666665,0,random_forest_unweighted
238,SECOM-0238,DEMO-009,17/08/2008 23:04:00,1,0.33326666666666666,1,random_forest_unweighted
1272,SECOM-1272,DEMO-050,03/10/2008 12:31:00,0,0.3866380952380951,1,random_forest_unweighted
442,SECOM-0442,DEMO-017,24/08/2008 02:32:00,0,0.034,0,random_forest_unweighted
424,SECOM-0424,DEMO-016,22/08/2008 19:14:00,1,0.12300000000000001,1,random_forest_unweighted
1493,SECOM-1493,DEMO-059,13/10/2008 22:48:00,0,0.03533333333333333,0,random_forest_unweighted
1282,SECOM-1282,DEMO-051,03/10/2008 22:08:00,0,0.3561714285714285,1,random_forest_unweighted
1377,SECOM-1377,DEMO-055,06/10/2008 20:36:00,0,0.10953398743503272,1,random_forest_balanced
1212,SECOM-1212,DEMO-048,01/10/2008 07:19:00,0,0.07453236767415171,0,random_forest_balanced
907,SECOM-0907,DEMO-036,19/09/2008 09:47:00,0,0.016,0,random_forest_balanced
766,SECOM-0766,DEMO-030,08/09/2008 21:36:00,0,0.06688516379157695,0,random_forest_balanced
600,SECOM-0600,DEMO-024,31/08/2008 02:57:00,0,0.05123063829787234,0,random_forest_balanced
297,SECOM-0297,DEMO-011,19/08/2008 08:33:00,0,0.09165530276498617,1,random_forest_balanced
820,SECOM-0820,DEMO-032,13/09/2008 00:25:00,0,0.057877180646976785,0,random_forest_balanced
500,SECOM-0500,DEMO-020,28/08/2008 23:42:00,0,0.0968794810368483,1,random_forest_balanced
1123,SECOM-1123,DEMO-044,27/09/2008 11:45:00,0,0.04929204528425713,0,random_forest_balanced
1213,SECOM-1213,DEMO-048,01/10/2008 07:28:00,0,0.053600851541737805,0,random_forest_balanced
1543,SECOM-1543,DEMO-061,15/10/2008 23:00:00,0,0.026580854600678192,0,random_forest_balanced
1157,SECOM-1157,DEMO-046,28/09/2008 18:43:00,0,0.08902455598020487,0,random_forest_balanced
108,SECOM-0108,DEMO-004,05/08/2008 04:32:00,0,0.07929619053431905,0,random_forest_balanced
170,SECOM-0170,DEMO-006,09/08/2008 17:34:00,0,0.1897044230706053,1,random_forest_balanced
570,SECOM-0570,DEMO-022,30/08/2008 08:10:00,0,0.06495534822416822,0,random_forest_balanced
1134,SECOM-1134,DEMO-045,27/09/2008 15:30:00,0,0.09221130897651936,1,random_forest_balanced
1448,SECOM-1448,DEMO-057,10/10/2008 12:30:00,0,0.056892863047380296,0,random_forest_balanced
216,SECOM-0216,DEMO-008,16/08/2008 08:39:00,0,0.18031771444516084,1,random_forest_balanced
850,SECOM-0850,DEMO-034,15/09/2008 16:10:00,0,0.022768326047682787,0,random_forest_balanced
1049,SECOM-1049,DEMO-041,24/09/2008 03:40:00,0,0.046993944667255795,0,random_forest_balanced
1477,SECOM-1477,DEMO-059,13/10/2008 14:06:00,0,0.011468936170212767,0,random_forest_balanced
62,SECOM-0062,DEMO-002,31/07/2008 20:18:00,1,0.08002930588439403,0,random_forest_balanced
42,SECOM-0042,DEMO-001,29/07/2008 04:08:00,0,0.08924115174361613,0,random_forest_balanced
628,SECOM-0628,DEMO-025,01/09/2008 09:06:00,0,0.057805302326669694,0,random_forest_balanced
1156,SECOM-1156,DEMO-046,28/09/2008 18:34:00,0,0.082126856323213,0,random_forest_balanced
140,SECOM-0140,DEMO-005,06/08/2008 19:24:00,0,0.11064933664089761,1,random_forest_balanced
866,SECOM-0866,DEMO-034,16/09/2008 19:34:00,0,0.0775100719529442,0,random_forest_balanced
369,SECOM-0369,DEMO-014,21/08/2008 16:36:00,0,0.062145023186588516,0,random_forest_balanced
996,SECOM-0996,DEMO-039,21/09/2008 19:19:00,0,0.07655755197489594,0,random_forest_balanced
258,SECOM-0258,DEMO-010,18/08/2008 11:04:00,0,0.06315626523171707,0,random_forest_balanced
1033,SECOM-1033,DEMO-041,23/09/2008 12:31:00,0,0.06489398740611639,0,random_forest_balanced
355,SECOM-0355,DEMO-014,21/08/2008 12:33:00,0,0.04275990100472625,0,random_forest_balanced
840,SECOM-0840,DEMO-033,14/09/2008 19:13:00,0,0.05160682104471532,0,random_forest_balanced
1394,SECOM-1394,DEMO-055,07/10/2008 10:10:00,0,0.05833293245413256,0,random_forest_balanced
1478,SECOM-1478,DEMO-059,13/10/2008 14:29:00,0,0.019294732467727834,0,random_forest_balanced
1421,SECOM-1421,DEMO-056,08/10/2008 12:11:00,0,0.023218356772760917,0,random_forest_balanced
195,SECOM-0195,DEMO-007,12/08/2008 04:23:00,0,0.10129277127352092,1,random_forest_balanced
455,SECOM-0455,DEMO-018,27/08/2008 17:14:00,0,0.038890212765957444,0,random_forest_balanced
587,SECOM-0587,DEMO-023,30/08/2008 15:16:00,0,0.08700248711860271,0,random_forest_balanced
1092,SECOM-1092,DEMO-043,25/09/2008 23:48:00,0,0.1095915335528136,1,random_forest_balanced
1090,SECOM-1090,DEMO-043,25/09/2008 22:05:00,0,0.05981397522662118,0,random_forest_balanced
65,SECOM-0065,DEMO-002,01/08/2008 10:20:00,0,0.1786968779977849,1,random_forest_balanced
1498,SECOM-1498,DEMO-059,14/10/2008 03:35:00,0,0.04234330108826929,0,random_forest_balanced
220,SECOM-0220,DEMO-008,16/08/2008 14:30:00,0,0.0831931914893617,0,random_forest_balanced
1307,SECOM-1307,DEMO-052,05/10/2008 04:20:00,0,0.10132569873484129,1,random_forest_balanced
537,SECOM-0537,DEMO-021,29/08/2008 14:18:00,0,0.06602984938998697,0,random_forest_balanced
1191,SECOM-1191,DEMO-047,30/09/2008 04:42:00,0,0.1285310591238401,1,random_forest_balanced
234,SECOM-0234,DEMO-009,17/08/2008 15:25:00,0,0.08624389784369015,0,random_forest_balanced
51,SECOM-0051,DEMO-002,29/07/2008 21:07:00,0,0.10122917491413506,1,random_forest_balanced
233,SECOM-0233,DEMO-009,17/08/2008 14:21:00,0,0.1505740008349924,1,random_forest_balanced
572,SECOM-0572,DEMO-022,30/08/2008 08:42:00,0,0.08541375710269879,0,random_forest_balanced
450,SECOM-0450,DEMO-018,27/08/2008 00:46:00,0,0.061885117161896756,0,random_forest_balanced
1048,SECOM-1048,DEMO-041,24/09/2008 03:32:00,0,0.023324391707583197,0,random_forest_balanced
68,SECOM-0068,DEMO-002,01/08/2008 12:29:00,0,0.129819634105099,1,random_forest_balanced
705,SECOM-0705,DEMO-028,02/09/2008 20:59:00,0,0.05052934959279592,0,random_forest_balanced
390,SECOM-0390,DEMO-015,22/08/2008 00:44:00,0,0.04253290162009135,0,random_forest_balanced
1081,SECOM-1081,DEMO-043,25/09/2008 14:08:00,0,0.0644922249627029,0,random_forest_balanced
621,SECOM-0621,DEMO-024,01/09/2008 00:53:00,0,0.046101495226625135,0,random_forest_balanced
190,SECOM-0190,DEMO-007,11/08/2008 03:06:00,0,0.16411066964336526,1,random_forest_balanced
706,SECOM-0706,DEMO-028,03/09/2008 00:18:00,0,0.0509944129669476,0,random_forest_balanced
798,SECOM-0798,DEMO-031,12/09/2008 05:11:00,0,0.06681336992278708,0,random_forest_balanced
1,SECOM-0001,DEMO-000,19/07/2008 12:32:00,0,0.08234171891075422,0,random_forest_balanced
604,SECOM-0604,DEMO-024,31/08/2008 10:36:00,0,0.03929979354706615,0,random_forest_balanced
1437,SECOM-1437,DEMO-057,09/10/2008 00:23:00,0,0.030191424768171653,0,random_forest_balanced
434,SECOM-0434,DEMO-017,23/08/2008 05:57:00,0,0.11758200935416725,1,random_forest_balanced
714,SECOM-0714,DEMO-028,03/09/2008 14:24:00,0,0.039022816358285695,0,random_forest_balanced
914,SECOM-0914,DEMO-036,19/09/2008 16:58:00,1,0.12129312142486212,1,random_forest_balanced
24,SECOM-0024,DEMO-000,27/07/2008 04:18:00,0,0.09850571242505712,1,random_forest_balanced
1432,SECOM-1432,DEMO-057,08/10/2008 21:19:00,0,0.0351931914893617,0,random_forest_balanced
1103,SECOM-1103,DEMO-044,26/09/2008 14:20:00,0,0.054785770071136365,0,random_forest_balanced
837,SECOM-0837,DEMO-033,14/09/2008 17:40:00,0,0.046890212765957444,0,random_forest_balanced
345,SECOM-0345,DEMO-013,21/08/2008 02:11:00,0,0.08952682921084425,0,random_forest_balanced
1122,SECOM-1122,DEMO-044,27/09/2008 11:04:00,0,0.038748012471305715,0,random_forest_balanced
1189,SECOM-1189,DEMO-047,30/09/2008 02:44:00,1,0.03544510638297872,0,random_forest_balanced
903,SECOM-0903,DEMO-036,19/09/2008 07:18:00,0,0.05292037519195939,0,random_forest_balanced
877,SECOM-0877,DEMO-035,18/09/2008 01:43:00,0,0.056537097368219075,0,random_forest_balanced
1529,SECOM-1529,DEMO-061,15/10/2008 10:00:00,0,0.05660852457798047,0,random_forest_balanced
215,SECOM-0215,DEMO-008,16/08/2008 07:33:00,0,0.1309372130182491,1,random_forest_balanced
569,SECOM-0569,DEMO-022,30/08/2008 07:54:00,0,0.0354924090808792,0,random_forest_balanced
1446,SECOM-1446,DEMO-057,10/10/2008 10:46:00,0,0.057921531117627524,0,random_forest_balanced
1057,SECOM-1057,DEMO-042,24/09/2008 10:59:00,0,0.02756234915526951,0,random_forest_balanced
1162,SECOM-1162,DEMO-046,28/09/2008 21:08:00,0,0.07494395262936804,0,random_forest_balanced
96,SECOM-0096,DEMO-003,04/08/2008 20:58:00,1,0.16959497276731864,1,random_forest_balanced
765,SECOM-0765,DEMO-030,08/09/2008 20:00:00,0,0.04350839885564881,0,random_forest_balanced
1038,SECOM-1038,DEMO-041,23/09/2008 15:58:00,0,0.07398149012091736,0,random_forest_balanced
533,SECOM-0533,DEMO-021,29/08/2008 13:14:00,0,0.08199132699957348,0,random_forest_balanced
1563,SECOM-1563,DEMO-062,16/10/2008 20:49:00,0,0.03800234244010937,0,random_forest_balanced
11,SECOM-0011,DEMO-000,19/07/2008 22:52:00,1,0.12468841666438162,1,random_forest_balanced
1254,SECOM-1254,DEMO-050,02/10/2008 21:32:00,1,0.12156126732157142,1,random_forest_balanced
1334,SECOM-1334,DEMO-053,05/10/2008 22:13:00,0,0.09373391710299678,1,random_forest_balanced
1453,SECOM-1453,DEMO-058,10/10/2008 21:07:00,0,0.04632582321626228,0,random_forest_balanced
50,SECOM-0050,DEMO-002,29/07/2008 18:08:00,1,0.12909736569048658,1,random_forest_balanced
399,SECOM-0399,DEMO-015,22/08/2008 03:18:00,0,0.08600963342957792,0,random_forest_balanced
1472,SECOM-1472,DEMO-058,12/10/2008 18:47:00,0,0.02744416566976395,0,random_forest_balanced
693,SECOM-0693,DEMO-027,02/09/2008 16:10:00,0,0.03546212765957446,0,random_forest_balanced
320,SECOM-0320,DEMO-012,20/08/2008 02:13:00,0,0.17301925707390498,1,random_forest_balanced
1385,SECOM-1385,DEMO-055,07/10/2008 03:39:00,0,0.022955604752167375,0,random_forest_balanced
26,SECOM-0026,DEMO-001,27/07/2008 11:10:00,0,0.11550930340051324,1,random_forest_balanced
553,SECOM-0553,DEMO-022,30/08/2008 00:57:00,0,0.007741276595744681,0,random_forest_balanced
712,SECOM-0712,DEMO-028,03/09/2008 06:26:00,0,0.038343915774206504,0,random_forest_balanced
153,SECOM-0153,DEMO-006,07/08/2008 11:10:00,0,0.06991479409989407,0,random_forest_balanced
846,SECOM-0846,DEMO-033,15/09/2008 02:04:00,0,0.11830131129179192,1,random_forest_balanced
1495,SECOM-1495,DEMO-059,14/10/2008 00:35:00,0,0.010821556398664774,0,random_forest_balanced
269,SECOM-0269,DEMO-010,18/08/2008 15:30:00,0,0.06311718703712206,0,random_forest_balanced
909,SECOM-0909,DEMO-036,19/09/2008 11:13:00,0,0.04487288214963004,0,random_forest_balanced
165,SECOM-0165,DEMO-006,09/08/2008 02:37:00,0,0.1432336091310292,1,random_forest_balanced
255,SECOM-0255,DEMO-010,18/08/2008 08:18:00,0,0.056,0,random_forest_balanced
689,SECOM-0689,DEMO-027,02/09/2008 14:09:00,0,0.16410458154328678,1,random_forest_balanced
752,SECOM-0752,DEMO-030,08/09/2008 00:40:00,0,0.12954965300349633,1,random_forest_balanced
209,SECOM-0209,DEMO-008,15/08/2008 20:00:00,0,0.24344062619772,1,random_forest_balanced
1540,SECOM-1540,DEMO-061,15/10/2008 21:44:00,0,0.07440418263844811,0,random_forest_balanced
1328,SECOM-1328,DEMO-053,05/10/2008 16:49:00,1,0.14908396925364223,1,random_forest_balanced
242,SECOM-0242,DEMO-009,18/08/2008 00:20:00,0,0.1820948960593267,1,random_forest_balanced
1486,SECOM-1486,DEMO-059,13/10/2008 19:40:00,0,0.04274883828427707,0,random_forest_balanced
149,SECOM-0149,DEMO-005,07/08/2008 08:21:00,0,0.125224968398707,1,random_forest_balanced
730,SECOM-0730,DEMO-029,04/09/2008 16:30:00,0,0.01539063829787234,0,random_forest_balanced
1411,SECOM-1411,DEMO-056,08/10/2008 04:47:00,0,0.04576694352359713,0,random_forest_balanced
1175,SECOM-1175,DEMO-047,29/09/2008 11:53:00,0,0.12010436640130456,1,random_forest_balanced
1565,SECOM-1565,DEMO-062,17/10/2008 06:01:00,0,0.022859279024503854,0,random_forest_balanced
1034,SECOM-1034,DEMO-041,23/09/2008 12:46:00,0,0.04335337603030673,0,random_forest_balanced
246,SECOM-0246,DEMO-009,18/08/2008 04:35:00,0,0.058311382792465345,0,random_forest_balanced
816,SECOM-0816,DEMO-032,12/09/2008 22:25:00,0,0.03799131737268214,0,random_forest_balanced
817,SECOM-0817,DEMO-032,12/09/2008 22:45:00,0,0.053784361304113966,0,random_forest_balanced
1351,SECOM-1351,DEMO-054,06/10/2008 07:17:00,0,0.04284482971168161,0,random_forest_balanced
792,SECOM-0792,DEMO-031,11/09/2008 15:08:00,0,0.0387696022703043,0,random_forest_balanced
1166,SECOM-1166,DEMO-046,29/09/2008 02:06:00,0,0.08979332114286029,0,random_forest_balanced
893,SECOM-0893,DEMO-035,18/09/2008 23:44:00,0,0.07430528012210147,0,random_forest_balanced
876,SECOM-0876,DEMO-035,18/09/2008 01:40:00,0,0.07452820797123164,0,random_forest_balanced
1003,SECOM-1003,DEMO-040,22/09/2008 01:43:00,0,0.019001526769241186,0,random_forest_balanced
283,SECOM-0283,DEMO-011,19/08/2008 04:58:00,0,0.07714373688817858,0,random_forest_balanced
146,SECOM-0146,DEMO-005,06/08/2008 23:45:00,0,0.06948919360612617,0,random_forest_balanced
1491,SECOM-1491,DEMO-059,13/10/2008 21:47:00,0,0.03342042742666777,0,random_forest_balanced
557,SECOM-0557,DEMO-022,30/08/2008 02:32:00,0,0.05007049836918865,0,random_forest_balanced
232,SECOM-0232,DEMO-009,17/08/2008 13:34:00,0,0.16293425253385155,1,random_forest_balanced
1314,SECOM-1314,DEMO-052,05/10/2008 09:04:00,0,0.054250435332427044,0,random_forest_balanced
58,SECOM-0058,DEMO-002,30/07/2008 21:16:00,1,0.15182880372213067,1,random_forest_balanced
342,SECOM-0342,DEMO-013,20/08/2008 22:45:00,0,0.0742507379139022,0,random_forest_balanced
549,SECOM-0549,DEMO-021,29/08/2008 22:49:00,0,0.0586823908263708,0,random_forest_balanced
116,SECOM-0116,DEMO-004,05/08/2008 07:48:00,0,0.06689902347613162,0,random_forest_balanced
175,SECOM-0175,DEMO-007,09/08/2008 22:37:00,0,0.14037522976080813,1,random_forest_balanced
1361,SECOM-1361,DEMO-054,06/10/2008 12:42:00,0,0.10511792873817448,1,random_forest_balanced
1152,SECOM-1152,DEMO-046,28/09/2008 17:05:00,0,0.0752541785562702,0,random_forest_balanced
435,SECOM-0435,DEMO-017,23/08/2008 05:58:00,0,0.13763897005014228,1,random_forest_balanced
183,SECOM-0183,DEMO-007,10/08/2008 11:16:00,0,0.13921174851483453,1,random_forest_balanced
795,SECOM-0795,DEMO-031,11/09/2008 22:07:00,1,0.03427708680667358,0,random_forest_balanced
1225,SECOM-1225,DEMO-049,02/10/2008 00:21:00,0,0.17477182393565846,1,random_forest_balanced
946,SECOM-0946,DEMO-037,20/09/2008 12:26:00,0,0.03812766461894929,0,random_forest_balanced
1442,SECOM-1442,DEMO-057,09/10/2008 15:04:00,0,0.03516936170212766,0,random_forest_balanced
264,SECOM-0264,DEMO-010,18/08/2008 14:01:00,0,0.08193094480469221,0,random_forest_balanced
1236,SECOM-1236,DEMO-049,02/10/2008 08:52:00,0,0.08126795228422315,0,random_forest_balanced
1229,SECOM-1229,DEMO-049,02/10/2008 04:11:00,0,0.05265456760012717,0,random_forest_balanced
44,SECOM-0044,DEMO-001,29/07/2008 06:19:00,0,0.24610148016689215,1,random_forest_balanced
449,SECOM-0449,DEMO-017,25/08/2008 09:29:00,0,0.07372981120118086,0,random_forest_balanced
1316,SECOM-1316,DEMO-052,05/10/2008 10:00:00,0,0.06930284232019378,0,random_forest_balanced
31,SECOM-0031,DEMO-001,27/07/2008 22:28:00,0,0.09370863771177111,1,random_forest_balanced
1315,SECOM-1315,DEMO-052,05/10/2008 09:47:00,0,0.10674878767244675,1,random_forest_balanced
1005,SECOM-1005,DEMO-040,22/09/2008 06:05:00,0,0.052,0,random_forest_balanced
1424,SECOM-1424,DEMO-056,08/10/2008 14:48:00,0,0.02370382978723404,0,random_forest_balanced
465,SECOM-0465,DEMO-018,28/08/2008 04:54:00,0,0.06072315564017192,0,random_forest_balanced
41,SECOM-0041,DEMO-001,28/07/2008 23:57:00,0,0.09048851063829787,0,random_forest_balanced
1431,SECOM-1431,DEMO-057,08/10/2008 20:27:00,0,0.05535967685876661,0,random_forest_balanced
459,SECOM-0459,DEMO-018,28/08/2008 03:04:00,0,0.06895008381863253,0,random_forest_balanced
130,SECOM-0130,DEMO-005,06/08/2008 03:22:00,0,0.08552869946899949,0,random_forest_balanced
709,SECOM-0709,DEMO-028,03/09/2008 01:15:00,1,0.12316422652208925,1,random_forest_balanced
461,SECOM-0461,DEMO-018,28/08/2008 03:38:00,0,0.07825058318951403,0,random_forest_balanced
104,SECOM-0104,DEMO-004,05/08/2008 02:45:00,0,0.031451914893617025,0,random_forest_balanced
1345,SECOM-1345,DEMO-053,06/10/2008 05:21:00,0,0.08424311534962585,0,random_forest_balanced
1031,SECOM-1031,DEMO-041,23/09/2008 11:43:00,0,0.06590345015724475,0,random_forest_balanced
713,SECOM-0713,DEMO-028,03/09/2008 09:38:00,0,0.038206226811892056,0,random_forest_balanced
652,SECOM-0652,DEMO-026,02/09/2008 02:02:00,0,0.11625985475471286,1,random_forest_balanced
1097,SECOM-1097,DEMO-043,26/09/2008 03:29:00,0,0.05690652931264614,0,random_forest_balanced
1242,SECOM-1242,DEMO-049,02/10/2008 14:10:00,1,0.16090990842164704,1,random_forest_balanced
1439,SECOM-1439,DEMO-057,09/10/2008 06:06:00,0,0.02150836292141615,0,random_forest_balanced
1140,SECOM-1140,DEMO-045,27/09/2008 21:45:00,0,0.0462017698871209,0,random_forest_balanced
1004,SECOM-1004,DEMO-040,22/09/2008 03:51:00,0,0.023741276595744678,0,random_forest_balanced
1552,SECOM-1552,DEMO-062,16/10/2008 04:02:00,0,0.05743962823135757,0,random_forest_balanced
928,SECOM-0928,DEMO-037,19/09/2008 21:14:00,0,0.04243314269278209,0,random_forest_balanced
48,SECOM-0048,DEMO-001,29/07/2008 15:49:00,1,0.07263490408914611,0,random_forest_balanced
527,SECOM-0527,DEMO-021,29/08/2008 08:41:00,0,0.05034467397161847,0,random_forest_balanced
967,SECOM-0967,DEMO-038,20/09/2008 19:21:00,0,0.06182577032083077,0,random_forest_balanced
535,SECOM-0535,DEMO-021,29/08/2008 13:49:00,0,0.13795214541197665,1,random_forest_balanced
828,SECOM-0828,DEMO-033,13/09/2008 14:07:00,0,0.058897093636769336,0,random_forest_balanced
1354,SECOM-1354,DEMO-054,06/10/2008 08:24:00,0,0.0578561721280539,0,random_forest_balanced
726,SECOM-0726,DEMO-029,04/09/2008 11:50:00,0,0.015268085106382978,0,random_forest_balanced
1370,SECOM-1370,DEMO-054,06/10/2008 17:26:00,0,0.054311993469798266,0,random_forest_balanced
1294,SECOM-1294,DEMO-051,04/10/2008 18:15:00,0,0.13883995199074967,1,random_forest_balanced
630,SECOM-0630,DEMO-025,01/09/2008 09:54:00,0,0.051517680131303915,0,random_forest_balanced
268,SECOM-0268,DEMO-010,18/08/2008 15:26:00,0,0.11878693137548696,1,random_forest_balanced
844,SECOM-0844,DEMO-033,14/09/2008 21:31:00,0,0.06887860062108903,0,random_forest_balanced
1204,SECOM-1204,DEMO-048,30/09/2008 21:39:00,0,0.11044595884689393,1,random_forest_balanced
1259,SECOM-1259,DEMO-050,02/10/2008 23:32:00,0,0.05051388171312033,0,random_forest_balanced
366,SECOM-0366,DEMO-014,21/08/2008 15:48:00,0,0.07394691422383932,0,random_forest_balanced
1184,SECOM-1184,DEMO-047,29/09/2008 21:26:00,0,0.061623408233075265,0,random_forest_balanced
1095,SECOM-1095,DEMO-043,26/09/2008 02:26:00,0,0.05909524651385891,0,random_forest_balanced
1528,SECOM-1528,DEMO-061,15/10/2008 09:11:00,0,0.05433352067442794,0,random_forest_balanced
1239,SECOM-1239,DEMO-049,02/10/2008 09:42:00,0,0.10915971515179801,1,random_forest_balanced
397,SECOM-0397,DEMO-015,22/08/2008 02:25:00,0,0.10826492019696383,1,random_forest_balanced
17,SECOM-0017,DEMO-000,22/07/2008 08:41:00,0,0.06104374813251357,0,random_forest_balanced
1205,SECOM-1205,DEMO-048,30/09/2008 21:42:00,0,0.07854091585521833,0,random_forest_balanced
899,SECOM-0899,DEMO-035,19/09/2008 05:57:00,0,0.10835270498615099,1,random_forest_balanced
112,SECOM-0112,DEMO-004,05/08/2008 06:11:00,0,0.1521244217858167,1,random_forest_balanced
530,SECOM-0530,DEMO-021,29/08/2008 12:22:00,0,0.07385166272655634,0,random_forest_balanced
364,SECOM-0364,DEMO-014,21/08/2008 15:06:00,0,0.09083530718619157,1,random_forest_balanced
754,SECOM-0754,DEMO-030,08/09/2008 03:32:00,0,0.0850519131462602,0,random_forest_balanced
1032,SECOM-1032,DEMO-041,23/09/2008 12:29:00,0,0.09414267389149844,1,random_forest_balanced
708,SECOM-0708,DEMO-028,03/09/2008 00:58:00,0,0.0503412203663502,0,random_forest_balanced
1148,SECOM-1148,DEMO-045,28/09/2008 07:52:00,0,0.04832808884091853,0,random_forest_balanced
189,SECOM-0189,DEMO-007,10/08/2008 22:26:00,1,0.1327660230366568,1,random_forest_balanced
460,SECOM-0460,DEMO-018,28/08/2008 03:29:00,0,0.07762983912343713,0,random_forest_balanced
666,SECOM-0666,DEMO-026,02/09/2008 07:22:00,0,0.05810409325665038,0,random_forest_balanced
1367,SECOM-1367,DEMO-054,06/10/2008 15:52:00,0,0.04589465621462596,0,random_forest_balanced
531,SECOM-0531,DEMO-021,29/08/2008 12:37:00,0,0.04206046365193832,0,random_forest_balanced
1027,SECOM-1027,DEMO-041,23/09/2008 08:11:00,0,0.09350311602468152,1,random_forest_balanced
725,SECOM-0725,DEMO-029,04/09/2008 08:53:00,0,0.061123342607224296,0,random_forest_balanced
627,SECOM-0627,DEMO-025,01/09/2008 08:18:00,0,0.06965332333897434,0,random_forest_balanced
868,SECOM-0868,DEMO-034,16/09/2008 21:21:00,0,0.05467433796984685,0,random_forest_balanced
1037,SECOM-1037,DEMO-041,23/09/2008 15:33:00,0,0.054811914893617024,0,random_forest_balanced
21,SECOM-0021,DEMO-000,23/07/2008 05:15:00,0,0.06626450399891541,0,random_forest_balanced
1209,SECOM-1209,DEMO-048,01/10/2008 01:11:00,0,0.06662584039266661,0,random_forest_balanced
1412,SECOM-1412,DEMO-056,08/10/2008 05:35:00,0,0.057322827446170926,0,random_forest_balanced
707,SECOM-0707,DEMO-028,03/09/2008 00:45:00,0,0.05083754003411863,0,random_forest_balanced
959,SECOM-0959,DEMO-038,20/09/2008 16:43:00,0,0.04246732109435119,0,random_forest_balanced
1336,SECOM-1336,DEMO-053,06/10/2008 01:25:00,0,0.0587086370366476,0,random_forest_balanced
154,SECOM-0154,DEMO-006,07/08/2008 11:40:00,1,0.07518848117043814,0,random_forest_balanced
1353,SECOM-1353,DEMO-054,06/10/2008 07:38:00,0,0.05459114240596848,0,random_forest_balanced
1116,SECOM-1116,DEMO-044,27/09/2008 00:16:00,0,0.08624117285504948,0,random_forest_balanced
1231,SECOM-1231,DEMO-049,02/10/2008 04:24:00,0,0.0816909317055082,0,random_forest_balanced
1142,SECOM-1142,DEMO-045,28/09/2008 01:22:00,0,0.05794852397424685,0,random_forest_balanced
23,SECOM-0023,DEMO-000,25/07/2008 15:23:00,1,0.15839821844166924,1,random_forest_balanced
751,SECOM-0751,DEMO-030,08/09/2008 00:32:00,0,0.1124442830833689,1,random_forest_balanced
25,SECOM-0025,DEMO-001,27/07/2008 09:37:00,0,0.08121868122387016,0,random_forest_balanced
1433,SECOM-1433,DEMO-057,08/10/2008 21:45:00,0,0.039119631321274,0,random_forest_balanced
973,SECOM-0973,DEMO-038,21/09/2008 03:47:00,0,0.04276580835999261,0,random_forest_balanced
383,SECOM-0383,DEMO-015,21/08/2008 22:25:00,0,0.07718780211304124,0,random_forest_balanced
811,SECOM-0811,DEMO-032,12/09/2008 18:01:00,0,0.0386681503470545,0,random_forest_balanced
1137,SECOM-1137,DEMO-045,27/09/2008 18:14:00,0,0.05087233477937647,0,random_forest_balanced
571,SECOM-0571,DEMO-022,30/08/2008 08:29:00,0,0.04619467325239018,0,random_forest_balanced
698,SECOM-0698,DEMO-027,02/09/2008 17:18:00,0,0.04273361702127659,0,random_forest_balanced
678,SECOM-0678,DEMO-027,02/09/2008 11:47:00,0,0.07109331435421036,0,random_forest_balanced
989,SECOM-0989,DEMO-039,21/09/2008 15:15:00,0,0.037689759940625504,0,random_forest_balanced
1237,SECOM-1237,DEMO-049,02/10/2008 08:57:00,0,0.07834779553017997,0,random_forest_balanced
1398,SECOM-1398,DEMO-055,07/10/2008 11:36:00,0,0.056952204907367444,0,random_forest_balanced
174,SECOM-0174,DEMO-006,09/08/2008 22:15:00,0,0.10036998515873598,1,random_forest_balanced
1522,SECOM-1522,DEMO-060,15/10/2008 05:13:00,0,0.030708668331025733,0,random_forest_balanced
288,SECOM-0288,DEMO-011,19/08/2008 05:41:00,0,0.06789276844252817,0,random_forest_balanced
1310,SECOM-1310,DEMO-052,05/10/2008 05:53:00,0,0.03094719844896298,0,random_forest_balanced
643,SECOM-0643,DEMO-025,01/09/2008 23:59:00,0,0.068918529694131,0,random_forest_balanced
1482,SECOM-1482,DEMO-059,13/10/2008 15:42:00,0,0.05911077012905903,0,random_forest_balanced
847,SECOM-0847,DEMO-033,15/09/2008 10:03:00,0,0.0912718008264745,1,random_forest_balanced
245,SECOM-0245,DEMO-009,18/08/2008 04:12:00,0,0.09665061869509066,1,random_forest_balanced
219,SECOM-0219,DEMO-008,16/08/2008 13:51:00,0,0.07405255514096927,0,random_forest_balanced
1080,SECOM-1080,DEMO-043,25/09/2008 13:42:00,0,0.05487515238203599,0,random_forest_balanced
545,SECOM-0545,DEMO-021,29/08/2008 21:46:00,0,0.062013118831969076,0,random_forest_balanced
313,SECOM-0313,DEMO-012,19/08/2008 18:30:00,0,0.08031229905070329,0,random_forest_balanced
1219,SECOM-1219,DEMO-048,01/10/2008 16:43:00,0,0.05394288651028334,0,random_forest_balanced
444,SECOM-0444,DEMO-017,24/08/2008 07:12:00,0,0.07830692633490045,0,random_forest_balanced
956,SECOM-0956,DEMO-038,20/09/2008 15:19:00,0,0.0385282382843449,0,random_forest_balanced
296,SECOM-0296,DEMO-011,19/08/2008 08:07:00,0,0.045997366159034665,0,random_forest_balanced
344,SECOM-0344,DEMO-013,20/08/2008 23:43:00,1,0.06669043184493849,0,random_forest_balanced
972,SECOM-0972,DEMO-038,21/09/2008 03:04:00,0,0.031221103670424685,0,random_forest_balanced
720,SECOM-0720,DEMO-028,03/09/2008 20:10:00,0,0.03778717675806511,0,random_forest_balanced
1138,SECOM-1138,DEMO-045,27/09/2008 19:16:00,0,0.06720457695299513,0,random_forest_balanced
563,SECOM-0563,DEMO-022,30/08/2008 04:55:00,0,0.057987654290115445,0,random_forest_balanced
1541,SECOM-1541,DEMO-061,15/10/2008 22:45:00,0,0.022482819640239887,0,random_forest_balanced
1098,SECOM-1098,DEMO-043,26/09/2008 04:14:00,0,0.03800379301136178,0,random_forest_balanced
187,SECOM-0187,DEMO-007,10/08/2008 19:07:00,0,0.16902837036032686,1,random_forest_balanced
786,SECOM-0786,DEMO-031,11/09/2008 12:47:00,0,0.061899574468085104,0,random_forest_balanced
228,SECOM-0228,DEMO-009,17/08/2008 03:46:00,0,0.21368006826209177,1,random_forest_balanced
18,SECOM-0018,DEMO-000,22/07/2008 11:47:00,0,0.07024878808897779,0,random_forest_balanced
674,SECOM-0674,DEMO-026,02/09/2008 10:25:00,0,0.03122042553191489,0,random_forest_balanced
905,SECOM-0905,DEMO-036,19/09/2008 08:52:00,0,0.07023365182028089,0,random_forest_balanced
176,SECOM-0176,DEMO-007,09/08/2008 23:17:00,0,0.07546212765957447,0,random_forest_balanced
352,SECOM-0352,DEMO-014,21/08/2008 11:22:00,0,0.07107288882229548,0,random_forest_balanced
887,SECOM-0887,DEMO-035,18/09/2008 18:12:00,0,0.049696000783776055,0,random_forest_balanced
173,SECOM-0173,DEMO-006,09/08/2008 21:07:00,0,0.09572812825404196,1,random_forest_balanced
1407,SECOM-1407,DEMO-056,07/10/2008 19:24:00,0,0.038649240121580546,0,random_forest_balanced
1352,SECOM-1352,DEMO-054,06/10/2008 07:35:00,0,0.04727673213311512,0,random_forest_balanced
520,SECOM-0520,DEMO-020,29/08/2008 07:18:00,0,0.047259476582149414,0,random_forest_balanced
834,SECOM-0834,DEMO-033,14/09/2008 15:02:00,0,0.10338864870037745,1,random_forest_balanced
464,SECOM-0464,DEMO-018,28/08/2008 04:20:00,0,0.054111800998249505,0,random_forest_balanced
476,SECOM-0476,DEMO-019,28/08/2008 10:28:00,0,0.06592716407227607,0,random_forest_balanced
515,SECOM-0515,DEMO-020,29/08/2008 06:35:00,0,0.12926611155122647,1,random_forest_balanced
953,SECOM-0953,DEMO-038,20/09/2008 14:50:00,0,0.04584323513005489,0,random_forest_balanced
440,SECOM-0440,DEMO-017,23/08/2008 15:10:00,0,0.05064510638297873,0,random_forest_balanced
872,SECOM-0872,DEMO-034,17/09/2008 07:14:00,0,0.04332756113124626,0,random_forest_balanced
392,SECOM-0392,DEMO-015,22/08/2008 01:04:00,1,0.06663802488283968,0,random_forest_balanced
512,SECOM-0512,DEMO-020,29/08/2008 05:54:00,0,0.03487615825002136,0,random_forest_balanced
1456,SECOM-1456,DEMO-058,11/10/2008 06:56:00,0,0.10028869679809126,1,random_forest_balanced
287,SECOM-0287,DEMO-011,19/08/2008 05:40:00,0,0.08519581206452596,0,random_forest_balanced
121,SECOM-0121,DEMO-004,05/08/2008 15:45:00,0,0.14566238738776044,1,random_forest_balanced
1094,SECOM-1094,DEMO-043,26/09/2008 01:21:00,0,0.08898807993147873,0,random_forest_balanced
337,SECOM-0337,DEMO-013,20/08/2008 20:19:00,0,0.0429606126524156,0,random_forest_balanced
1249,SECOM-1249,DEMO-049,02/10/2008 17:00:00,0,0.062393223906118594,0,random_forest_balanced
629,SECOM-0629,DEMO-025,01/09/2008 09:19:00,0,0.05065462971509476,0,random_forest_balanced
1397,SECOM-1397,DEMO-055,07/10/2008 11:16:00,0,0.1323740472874969,1,random_forest_balanced
748,SECOM-0748,DEMO-029,07/09/2008 20:12:00,0,0.03917957446808511,0,random_forest_balanced
1274,SECOM-1274,DEMO-050,03/10/2008 19:23:00,0,0.03893446808510639,0,random_forest_balanced
1106,SECOM-1106,DEMO-044,26/09/2008 15:36:00,0,0.033823610320751235,0,random_forest_balanced
691,SECOM-0691,DEMO-027,02/09/2008 14:34:00,0,0.05024819129218715,0,random_forest_balanced
1537,SECOM-1537,DEMO-061,15/10/2008 18:16:00,0,0.018743506646000656,0,random_forest_balanced
20,SECOM-0020,DEMO-000,22/07/2008 15:30:00,0,0.08090344528253984,0,random_forest_balanced
496,SECOM-0496,DEMO-019,28/08/2008 21:03:00,0,0.054472197326303894,0,random_forest_balanced
325,SECOM-0325,DEMO-013,20/08/2008 07:12:00,0,0.16158634324926782,1,random_forest_balanced
1099,SECOM-1099,DEMO-043,26/09/2008 05:32:00,0,0.035434893617021276,0,random_forest_balanced
502,SECOM-0502,DEMO-020,29/08/2008 01:06:00,0,0.09003255778419547,0,random_forest_balanced
611,SECOM-0611,DEMO-024,31/08/2008 20:24:00,0,0.03564729883394173,0,random_forest_balanced
79,SECOM-0079,DEMO-003,03/08/2008 17:58:00,0,0.08488861559132106,0,random_forest_balanced
582,SECOM-0582,DEMO-023,30/08/2008 11:57:00,0,0.10133473238602453,1,random_forest_balanced
1466,SECOM-1466,DEMO-058,12/10/2008 00:57:00,0,0.015254398325776073,0,random_forest_balanced
776,SECOM-0776,DEMO-031,10/09/2008 21:56:00,0,0.03815457690125215,0,random_forest_balanced
518,SECOM-0518,DEMO-020,29/08/2008 06:45:00,1,0.1349798164324953,1,random_forest_balanced
818,SECOM-0818,DEMO-032,12/09/2008 23:28:00,0,0.031502978723404254,0,random_forest_balanced
954,SECOM-0954,DEMO-038,20/09/2008 14:53:00,0,0.018336416834710646,0,random_forest_balanced
947,SECOM-0947,DEMO-037,20/09/2008 12:27:00,0,0.034851697955778055,0,random_forest_balanced
658,SECOM-0658,DEMO-026,02/09/2008 03:35:00,0,0.03468936170212766,0,random_forest_balanced
939,SECOM-0939,DEMO-037,20/09/2008 05:34:00,0,0.02984262082435204,0,random_forest_balanced
855,SECOM-0855,DEMO-034,15/09/2008 22:45:00,0,0.03751951507836613,0,random_forest_balanced
1360,SECOM-1360,DEMO-054,06/10/2008 12:39:00,0,0.09454027720127699,1,random_forest_balanced
178,SECOM-0178,DEMO-007,10/08/2008 00:09:00,0,0.11358614566089685,1,random_forest_balanced
1129,SECOM-1129,DEMO-045,27/09/2008 13:19:00,0,0.06517346387370365,0,random_forest_balanced
1150,SECOM-1150,DEMO-046,28/09/2008 08:41:00,0,0.042157010123515665,0,random_forest_balanced
1333,SECOM-1333,DEMO-053,05/10/2008 20:30:00,0,0.10620934551707858,1,random_forest_balanced
457,SECOM-0457,DEMO-018,27/08/2008 22:58:00,0,0.13526044058797335,1,random_forest_balanced
1375,SECOM-1375,DEMO-055,06/10/2008 19:42:00,0,0.08529676653971588,0,random_forest_balanced
1070,SECOM-1070,DEMO-042,25/09/2008 02:03:00,0,0.04331910418259459,0,random_forest_balanced
141,SECOM-0141,DEMO-005,06/08/2008 20:00:00,0,0.13731435607394488,1,random_forest_balanced
1268,SECOM-1268,DEMO-050,03/10/2008 06:15:00,0,0.05436696864590174,0,random_forest_balanced
1344,SECOM-1344,DEMO-053,06/10/2008 04:26:00,0,0.039312482269503554,0,random_forest_balanced
1396,SECOM-1396,DEMO-055,07/10/2008 11:15:00,0,0.06019725787301942,0,random_forest_balanced
932,SECOM-0932,DEMO-037,20/09/2008 00:18:00,0,0.03013867333089433,0,random_forest_balanced
1036,SECOM-1036,DEMO-041,23/09/2008 15:23:00,0,0.04274371224781103,0,random_forest_balanced
1366,SECOM-1366,DEMO-054,06/10/2008 15:01:00,0,0.04200333969690675,0,random_forest_balanced
865,SECOM-0865,DEMO-034,16/09/2008 18:23:00,0,0.04524920243043887,0,random_forest_balanced
1479,SECOM-1479,DEMO-059,13/10/2008 14:30:00,0,0.06715914893617021,0,random_forest_balanced
1271,SECOM-1271,DEMO-050,03/10/2008 11:40:00,0,0.1092751991993307,1,random_forest_balanced
579,SECOM-0579,DEMO-023,30/08/2008 11:12:00,0,0.058558041956144107,0,random_forest_balanced
524,SECOM-0524,DEMO-020,29/08/2008 07:33:00,0,0.0471863829787234,0,random_forest_balanced
793,SECOM-0793,DEMO-031,11/09/2008 16:28:00,0,0.07264363875423245,0,random_forest_balanced
862,SECOM-0862,DEMO-034,16/09/2008 09:37:00,0,0.041919507776096855,0,random_forest_balanced
978,SECOM-0978,DEMO-039,21/09/2008 08:22:00,0,0.0268807111351461,0,random_forest_balanced
635,SECOM-0635,DEMO-025,01/09/2008 20:51:00,0,0.0825395744680851,0,random_forest_balanced
912,SECOM-0912,DEMO-036,19/09/2008 15:31:00,0,0.06175653084351519,0,random_forest_balanced
750,SECOM-0750,DEMO-030,07/09/2008 23:33:00,0,0.08810117221195188,0,random_forest_balanced
1441,SECOM-1441,DEMO-057,09/10/2008 14:15:00,0,0.03090115501519757,0,random_forest_balanced
1309,SECOM-1309,DEMO-052,05/10/2008 05:31:00,0,0.09769244836478586,1,random_forest_balanced
306,SECOM-0306,DEMO-012,19/08/2008 11:46:00,0,0.10223503000545554,1,random_forest_balanced
1531,SECOM-1531,DEMO-061,15/10/2008 13:14:00,0,0.034648058412499017,0,random_forest_balanced
769,SECOM-0769,DEMO-030,09/09/2008 00:25:00,0,0.07470638297872341,0,random_forest_balanced
1305,SECOM-1305,DEMO-052,05/10/2008 01:35:00,0,0.13333539010661088,1,random_forest_balanced
1283,SECOM-1283,DEMO-051,03/10/2008 22:53:00,0,0.07694557484247792,0,random_forest_balanced
326,SECOM-0326,DEMO-013,20/08/2008 08:40:00,1,0.1814420405836645,1,random_forest_balanced
458,SECOM-0458,DEMO-018,28/08/2008 03:03:00,0,0.061771343524814636,0,random_forest_balanced
9,SECOM-0009,DEMO-000,19/07/2008 21:35:00,0,0.08129491854402458,0,random_forest_balanced
615,SECOM-0615,DEMO-024,31/08/2008 22:32:00,0,0.03929147739895753,0,random_forest_balanced
1208,SECOM-1208,DEMO-048,01/10/2008 00:20:00,0,0.0627708723276444,0,random_forest_balanced
936,SECOM-0936,DEMO-037,20/09/2008 04:28:00,0,0.023315744680851066,0,random_forest_balanced
1350,SECOM-1350,DEMO-054,06/10/2008 07:12:00,0,0.05122035945902824,0,random_forest_balanced
1222,SECOM-1222,DEMO-048,01/10/2008 21:50:00,0,0.13100170911592146,1,random_forest_balanced
1218,SECOM-1218,DEMO-048,01/10/2008 15:16:00,0,0.13666299779950403,1,random_forest_balanced
1197,SECOM-1197,DEMO-047,30/09/2008 15:16:00,0,0.03396959363673414,0,random_forest_balanced
5,SECOM-0005,DEMO-000,19/07/2008 17:53:00,0,0.17995961329497479,1,random_forest_balanced
307,SECOM-0307,DEMO-012,19/08/2008 11:57:00,0,0.05809991547906256,0,random_forest_balanced
336,SECOM-0336,DEMO-013,20/08/2008 19:20:00,1,0.10920158155221076,1,random_forest_balanced
1052,SECOM-1052,DEMO-042,24/09/2008 06:13:00,0,0.09368198178212496,1,random_forest_balanced
1357,SECOM-1357,DEMO-054,06/10/2008 09:57:00,0,0.07003561979812425,0,random_forest_balanced
1364,SECOM-1364,DEMO-054,06/10/2008 13:55:00,1,0.17990295946332277,1,random_forest_balanced
1382,SECOM-1382,DEMO-055,06/10/2008 23:03:00,0,0.051513191489361704,0,random_forest_balanced
1245,SECOM-1245,DEMO-049,02/10/2008 15:44:00,0,0.0684856964431885,0,random_forest_balanced
640,SECOM-0640,DEMO-025,01/09/2008 23:28:00,0,0.04769361702127659,0,random_forest_balanced
1390,SECOM-1390,DEMO-055,07/10/2008 09:11:00,0,0.030603963634035756,0,random_forest_balanced
576,SECOM-0576,DEMO-023,30/08/2008 09:45:00,1,0.09970389548664332,1,random_forest_balanced
1295,SECOM-1295,DEMO-051,04/10/2008 18:25:00,0,0.05814694446635018,0,random_forest_balanced
550,SECOM-0550,DEMO-022,29/08/2008 22:56:00,0,0.10670618725366568,1,random_forest_balanced
372,SECOM-0372,DEMO-014,21/08/2008 18:04:00,0,0.06663763855016398,0,random_forest_balanced
1499,SECOM-1499,DEMO-059,14/10/2008 13:13:00,0,0.05014382429674841,0,random_forest_balanced
231,SECOM-0231,DEMO-009,17/08/2008 12:16:00,1,0.0551718480773449,0,random_forest_balanced
672,SECOM-0672,DEMO-026,02/09/2008 10:13:00,0,0.04286466104116269,0,random_forest_balanced
1474,SECOM-1474,DEMO-058,13/10/2008 03:53:00,0,0.034324947127808744,0,random_forest_balanced
331,SECOM-0331,DEMO-013,20/08/2008 17:09:00,0,0.08477580834383869,0,random_forest_balanced
1073,SECOM-1073,DEMO-042,25/09/2008 07:58:00,0,0.06511075522226753,0,random_forest_balanced
1525,SECOM-1525,DEMO-061,15/10/2008 07:36:00,0,0.06569221503401619,0,random_forest_balanced
753,SECOM-0753,DEMO-030,08/09/2008 01:24:00,0,0.0386918480773449,0,random_forest_balanced
715,SECOM-0715,DEMO-028,03/09/2008 14:29:00,0,0.031462127659574464,0,random_forest_balanced
1226,SECOM-1226,DEMO-049,02/10/2008 00:22:00,0,0.09401224979308676,1,random_forest_balanced
930,SECOM-0930,DEMO-037,19/09/2008 23:26:00,0,0.04617574939849979,0,random_forest_balanced
1058,SECOM-1058,DEMO-042,24/09/2008 11:47:00,0,0.06644296057935029,0,random_forest_balanced
238,SECOM-0238,DEMO-009,17/08/2008 23:04:00,1,0.3110443559699422,1,random_forest_balanced
1272,SECOM-1272,DEMO-050,03/10/2008 12:31:00,0,0.1796462352181313,1,random_forest_balanced
442,SECOM-0442,DEMO-017,24/08/2008 02:32:00,0,0.05402046921235657,0,random_forest_balanced
424,SECOM-0424,DEMO-016,22/08/2008 19:14:00,1,0.09867207353645767,1,random_forest_balanced
1493,SECOM-1493,DEMO-059,13/10/2008 22:48:00,0,0.02673065514118189,0,random_forest_balanced
1282,SECOM-1282,DEMO-051,03/10/2008 22:08:00,0,0.11749482281880222,1,random_forest_balanced
1377,SECOM-1377,DEMO-055,06/10/2008 20:36:00,0,0.08525809645652771,1,xgboost_unweighted
1212,SECOM-1212,DEMO-048,01/10/2008 07:19:00,0,0.009837418794631958,0,xgboost_unweighted
907,SECOM-0907,DEMO-036,19/09/2008 09:47:00,0,0.0039567057974636555,0,xgboost_unweighted
766,SECOM-0766,DEMO-030,08/09/2008 21:36:00,0,0.02842041291296482,0,xgboost_unweighted
600,SECOM-0600,DEMO-024,31/08/2008 02:57:00,0,0.011555371806025505,0,xgboost_unweighted
297,SECOM-0297,DEMO-011,19/08/2008 08:33:00,0,0.03910302743315697,1,xgboost_unweighted
820,SECOM-0820,DEMO-032,13/09/2008 00:25:00,0,0.015093192458152771,0,xgboost_unweighted
500,SECOM-0500,DEMO-020,28/08/2008 23:42:00,0,0.017146676778793335,0,xgboost_unweighted
1123,SECOM-1123,DEMO-044,27/09/2008 11:45:00,0,0.008079119957983494,0,xgboost_unweighted
1213,SECOM-1213,DEMO-048,01/10/2008 07:28:00,0,0.014278974384069443,0,xgboost_unweighted
1543,SECOM-1543,DEMO-061,15/10/2008 23:00:00,0,0.011027529835700989,0,xgboost_unweighted
1157,SECOM-1157,DEMO-046,28/09/2008 18:43:00,0,0.011913253925740719,0,xgboost_unweighted
108,SECOM-0108,DEMO-004,05/08/2008 04:32:00,0,0.05283288285136223,1,xgboost_unweighted
170,SECOM-0170,DEMO-006,09/08/2008 17:34:00,0,0.16725802421569824,1,xgboost_unweighted
570,SECOM-0570,DEMO-022,30/08/2008 08:10:00,0,0.039793774485588074,1,xgboost_unweighted
1134,SECOM-1134,DEMO-045,27/09/2008 15:30:00,0,0.029616309329867363,0,xgboost_unweighted
1448,SECOM-1448,DEMO-057,10/10/2008 12:30:00,0,0.01836869679391384,0,xgboost_unweighted
216,SECOM-0216,DEMO-008,16/08/2008 08:39:00,0,0.08223382383584976,1,xgboost_unweighted
850,SECOM-0850,DEMO-034,15/09/2008 16:10:00,0,0.010219871997833252,0,xgboost_unweighted
1049,SECOM-1049,DEMO-041,24/09/2008 03:40:00,0,0.025200234726071358,0,xgboost_unweighted
1477,SECOM-1477,DEMO-059,13/10/2008 14:06:00,0,0.0057290405966341496,0,xgboost_unweighted
62,SECOM-0062,DEMO-002,31/07/2008 20:18:00,1,0.022487042471766472,0,xgboost_unweighted
42,SECOM-0042,DEMO-001,29/07/2008 04:08:00,0,0.03458695486187935,1,xgboost_unweighted
628,SECOM-0628,DEMO-025,01/09/2008 09:06:00,0,0.01539720967411995,0,xgboost_unweighted
1156,SECOM-1156,DEMO-046,28/09/2008 18:34:00,0,0.03623285889625549,1,xgboost_unweighted
140,SECOM-0140,DEMO-005,06/08/2008 19:24:00,0,0.01775527372956276,0,xgboost_unweighted
866,SECOM-0866,DEMO-034,16/09/2008 19:34:00,0,0.06977804005146027,1,xgboost_unweighted
369,SECOM-0369,DEMO-014,21/08/2008 16:36:00,0,0.01368190161883831,0,xgboost_unweighted
996,SECOM-0996,DEMO-039,21/09/2008 19:19:00,0,0.008857492357492447,0,xgboost_unweighted
258,SECOM-0258,DEMO-010,18/08/2008 11:04:00,0,0.01459160540252924,0,xgboost_unweighted
1033,SECOM-1033,DEMO-041,23/09/2008 12:31:00,0,0.02169124037027359,0,xgboost_unweighted
355,SECOM-0355,DEMO-014,21/08/2008 12:33:00,0,0.008748352527618408,0,xgboost_unweighted
840,SECOM-0840,DEMO-033,14/09/2008 19:13:00,0,0.02069198153913021,0,xgboost_unweighted
1394,SECOM-1394,DEMO-055,07/10/2008 10:10:00,0,0.01948966644704342,0,xgboost_unweighted
1478,SECOM-1478,DEMO-059,13/10/2008 14:29:00,0,0.003156074555590749,0,xgboost_unweighted
1421,SECOM-1421,DEMO-056,08/10/2008 12:11:00,0,0.005748760886490345,0,xgboost_unweighted
195,SECOM-0195,DEMO-007,12/08/2008 04:23:00,0,0.07767441123723984,1,xgboost_unweighted
455,SECOM-0455,DEMO-018,27/08/2008 17:14:00,0,0.01058217417448759,0,xgboost_unweighted
587,SECOM-0587,DEMO-023,30/08/2008 15:16:00,0,0.02669117972254753,0,xgboost_unweighted
1092,SECOM-1092,DEMO-043,25/09/2008 23:48:00,0,0.05379447340965271,1,xgboost_unweighted
1090,SECOM-1090,DEMO-043,25/09/2008 22:05:00,0,0.03148496150970459,1,xgboost_unweighted
65,SECOM-0065,DEMO-002,01/08/2008 10:20:00,0,0.02260488271713257,0,xgboost_unweighted
1498,SECOM-1498,DEMO-059,14/10/2008 03:35:00,0,0.008145890198647976,0,xgboost_unweighted
220,SECOM-0220,DEMO-008,16/08/2008 14:30:00,0,0.03831017389893532,1,xgboost_unweighted
1307,SECOM-1307,DEMO-052,05/10/2008 04:20:00,0,0.08120562881231308,1,xgboost_unweighted
537,SECOM-0537,DEMO-021,29/08/2008 14:18:00,0,0.014497386291623116,0,xgboost_unweighted
1191,SECOM-1191,DEMO-047,30/09/2008 04:42:00,0,0.06855954974889755,1,xgboost_unweighted
234,SECOM-0234,DEMO-009,17/08/2008 15:25:00,0,0.013577002100646496,0,xgboost_unweighted
51,SECOM-0051,DEMO-002,29/07/2008 21:07:00,0,0.08053258061408997,1,xgboost_unweighted
233,SECOM-0233,DEMO-009,17/08/2008 14:21:00,0,0.032368823885917664,1,xgboost_unweighted
572,SECOM-0572,DEMO-022,30/08/2008 08:42:00,0,0.0198274664580822,0,xgboost_unweighted
450,SECOM-0450,DEMO-018,27/08/2008 00:46:00,0,0.03463920205831528,1,xgboost_unweighted
1048,SECOM-1048,DEMO-041,24/09/2008 03:32:00,0,0.024410061538219452,0,xgboost_unweighted
68,SECOM-0068,DEMO-002,01/08/2008 12:29:00,0,0.01826271042227745,0,xgboost_unweighted
705,SECOM-0705,DEMO-028,02/09/2008 20:59:00,0,0.006344477646052837,0,xgboost_unweighted
390,SECOM-0390,DEMO-015,22/08/2008 00:44:00,0,0.007714119739830494,0,xgboost_unweighted
1081,SECOM-1081,DEMO-043,25/09/2008 14:08:00,0,0.009314333088696003,0,xgboost_unweighted
621,SECOM-0621,DEMO-024,01/09/2008 00:53:00,0,0.006946804467588663,0,xgboost_unweighted
190,SECOM-0190,DEMO-007,11/08/2008 03:06:00,0,0.0613996721804142,1,xgboost_unweighted
706,SECOM-0706,DEMO-028,03/09/2008 00:18:00,0,0.030528299510478973,1,xgboost_unweighted
798,SECOM-0798,DEMO-031,12/09/2008 05:11:00,0,0.015743456780910492,0,xgboost_unweighted
1,SECOM-0001,DEMO-000,19/07/2008 12:32:00,0,0.027530284598469734,0,xgboost_unweighted
604,SECOM-0604,DEMO-024,31/08/2008 10:36:00,0,0.01572807878255844,0,xgboost_unweighted
1437,SECOM-1437,DEMO-057,09/10/2008 00:23:00,0,0.003151636803522706,0,xgboost_unweighted
434,SECOM-0434,DEMO-017,23/08/2008 05:57:00,0,0.06311716139316559,1,xgboost_unweighted
714,SECOM-0714,DEMO-028,03/09/2008 14:24:00,0,0.010356479324400425,0,xgboost_unweighted
914,SECOM-0914,DEMO-036,19/09/2008 16:58:00,1,0.08394093811511993,1,xgboost_unweighted
24,SECOM-0024,DEMO-000,27/07/2008 04:18:00,0,0.09468220174312592,1,xgboost_unweighted
1432,SECOM-1432,DEMO-057,08/10/2008 21:19:00,0,0.002294302685186267,0,xgboost_unweighted
1103,SECOM-1103,DEMO-044,26/09/2008 14:20:00,0,0.035308849066495895,1,xgboost_unweighted
837,SECOM-0837,DEMO-033,14/09/2008 17:40:00,0,0.010595553554594517,0,xgboost_unweighted
345,SECOM-0345,DEMO-013,21/08/2008 02:11:00,0,0.021870752796530724,0,xgboost_unweighted
1122,SECOM-1122,DEMO-044,27/09/2008 11:04:00,0,0.010550817474722862,0,xgboost_unweighted
1189,SECOM-1189,DEMO-047,30/09/2008 02:44:00,1,0.009384239092469215,0,xgboost_unweighted
903,SECOM-0903,DEMO-036,19/09/2008 07:18:00,0,0.015652485191822052,0,xgboost_unweighted
877,SECOM-0877,DEMO-035,18/09/2008 01:43:00,0,0.010187355801463127,0,xgboost_unweighted
1529,SECOM-1529,DEMO-061,15/10/2008 10:00:00,0,0.006831333506852388,0,xgboost_unweighted
215,SECOM-0215,DEMO-008,16/08/2008 07:33:00,0,0.11326061189174652,1,xgboost_unweighted
569,SECOM-0569,DEMO-022,30/08/2008 07:54:00,0,0.03236323967576027,1,xgboost_unweighted
1446,SECOM-1446,DEMO-057,10/10/2008 10:46:00,0,0.014781573787331581,0,xgboost_unweighted
1057,SECOM-1057,DEMO-042,24/09/2008 10:59:00,0,0.006171641405671835,0,xgboost_unweighted
1162,SECOM-1162,DEMO-046,28/09/2008 21:08:00,0,0.03290378302335739,1,xgboost_unweighted
96,SECOM-0096,DEMO-003,04/08/2008 20:58:00,1,0.1710926592350006,1,xgboost_unweighted
765,SECOM-0765,DEMO-030,08/09/2008 20:00:00,0,0.01476963423192501,0,xgboost_unweighted
1038,SECOM-1038,DEMO-041,23/09/2008 15:58:00,0,0.01592949405312538,0,xgboost_unweighted
533,SECOM-0533,DEMO-021,29/08/2008 13:14:00,0,0.01120881550014019,0,xgboost_unweighted
1563,SECOM-1563,DEMO-062,16/10/2008 20:49:00,0,0.008787358179688454,0,xgboost_unweighted
11,SECOM-0011,DEMO-000,19/07/2008 22:52:00,1,0.09445957839488983,1,xgboost_unweighted
1254,SECOM-1254,DEMO-050,02/10/2008 21:32:00,1,0.16298668086528778,1,xgboost_unweighted
1334,SECOM-1334,DEMO-053,05/10/2008 22:13:00,0,0.026112845167517662,0,xgboost_unweighted
1453,SECOM-1453,DEMO-058,10/10/2008 21:07:00,0,0.012659280560910702,0,xgboost_unweighted
50,SECOM-0050,DEMO-002,29/07/2008 18:08:00,1,0.06528838723897934,1,xgboost_unweighted
399,SECOM-0399,DEMO-015,22/08/2008 03:18:00,0,0.012834275141358376,0,xgboost_unweighted
1472,SECOM-1472,DEMO-058,12/10/2008 18:47:00,0,0.01239840779453516,0,xgboost_unweighted
693,SECOM-0693,DEMO-027,02/09/2008 16:10:00,0,0.004300621338188648,0,xgboost_unweighted
320,SECOM-0320,DEMO-012,20/08/2008 02:13:00,0,0.0699889287352562,1,xgboost_unweighted
1385,SECOM-1385,DEMO-055,07/10/2008 03:39:00,0,0.02280522510409355,0,xgboost_unweighted
26,SECOM-0026,DEMO-001,27/07/2008 11:10:00,0,0.05261697992682457,1,xgboost_unweighted
553,SECOM-0553,DEMO-022,30/08/2008 00:57:00,0,0.01130338478833437,0,xgboost_unweighted
712,SECOM-0712,DEMO-028,03/09/2008 06:26:00,0,0.00891911145299673,0,xgboost_unweighted
153,SECOM-0153,DEMO-006,07/08/2008 11:10:00,0,0.05513949692249298,1,xgboost_unweighted
846,SECOM-0846,DEMO-033,15/09/2008 02:04:00,0,0.06842819601297379,1,xgboost_unweighted
1495,SECOM-1495,DEMO-059,14/10/2008 00:35:00,0,0.0032421874348074198,0,xgboost_unweighted
269,SECOM-0269,DEMO-010,18/08/2008 15:30:00,0,0.04224616289138794,1,xgboost_unweighted
909,SECOM-0909,DEMO-036,19/09/2008 11:13:00,0,0.012411253526806831,0,xgboost_unweighted
165,SECOM-0165,DEMO-006,09/08/2008 02:37:00,0,0.024342939257621765,0,xgboost_unweighted
255,SECOM-0255,DEMO-010,18/08/2008 08:18:00,0,0.025569157674908638,0,xgboost_unweighted
689,SECOM-0689,DEMO-027,02/09/2008 14:09:00,0,0.07635651528835297,1,xgboost_unweighted
752,SECOM-0752,DEMO-030,08/09/2008 00:40:00,0,0.04054524376988411,1,xgboost_unweighted
209,SECOM-0209,DEMO-008,15/08/2008 20:00:00,0,0.09856473654508591,1,xgboost_unweighted
1540,SECOM-1540,DEMO-061,15/10/2008 21:44:00,0,0.016296017915010452,0,xgboost_unweighted
1328,SECOM-1328,DEMO-053,05/10/2008 16:49:00,1,0.046556852757930756,1,xgboost_unweighted
242,SECOM-0242,DEMO-009,18/08/2008 00:20:00,0,0.09517981112003326,1,xgboost_unweighted
1486,SECOM-1486,DEMO-059,13/10/2008 19:40:00,0,0.0031584035605192184,0,xgboost_unweighted
149,SECOM-0149,DEMO-005,07/08/2008 08:21:00,0,0.0592024140059948,1,xgboost_unweighted
730,SECOM-0730,DEMO-029,04/09/2008 16:30:00,0,0.0021629927214235067,0,xgboost_unweighted
1411,SECOM-1411,DEMO-056,08/10/2008 04:47:00,0,0.014919406734406948,0,xgboost_unweighted
1175,SECOM-1175,DEMO-047,29/09/2008 11:53:00,0,0.043275248259305954,1,xgboost_unweighted
1565,SECOM-1565,DEMO-062,17/10/2008 06:01:00,0,0.014504757709801197,0,xgboost_unweighted
1034,SECOM-1034,DEMO-041,23/09/2008 12:46:00,0,0.034108035266399384,1,xgboost_unweighted
246,SECOM-0246,DEMO-009,18/08/2008 04:35:00,0,0.016504669561982155,0,xgboost_unweighted
816,SECOM-0816,DEMO-032,12/09/2008 22:25:00,0,0.003486317116767168,0,xgboost_unweighted
817,SECOM-0817,DEMO-032,12/09/2008 22:45:00,0,0.01098570879548788,0,xgboost_unweighted
1351,SECOM-1351,DEMO-054,06/10/2008 07:17:00,0,0.009933412075042725,0,xgboost_unweighted
792,SECOM-0792,DEMO-031,11/09/2008 15:08:00,0,0.007699282374233007,0,xgboost_unweighted
1166,SECOM-1166,DEMO-046,29/09/2008 02:06:00,0,0.022983606904745102,0,xgboost_unweighted
893,SECOM-0893,DEMO-035,18/09/2008 23:44:00,0,0.020015161484479904,0,xgboost_unweighted
876,SECOM-0876,DEMO-035,18/09/2008 01:40:00,0,0.01281902939081192,0,xgboost_unweighted
1003,SECOM-1003,DEMO-040,22/09/2008 01:43:00,0,0.006712009664624929,0,xgboost_unweighted
283,SECOM-0283,DEMO-011,19/08/2008 04:58:00,0,0.021964620798826218,0,xgboost_unweighted
146,SECOM-0146,DEMO-005,06/08/2008 23:45:00,0,0.015785198658704758,0,xgboost_unweighted
1491,SECOM-1491,DEMO-059,13/10/2008 21:47:00,0,0.004219957627356052,0,xgboost_unweighted
557,SECOM-0557,DEMO-022,30/08/2008 02:32:00,0,0.004446798004209995,0,xgboost_unweighted
232,SECOM-0232,DEMO-009,17/08/2008 13:34:00,0,0.09160690009593964,1,xgboost_unweighted
1314,SECOM-1314,DEMO-052,05/10/2008 09:04:00,0,0.00807216763496399,0,xgboost_unweighted
58,SECOM-0058,DEMO-002,30/07/2008 21:16:00,1,0.122467041015625,1,xgboost_unweighted
342,SECOM-0342,DEMO-013,20/08/2008 22:45:00,0,0.045706577599048615,1,xgboost_unweighted
549,SECOM-0549,DEMO-021,29/08/2008 22:49:00,0,0.0065429676324129105,0,xgboost_unweighted
116,SECOM-0116,DEMO-004,05/08/2008 07:48:00,0,0.014984680339694023,0,xgboost_unweighted
175,SECOM-0175,DEMO-007,09/08/2008 22:37:00,0,0.024793339893221855,0,xgboost_unweighted
1361,SECOM-1361,DEMO-054,06/10/2008 12:42:00,0,0.08211281150579453,1,xgboost_unweighted
1152,SECOM-1152,DEMO-046,28/09/2008 17:05:00,0,0.05370178446173668,1,xgboost_unweighted
435,SECOM-0435,DEMO-017,23/08/2008 05:58:00,0,0.037169989198446274,1,xgboost_unweighted
183,SECOM-0183,DEMO-007,10/08/2008 11:16:00,0,0.10110649466514587,1,xgboost_unweighted
795,SECOM-0795,DEMO-031,11/09/2008 22:07:00,1,0.01021750457584858,0,xgboost_unweighted
1225,SECOM-1225,DEMO-049,02/10/2008 00:21:00,0,0.05565460026264191,1,xgboost_unweighted
946,SECOM-0946,DEMO-037,20/09/2008 12:26:00,0,0.013081449083983898,0,xgboost_unweighted
1442,SECOM-1442,DEMO-057,09/10/2008 15:04:00,0,0.0031277507077902555,0,xgboost_unweighted
264,SECOM-0264,DEMO-010,18/08/2008 14:01:00,0,0.04662129282951355,1,xgboost_unweighted
1236,SECOM-1236,DEMO-049,02/10/2008 08:52:00,0,0.03289956972002983,1,xgboost_unweighted
1229,SECOM-1229,DEMO-049,02/10/2008 04:11:00,0,0.020865455269813538,0,xgboost_unweighted
44,SECOM-0044,DEMO-001,29/07/2008 06:19:00,0,0.4556047320365906,1,xgboost_unweighted
449,SECOM-0449,DEMO-017,25/08/2008 09:29:00,0,0.014692502096295357,0,xgboost_unweighted
1316,SECOM-1316,DEMO-052,05/10/2008 10:00:00,0,0.0368790365755558,1,xgboost_unweighted
31,SECOM-0031,DEMO-001,27/07/2008 22:28:00,0,0.046524446457624435,1,xgboost_unweighted
1315,SECOM-1315,DEMO-052,05/10/2008 09:47:00,0,0.04465358331799507,1,xgboost_unweighted
1005,SECOM-1005,DEMO-040,22/09/2008 06:05:00,0,0.023155491799116135,0,xgboost_unweighted
1424,SECOM-1424,DEMO-056,08/10/2008 14:48:00,0,0.011205412447452545,0,xgboost_unweighted
465,SECOM-0465,DEMO-018,28/08/2008 04:54:00,0,0.019543888047337532,0,xgboost_unweighted
41,SECOM-0041,DEMO-001,28/07/2008 23:57:00,0,0.02037643827497959,0,xgboost_unweighted
1431,SECOM-1431,DEMO-057,08/10/2008 20:27:00,0,0.08007107675075531,1,xgboost_unweighted
459,SECOM-0459,DEMO-018,28/08/2008 03:04:00,0,0.03549070656299591,1,xgboost_unweighted
130,SECOM-0130,DEMO-005,06/08/2008 03:22:00,0,0.02533414214849472,0,xgboost_unweighted
709,SECOM-0709,DEMO-028,03/09/2008 01:15:00,1,0.0645519569516182,1,xgboost_unweighted
461,SECOM-0461,DEMO-018,28/08/2008 03:38:00,0,0.006692999973893166,0,xgboost_unweighted
104,SECOM-0104,DEMO-004,05/08/2008 02:45:00,0,0.014376185834407806,0,xgboost_unweighted
1345,SECOM-1345,DEMO-053,06/10/2008 05:21:00,0,0.018745290115475655,0,xgboost_unweighted
1031,SECOM-1031,DEMO-041,23/09/2008 11:43:00,0,0.03645291179418564,1,xgboost_unweighted
713,SECOM-0713,DEMO-028,03/09/2008 09:38:00,0,0.024156926199793816,0,xgboost_unweighted
652,SECOM-0652,DEMO-026,02/09/2008 02:02:00,0,0.047471486032009125,1,xgboost_unweighted
1097,SECOM-1097,DEMO-043,26/09/2008 03:29:00,0,0.018018972128629684,0,xgboost_unweighted
1242,SECOM-1242,DEMO-049,02/10/2008 14:10:00,1,0.17969773709774017,1,xgboost_unweighted
1439,SECOM-1439,DEMO-057,09/10/2008 06:06:00,0,0.006284545641392469,0,xgboost_unweighted
1140,SECOM-1140,DEMO-045,27/09/2008 21:45:00,0,0.015025189146399498,0,xgboost_unweighted
1004,SECOM-1004,DEMO-040,22/09/2008 03:51:00,0,0.007253487594425678,0,xgboost_unweighted
1552,SECOM-1552,DEMO-062,16/10/2008 04:02:00,0,0.008952107280492783,0,xgboost_unweighted
928,SECOM-0928,DEMO-037,19/09/2008 21:14:00,0,0.007238929625600576,0,xgboost_unweighted
48,SECOM-0048,DEMO-001,29/07/2008 15:49:00,1,0.024047302082180977,0,xgboost_unweighted
527,SECOM-0527,DEMO-021,29/08/2008 08:41:00,0,0.016202514991164207,0,xgboost_unweighted
967,SECOM-0967,DEMO-038,20/09/2008 19:21:00,0,0.020615356042981148,0,xgboost_unweighted
535,SECOM-0535,DEMO-021,29/08/2008 13:49:00,0,0.026070673018693924,0,xgboost_unweighted
828,SECOM-0828,DEMO-033,13/09/2008 14:07:00,0,0.012734740972518921,0,xgboost_unweighted
1354,SECOM-1354,DEMO-054,06/10/2008 08:24:00,0,0.017803454771637917,0,xgboost_unweighted
726,SECOM-0726,DEMO-029,04/09/2008 11:50:00,0,0.013507244177162647,0,xgboost_unweighted
1370,SECOM-1370,DEMO-054,06/10/2008 17:26:00,0,0.0085849454626441,0,xgboost_unweighted
1294,SECOM-1294,DEMO-051,04/10/2008 18:15:00,0,0.05854826420545578,1,xgboost_unweighted
630,SECOM-0630,DEMO-025,01/09/2008 09:54:00,0,0.04613533988595009,1,xgboost_unweighted
268,SECOM-0268,DEMO-010,18/08/2008 15:26:00,0,0.033404041081666946,1,xgboost_unweighted
844,SECOM-0844,DEMO-033,14/09/2008 21:31:00,0,0.012709369882941246,0,xgboost_unweighted
1204,SECOM-1204,DEMO-048,30/09/2008 21:39:00,0,0.07282121479511261,1,xgboost_unweighted
1259,SECOM-1259,DEMO-050,02/10/2008 23:32:00,0,0.014767345041036606,0,xgboost_unweighted
366,SECOM-0366,DEMO-014,21/08/2008 15:48:00,0,0.009214958176016808,0,xgboost_unweighted
1184,SECOM-1184,DEMO-047,29/09/2008 21:26:00,0,0.029058201238512993,0,xgboost_unweighted
1095,SECOM-1095,DEMO-043,26/09/2008 02:26:00,0,0.02154374122619629,0,xgboost_unweighted
1528,SECOM-1528,DEMO-061,15/10/2008 09:11:00,0,0.005034070927649736,0,xgboost_unweighted
1239,SECOM-1239,DEMO-049,02/10/2008 09:42:00,0,0.0841788575053215,1,xgboost_unweighted
397,SECOM-0397,DEMO-015,22/08/2008 02:25:00,0,0.0887526422739029,1,xgboost_unweighted
17,SECOM-0017,DEMO-000,22/07/2008 08:41:00,0,0.0072354660369455814,0,xgboost_unweighted
1205,SECOM-1205,DEMO-048,30/09/2008 21:42:00,0,0.022126011550426483,0,xgboost_unweighted
899,SECOM-0899,DEMO-035,19/09/2008 05:57:00,0,0.07054147869348526,1,xgboost_unweighted
112,SECOM-0112,DEMO-004,05/08/2008 06:11:00,0,0.0640585869550705,1,xgboost_unweighted
530,SECOM-0530,DEMO-021,29/08/2008 12:22:00,0,0.01338967401534319,0,xgboost_unweighted
364,SECOM-0364,DEMO-014,21/08/2008 15:06:00,0,0.03831661492586136,1,xgboost_unweighted
754,SECOM-0754,DEMO-030,08/09/2008 03:32:00,0,0.019705969840288162,0,xgboost_unweighted
1032,SECOM-1032,DEMO-041,23/09/2008 12:29:00,0,0.07797233760356903,1,xgboost_unweighted
708,SECOM-0708,DEMO-028,03/09/2008 00:58:00,0,0.01612081192433834,0,xgboost_unweighted
1148,SECOM-1148,DEMO-045,28/09/2008 07:52:00,0,0.002617582678794861,0,xgboost_unweighted
189,SECOM-0189,DEMO-007,10/08/2008 22:26:00,1,0.02883666194975376,0,xgboost_unweighted
460,SECOM-0460,DEMO-018,28/08/2008 03:29:00,0,0.021284092217683792,0,xgboost_unweighted
666,SECOM-0666,DEMO-026,02/09/2008 07:22:00,0,0.011687749065458775,0,xgboost_unweighted
1367,SECOM-1367,DEMO-054,06/10/2008 15:52:00,0,0.022230392321944237,0,xgboost_unweighted
531,SECOM-0531,DEMO-021,29/08/2008 12:37:00,0,0.008978476747870445,0,xgboost_unweighted
1027,SECOM-1027,DEMO-041,23/09/2008 08:11:00,0,0.04163632541894913,1,xgboost_unweighted
725,SECOM-0725,DEMO-029,04/09/2008 08:53:00,0,0.016048450022935867,0,xgboost_unweighted
627,SECOM-0627,DEMO-025,01/09/2008 08:18:00,0,0.011344416067004204,0,xgboost_unweighted
868,SECOM-0868,DEMO-034,16/09/2008 21:21:00,0,0.02887500263750553,0,xgboost_unweighted
1037,SECOM-1037,DEMO-041,23/09/2008 15:33:00,0,0.011804801411926746,0,xgboost_unweighted
21,SECOM-0021,DEMO-000,23/07/2008 05:15:00,0,0.02109500579535961,0,xgboost_unweighted
1209,SECOM-1209,DEMO-048,01/10/2008 01:11:00,0,0.03877590596675873,1,xgboost_unweighted
1412,SECOM-1412,DEMO-056,08/10/2008 05:35:00,0,0.014055576175451279,0,xgboost_unweighted
707,SECOM-0707,DEMO-028,03/09/2008 00:45:00,0,0.011551477946341038,0,xgboost_unweighted
959,SECOM-0959,DEMO-038,20/09/2008 16:43:00,0,0.009948011487722397,0,xgboost_unweighted
1336,SECOM-1336,DEMO-053,06/10/2008 01:25:00,0,0.02236238867044449,0,xgboost_unweighted
154,SECOM-0154,DEMO-006,07/08/2008 11:40:00,1,0.005877381190657616,0,xgboost_unweighted
1353,SECOM-1353,DEMO-054,06/10/2008 07:38:00,0,0.01775703765451908,0,xgboost_unweighted
1116,SECOM-1116,DEMO-044,27/09/2008 00:16:00,0,0.03590565547347069,1,xgboost_unweighted
1231,SECOM-1231,DEMO-049,02/10/2008 04:24:00,0,0.011579944752156734,0,xgboost_unweighted
1142,SECOM-1142,DEMO-045,28/09/2008 01:22:00,0,0.01633705571293831,0,xgboost_unweighted
23,SECOM-0023,DEMO-000,25/07/2008 15:23:00,1,0.12213423103094101,1,xgboost_unweighted
751,SECOM-0751,DEMO-030,08/09/2008 00:32:00,0,0.026250125840306282,0,xgboost_unweighted
25,SECOM-0025,DEMO-001,27/07/2008 09:37:00,0,0.026532605290412903,0,xgboost_unweighted
1433,SECOM-1433,DEMO-057,08/10/2008 21:45:00,0,0.0046514286659657955,0,xgboost_unweighted
973,SECOM-0973,DEMO-038,21/09/2008 03:47:00,0,0.020001959055662155,0,xgboost_unweighted
383,SECOM-0383,DEMO-015,21/08/2008 22:25:00,0,0.014123841188848019,0,xgboost_unweighted
811,SECOM-0811,DEMO-032,12/09/2008 18:01:00,0,0.0025248362217098475,0,xgboost_unweighted
1137,SECOM-1137,DEMO-045,27/09/2008 18:14:00,0,0.10340020805597305,1,xgboost_unweighted
571,SECOM-0571,DEMO-022,30/08/2008 08:29:00,0,0.017025817185640335,0,xgboost_unweighted
698,SECOM-0698,DEMO-027,02/09/2008 17:18:00,0,0.010020923800766468,0,xgboost_unweighted
678,SECOM-0678,DEMO-027,02/09/2008 11:47:00,0,0.019954515621066093,0,xgboost_unweighted
989,SECOM-0989,DEMO-039,21/09/2008 15:15:00,0,0.004853816237300634,0,xgboost_unweighted
1237,SECOM-1237,DEMO-049,02/10/2008 08:57:00,0,0.009244810789823532,0,xgboost_unweighted
1398,SECOM-1398,DEMO-055,07/10/2008 11:36:00,0,0.022983327507972717,0,xgboost_unweighted
174,SECOM-0174,DEMO-006,09/08/2008 22:15:00,0,0.0318838395178318,1,xgboost_unweighted
1522,SECOM-1522,DEMO-060,15/10/2008 05:13:00,0,0.01420317217707634,0,xgboost_unweighted
288,SECOM-0288,DEMO-011,19/08/2008 05:41:00,0,0.11320057511329651,1,xgboost_unweighted
1310,SECOM-1310,DEMO-052,05/10/2008 05:53:00,0,0.007739598397165537,0,xgboost_unweighted
643,SECOM-0643,DEMO-025,01/09/2008 23:59:00,0,0.025783132761716843,0,xgboost_unweighted
1482,SECOM-1482,DEMO-059,13/10/2008 15:42:00,0,0.02385682426393032,0,xgboost_unweighted
847,SECOM-0847,DEMO-033,15/09/2008 10:03:00,0,0.03909629210829735,1,xgboost_unweighted
245,SECOM-0245,DEMO-009,18/08/2008 04:12:00,0,0.19016166031360626,1,xgboost_unweighted
219,SECOM-0219,DEMO-008,16/08/2008 13:51:00,0,0.046088870614767075,1,xgboost_unweighted
1080,SECOM-1080,DEMO-043,25/09/2008 13:42:00,0,0.03361062332987785,1,xgboost_unweighted
545,SECOM-0545,DEMO-021,29/08/2008 21:46:00,0,0.009551379829645157,0,xgboost_unweighted
313,SECOM-0313,DEMO-012,19/08/2008 18:30:00,0,0.018004104495048523,0,xgboost_unweighted
1219,SECOM-1219,DEMO-048,01/10/2008 16:43:00,0,0.021482419222593307,0,xgboost_unweighted
444,SECOM-0444,DEMO-017,24/08/2008 07:12:00,0,0.03228726610541344,1,xgboost_unweighted
956,SECOM-0956,DEMO-038,20/09/2008 15:19:00,0,0.005819407757371664,0,xgboost_unweighted
296,SECOM-0296,DEMO-011,19/08/2008 08:07:00,0,0.009543786756694317,0,xgboost_unweighted
344,SECOM-0344,DEMO-013,20/08/2008 23:43:00,1,0.014149153605103493,0,xgboost_unweighted
972,SECOM-0972,DEMO-038,21/09/2008 03:04:00,0,0.007493769749999046,0,xgboost_unweighted
720,SECOM-0720,DEMO-028,03/09/2008 20:10:00,0,0.007147050928324461,0,xgboost_unweighted
1138,SECOM-1138,DEMO-045,27/09/2008 19:16:00,0,0.028287572786211967,0,xgboost_unweighted
563,SECOM-0563,DEMO-022,30/08/2008 04:55:00,0,0.029402950778603554,0,xgboost_unweighted
1541,SECOM-1541,DEMO-061,15/10/2008 22:45:00,0,0.005566479172557592,0,xgboost_unweighted
1098,SECOM-1098,DEMO-043,26/09/2008 04:14:00,0,0.008866597898304462,0,xgboost_unweighted
187,SECOM-0187,DEMO-007,10/08/2008 19:07:00,0,0.15094441175460815,1,xgboost_unweighted
786,SECOM-0786,DEMO-031,11/09/2008 12:47:00,0,0.034429896622896194,1,xgboost_unweighted
228,SECOM-0228,DEMO-009,17/08/2008 03:46:00,0,0.18784357607364655,1,xgboost_unweighted
18,SECOM-0018,DEMO-000,22/07/2008 11:47:00,0,0.020840320736169815,0,xgboost_unweighted
674,SECOM-0674,DEMO-026,02/09/2008 10:25:00,0,0.01672958955168724,0,xgboost_unweighted
905,SECOM-0905,DEMO-036,19/09/2008 08:52:00,0,0.01734429970383644,0,xgboost_unweighted
176,SECOM-0176,DEMO-007,09/08/2008 23:17:00,0,0.01927444525063038,0,xgboost_unweighted
352,SECOM-0352,DEMO-014,21/08/2008 11:22:00,0,0.012676755897700787,0,xgboost_unweighted
887,SECOM-0887,DEMO-035,18/09/2008 18:12:00,0,0.007638442795723677,0,xgboost_unweighted
173,SECOM-0173,DEMO-006,09/08/2008 21:07:00,0,0.005418772809207439,0,xgboost_unweighted
1407,SECOM-1407,DEMO-056,07/10/2008 19:24:00,0,0.014276551082730293,0,xgboost_unweighted
1352,SECOM-1352,DEMO-054,06/10/2008 07:35:00,0,0.01595873199403286,0,xgboost_unweighted
520,SECOM-0520,DEMO-020,29/08/2008 07:18:00,0,0.019678153097629547,0,xgboost_unweighted
834,SECOM-0834,DEMO-033,14/09/2008 15:02:00,0,0.022668059915304184,0,xgboost_unweighted
464,SECOM-0464,DEMO-018,28/08/2008 04:20:00,0,0.040728602558374405,1,xgboost_unweighted
476,SECOM-0476,DEMO-019,28/08/2008 10:28:00,0,0.023847652599215508,0,xgboost_unweighted
515,SECOM-0515,DEMO-020,29/08/2008 06:35:00,0,0.23522737622261047,1,xgboost_unweighted
953,SECOM-0953,DEMO-038,20/09/2008 14:50:00,0,0.009479831904172897,0,xgboost_unweighted
440,SECOM-0440,DEMO-017,23/08/2008 15:10:00,0,0.003151238663122058,0,xgboost_unweighted
872,SECOM-0872,DEMO-034,17/09/2008 07:14:00,0,0.012252396903932095,0,xgboost_unweighted
392,SECOM-0392,DEMO-015,22/08/2008 01:04:00,1,0.01934758387506008,0,xgboost_unweighted
512,SECOM-0512,DEMO-020,29/08/2008 05:54:00,0,0.010653642006218433,0,xgboost_unweighted
1456,SECOM-1456,DEMO-058,11/10/2008 06:56:00,0,0.020479748025536537,0,xgboost_unweighted
287,SECOM-0287,DEMO-011,19/08/2008 05:40:00,0,0.06917919218540192,1,xgboost_unweighted
121,SECOM-0121,DEMO-004,05/08/2008 15:45:00,0,0.10074999928474426,1,xgboost_unweighted
1094,SECOM-1094,DEMO-043,26/09/2008 01:21:00,0,0.11188233643770218,1,xgboost_unweighted
337,SECOM-0337,DEMO-013,20/08/2008 20:19:00,0,0.009697580710053444,0,xgboost_unweighted
1249,SECOM-1249,DEMO-049,02/10/2008 17:00:00,0,0.07482239603996277,1,xgboost_unweighted
629,SECOM-0629,DEMO-025,01/09/2008 09:19:00,0,0.004474550485610962,0,xgboost_unweighted
1397,SECOM-1397,DEMO-055,07/10/2008 11:16:00,0,0.04326494783163071,1,xgboost_unweighted
748,SECOM-0748,DEMO-029,07/09/2008 20:12:00,0,0.009914943017065525,0,xgboost_unweighted
1274,SECOM-1274,DEMO-050,03/10/2008 19:23:00,0,0.03369965776801109,1,xgboost_unweighted
1106,SECOM-1106,DEMO-044,26/09/2008 15:36:00,0,0.008811438456177711,0,xgboost_unweighted
691,SECOM-0691,DEMO-027,02/09/2008 14:34:00,0,0.012906803749501705,0,xgboost_unweighted
1537,SECOM-1537,DEMO-061,15/10/2008 18:16:00,0,0.0017397890333086252,0,xgboost_unweighted
20,SECOM-0020,DEMO-000,22/07/2008 15:30:00,0,0.035464730113744736,1,xgboost_unweighted
496,SECOM-0496,DEMO-019,28/08/2008 21:03:00,0,0.01665097288787365,0,xgboost_unweighted
325,SECOM-0325,DEMO-013,20/08/2008 07:12:00,0,0.11172390729188919,1,xgboost_unweighted
1099,SECOM-1099,DEMO-043,26/09/2008 05:32:00,0,0.008517401292920113,0,xgboost_unweighted
502,SECOM-0502,DEMO-020,29/08/2008 01:06:00,0,0.06576617062091827,1,xgboost_unweighted
611,SECOM-0611,DEMO-024,31/08/2008 20:24:00,0,0.017365816980600357,0,xgboost_unweighted
79,SECOM-0079,DEMO-003,03/08/2008 17:58:00,0,0.017754102125763893,0,xgboost_unweighted
582,SECOM-0582,DEMO-023,30/08/2008 11:57:00,0,0.06310802698135376,1,xgboost_unweighted
1466,SECOM-1466,DEMO-058,12/10/2008 00:57:00,0,0.0033490352798253298,0,xgboost_unweighted
776,SECOM-0776,DEMO-031,10/09/2008 21:56:00,0,0.019383465871214867,0,xgboost_unweighted
518,SECOM-0518,DEMO-020,29/08/2008 06:45:00,1,0.17118871212005615,1,xgboost_unweighted
818,SECOM-0818,DEMO-032,12/09/2008 23:28:00,0,0.004738329444080591,0,xgboost_unweighted
954,SECOM-0954,DEMO-038,20/09/2008 14:53:00,0,0.009321718476712704,0,xgboost_unweighted
947,SECOM-0947,DEMO-037,20/09/2008 12:27:00,0,0.007063510362058878,0,xgboost_unweighted
658,SECOM-0658,DEMO-026,02/09/2008 03:35:00,0,0.01445588655769825,0,xgboost_unweighted
939,SECOM-0939,DEMO-037,20/09/2008 05:34:00,0,0.012704250402748585,0,xgboost_unweighted
855,SECOM-0855,DEMO-034,15/09/2008 22:45:00,0,0.007696368265897036,0,xgboost_unweighted
1360,SECOM-1360,DEMO-054,06/10/2008 12:39:00,0,0.05376075953245163,1,xgboost_unweighted
178,SECOM-0178,DEMO-007,10/08/2008 00:09:00,0,0.03583985194563866,1,xgboost_unweighted
1129,SECOM-1129,DEMO-045,27/09/2008 13:19:00,0,0.018710190430283546,0,xgboost_unweighted
1150,SECOM-1150,DEMO-046,28/09/2008 08:41:00,0,0.028229529038071632,0,xgboost_unweighted
1333,SECOM-1333,DEMO-053,05/10/2008 20:30:00,0,0.0716010257601738,1,xgboost_unweighted
457,SECOM-0457,DEMO-018,27/08/2008 22:58:00,0,0.2946434020996094,1,xgboost_unweighted
1375,SECOM-1375,DEMO-055,06/10/2008 19:42:00,0,0.03748456761240959,1,xgboost_unweighted
1070,SECOM-1070,DEMO-042,25/09/2008 02:03:00,0,0.03693629801273346,1,xgboost_unweighted
141,SECOM-0141,DEMO-005,06/08/2008 20:00:00,0,0.021567896008491516,0,xgboost_unweighted
1268,SECOM-1268,DEMO-050,03/10/2008 06:15:00,0,0.011321330443024635,0,xgboost_unweighted
1344,SECOM-1344,DEMO-053,06/10/2008 04:26:00,0,0.05776391550898552,1,xgboost_unweighted
1396,SECOM-1396,DEMO-055,07/10/2008 11:15:00,0,0.009448139928281307,0,xgboost_unweighted
932,SECOM-0932,DEMO-037,20/09/2008 00:18:00,0,0.007897228002548218,0,xgboost_unweighted
1036,SECOM-1036,DEMO-041,23/09/2008 15:23:00,0,0.02704596519470215,0,xgboost_unweighted
1366,SECOM-1366,DEMO-054,06/10/2008 15:01:00,0,0.016896463930606842,0,xgboost_unweighted
865,SECOM-0865,DEMO-034,16/09/2008 18:23:00,0,0.008215771988034248,0,xgboost_unweighted
1479,SECOM-1479,DEMO-059,13/10/2008 14:30:00,0,0.013269927352666855,0,xgboost_unweighted
1271,SECOM-1271,DEMO-050,03/10/2008 11:40:00,0,0.12483089417219162,1,xgboost_unweighted
579,SECOM-0579,DEMO-023,30/08/2008 11:12:00,0,0.010586539283394814,0,xgboost_unweighted
524,SECOM-0524,DEMO-020,29/08/2008 07:33:00,0,0.010212663561105728,0,xgboost_unweighted
793,SECOM-0793,DEMO-031,11/09/2008 16:28:00,0,0.029981542378664017,1,xgboost_unweighted
862,SECOM-0862,DEMO-034,16/09/2008 09:37:00,0,0.004530009813606739,0,xgboost_unweighted
978,SECOM-0978,DEMO-039,21/09/2008 08:22:00,0,0.01803940162062645,0,xgboost_unweighted
635,SECOM-0635,DEMO-025,01/09/2008 20:51:00,0,0.030132031068205833,1,xgboost_unweighted
912,SECOM-0912,DEMO-036,19/09/2008 15:31:00,0,0.02026117779314518,0,xgboost_unweighted
750,SECOM-0750,DEMO-030,07/09/2008 23:33:00,0,0.016370344907045364,0,xgboost_unweighted
1441,SECOM-1441,DEMO-057,09/10/2008 14:15:00,0,0.0053972722962498665,0,xgboost_unweighted
1309,SECOM-1309,DEMO-052,05/10/2008 05:31:00,0,0.0444243885576725,1,xgboost_unweighted
306,SECOM-0306,DEMO-012,19/08/2008 11:46:00,0,0.04936728626489639,1,xgboost_unweighted
1531,SECOM-1531,DEMO-061,15/10/2008 13:14:00,0,0.025035813450813293,0,xgboost_unweighted
769,SECOM-0769,DEMO-030,09/09/2008 00:25:00,0,0.0430556945502758,1,xgboost_unweighted
1305,SECOM-1305,DEMO-052,05/10/2008 01:35:00,0,0.048221100121736526,1,xgboost_unweighted
1283,SECOM-1283,DEMO-051,03/10/2008 22:53:00,0,0.026787934824824333,0,xgboost_unweighted
326,SECOM-0326,DEMO-013,20/08/2008 08:40:00,1,0.08522810786962509,1,xgboost_unweighted
458,SECOM-0458,DEMO-018,28/08/2008 03:03:00,0,0.008727449923753738,0,xgboost_unweighted
9,SECOM-0009,DEMO-000,19/07/2008 21:35:00,0,0.101329006254673,1,xgboost_unweighted
615,SECOM-0615,DEMO-024,31/08/2008 22:32:00,0,0.007187092676758766,0,xgboost_unweighted
1208,SECOM-1208,DEMO-048,01/10/2008 00:20:00,0,0.040588926523923874,1,xgboost_unweighted
936,SECOM-0936,DEMO-037,20/09/2008 04:28:00,0,0.014924397692084312,0,xgboost_unweighted
1350,SECOM-1350,DEMO-054,06/10/2008 07:12:00,0,0.017858244478702545,0,xgboost_unweighted
1222,SECOM-1222,DEMO-048,01/10/2008 21:50:00,0,0.04005488380789757,1,xgboost_unweighted
1218,SECOM-1218,DEMO-048,01/10/2008 15:16:00,0,0.06594876199960709,1,xgboost_unweighted
1197,SECOM-1197,DEMO-047,30/09/2008 15:16:00,0,0.00891116913408041,0,xgboost_unweighted
5,SECOM-0005,DEMO-000,19/07/2008 17:53:00,0,0.19852827489376068,1,xgboost_unweighted
307,SECOM-0307,DEMO-012,19/08/2008 11:57:00,0,0.018101712688803673,0,xgboost_unweighted
336,SECOM-0336,DEMO-013,20/08/2008 19:20:00,1,0.1703968644142151,1,xgboost_unweighted
1052,SECOM-1052,DEMO-042,24/09/2008 06:13:00,0,0.01936747319996357,0,xgboost_unweighted
1357,SECOM-1357,DEMO-054,06/10/2008 09:57:00,0,0.020633939653635025,0,xgboost_unweighted
1364,SECOM-1364,DEMO-054,06/10/2008 13:55:00,1,0.21209730207920074,1,xgboost_unweighted
1382,SECOM-1382,DEMO-055,06/10/2008 23:03:00,0,0.015469679608941078,0,xgboost_unweighted
1245,SECOM-1245,DEMO-049,02/10/2008 15:44:00,0,0.03394301235675812,1,xgboost_unweighted
640,SECOM-0640,DEMO-025,01/09/2008 23:28:00,0,0.011380207724869251,0,xgboost_unweighted
1390,SECOM-1390,DEMO-055,07/10/2008 09:11:00,0,0.014402979984879494,0,xgboost_unweighted
576,SECOM-0576,DEMO-023,30/08/2008 09:45:00,1,0.022715836763381958,0,xgboost_unweighted
1295,SECOM-1295,DEMO-051,04/10/2008 18:25:00,0,0.02235792763531208,0,xgboost_unweighted
550,SECOM-0550,DEMO-022,29/08/2008 22:56:00,0,0.038707051426172256,1,xgboost_unweighted
372,SECOM-0372,DEMO-014,21/08/2008 18:04:00,0,0.022722987458109856,0,xgboost_unweighted
1499,SECOM-1499,DEMO-059,14/10/2008 13:13:00,0,0.008529373444616795,0,xgboost_unweighted
231,SECOM-0231,DEMO-009,17/08/2008 12:16:00,1,0.019918987527489662,0,xgboost_unweighted
672,SECOM-0672,DEMO-026,02/09/2008 10:13:00,0,0.006820497568696737,0,xgboost_unweighted
1474,SECOM-1474,DEMO-058,13/10/2008 03:53:00,0,0.011145858094096184,0,xgboost_unweighted
331,SECOM-0331,DEMO-013,20/08/2008 17:09:00,0,0.01653987728059292,0,xgboost_unweighted
1073,SECOM-1073,DEMO-042,25/09/2008 07:58:00,0,0.010504509322345257,0,xgboost_unweighted
1525,SECOM-1525,DEMO-061,15/10/2008 07:36:00,0,0.01824335567653179,0,xgboost_unweighted
753,SECOM-0753,DEMO-030,08/09/2008 01:24:00,0,0.006744525860995054,0,xgboost_unweighted
715,SECOM-0715,DEMO-028,03/09/2008 14:29:00,0,0.018412066623568535,0,xgboost_unweighted
1226,SECOM-1226,DEMO-049,02/10/2008 00:22:00,0,0.06785278767347336,1,xgboost_unweighted
930,SECOM-0930,DEMO-037,19/09/2008 23:26:00,0,0.01119839958846569,0,xgboost_unweighted
1058,SECOM-1058,DEMO-042,24/09/2008 11:47:00,0,0.007775950711220503,0,xgboost_unweighted
238,SECOM-0238,DEMO-009,17/08/2008 23:04:00,1,0.3292675018310547,1,xgboost_unweighted
1272,SECOM-1272,DEMO-050,03/10/2008 12:31:00,0,0.507801353931427,1,xgboost_unweighted
442,SECOM-0442,DEMO-017,24/08/2008 02:32:00,0,0.010391687974333763,0,xgboost_unweighted
424,SECOM-0424,DEMO-016,22/08/2008 19:14:00,1,0.057923685759305954,1,xgboost_unweighted
1493,SECOM-1493,DEMO-059,13/10/2008 22:48:00,0,0.014483487233519554,0,xgboost_unweighted
1282,SECOM-1282,DEMO-051,03/10/2008 22:08:00,0,0.08334826678037643,1,xgboost_unweighted
1377,SECOM-1377,DEMO-055,06/10/2008 20:36:00,0,0.3464231789112091,1,xgboost_balanced
1212,SECOM-1212,DEMO-048,01/10/2008 07:19:00,0,0.041616618633270264,0,xgboost_balanced
907,SECOM-0907,DEMO-036,19/09/2008 09:47:00,0,0.021860396489501,0,xgboost_balanced
766,SECOM-0766,DEMO-030,08/09/2008 21:36:00,0,0.1380937695503235,1,xgboost_balanced
600,SECOM-0600,DEMO-024,31/08/2008 02:57:00,0,0.06456679105758667,0,xgboost_balanced
297,SECOM-0297,DEMO-011,19/08/2008 08:33:00,0,0.11358057707548141,0,xgboost_balanced
820,SECOM-0820,DEMO-032,13/09/2008 00:25:00,0,0.07494286447763443,0,xgboost_balanced
500,SECOM-0500,DEMO-020,28/08/2008 23:42:00,0,0.08433640003204346,0,xgboost_balanced
1123,SECOM-1123,DEMO-044,27/09/2008 11:45:00,0,0.02449313923716545,0,xgboost_balanced
1213,SECOM-1213,DEMO-048,01/10/2008 07:28:00,0,0.04388003423810005,0,xgboost_balanced
1543,SECOM-1543,DEMO-061,15/10/2008 23:00:00,0,0.04674646630883217,0,xgboost_balanced
1157,SECOM-1157,DEMO-046,28/09/2008 18:43:00,0,0.11864497512578964,0,xgboost_balanced
108,SECOM-0108,DEMO-004,05/08/2008 04:32:00,0,0.1392231583595276,1,xgboost_balanced
170,SECOM-0170,DEMO-006,09/08/2008 17:34:00,0,0.5900305509567261,1,xgboost_balanced
570,SECOM-0570,DEMO-022,30/08/2008 08:10:00,0,0.11970100551843643,0,xgboost_balanced
1134,SECOM-1134,DEMO-045,27/09/2008 15:30:00,0,0.17253100872039795,1,xgboost_balanced
1448,SECOM-1448,DEMO-057,10/10/2008 12:30:00,0,0.08091633766889572,0,xgboost_balanced
216,SECOM-0216,DEMO-008,16/08/2008 08:39:00,0,0.24823243916034698,1,xgboost_balanced
850,SECOM-0850,DEMO-034,15/09/2008 16:10:00,0,0.053548675030469894,0,xgboost_balanced
1049,SECOM-1049,DEMO-041,24/09/2008 03:40:00,0,0.09511642158031464,0,xgboost_balanced
1477,SECOM-1477,DEMO-059,13/10/2008 14:06:00,0,0.025708558037877083,0,xgboost_balanced
62,SECOM-0062,DEMO-002,31/07/2008 20:18:00,1,0.11477892845869064,0,xgboost_balanced
42,SECOM-0042,DEMO-001,29/07/2008 04:08:00,0,0.2969569265842438,1,xgboost_balanced
628,SECOM-0628,DEMO-025,01/09/2008 09:06:00,0,0.07406134903430939,0,xgboost_balanced
1156,SECOM-1156,DEMO-046,28/09/2008 18:34:00,0,0.09655937552452087,0,xgboost_balanced
140,SECOM-0140,DEMO-005,06/08/2008 19:24:00,0,0.04848033934831619,0,xgboost_balanced
866,SECOM-0866,DEMO-034,16/09/2008 19:34:00,0,0.2802804112434387,1,xgboost_balanced
369,SECOM-0369,DEMO-014,21/08/2008 16:36:00,0,0.08463218808174133,0,xgboost_balanced
996,SECOM-0996,DEMO-039,21/09/2008 19:19:00,0,0.04721967130899429,0,xgboost_balanced
258,SECOM-0258,DEMO-010,18/08/2008 11:04:00,0,0.06422717869281769,0,xgboost_balanced
1033,SECOM-1033,DEMO-041,23/09/2008 12:31:00,0,0.10374192893505096,0,xgboost_balanced
355,SECOM-0355,DEMO-014,21/08/2008 12:33:00,0,0.07138834148645401,0,xgboost_balanced
840,SECOM-0840,DEMO-033,14/09/2008 19:13:00,0,0.08108969777822495,0,xgboost_balanced
1394,SECOM-1394,DEMO-055,07/10/2008 10:10:00,0,0.061840008944272995,0,xgboost_balanced
1478,SECOM-1478,DEMO-059,13/10/2008 14:29:00,0,0.009240666404366493,0,xgboost_balanced
1421,SECOM-1421,DEMO-056,08/10/2008 12:11:00,0,0.0105374651029706,0,xgboost_balanced
195,SECOM-0195,DEMO-007,12/08/2008 04:23:00,0,0.3243098258972168,1,xgboost_balanced
455,SECOM-0455,DEMO-018,27/08/2008 17:14:00,0,0.08118029683828354,0,xgboost_balanced
587,SECOM-0587,DEMO-023,30/08/2008 15:16:00,0,0.11277813464403152,0,xgboost_balanced
1092,SECOM-1092,DEMO-043,25/09/2008 23:48:00,0,0.349741131067276,1,xgboost_balanced
1090,SECOM-1090,DEMO-043,25/09/2008 22:05:00,0,0.17754477262496948,1,xgboost_balanced
65,SECOM-0065,DEMO-002,01/08/2008 10:20:00,0,0.30129197239875793,1,xgboost_balanced
1498,SECOM-1498,DEMO-059,14/10/2008 03:35:00,0,0.046799808740615845,0,xgboost_balanced
220,SECOM-0220,DEMO-008,16/08/2008 14:30:00,0,0.12502078711986542,0,xgboost_balanced
1307,SECOM-1307,DEMO-052,05/10/2008 04:20:00,0,0.43380001187324524,1,xgboost_balanced
537,SECOM-0537,DEMO-021,29/08/2008 14:18:00,0,0.10543350875377655,0,xgboost_balanced
1191,SECOM-1191,DEMO-047,30/09/2008 04:42:00,0,0.38611480593681335,1,xgboost_balanced
234,SECOM-0234,DEMO-009,17/08/2008 15:25:00,0,0.18677496910095215,1,xgboost_balanced
51,SECOM-0051,DEMO-002,29/07/2008 21:07:00,0,0.37248221039772034,1,xgboost_balanced
233,SECOM-0233,DEMO-009,17/08/2008 14:21:00,0,0.12389209866523743,0,xgboost_balanced
572,SECOM-0572,DEMO-022,30/08/2008 08:42:00,0,0.18276983499526978,1,xgboost_balanced
450,SECOM-0450,DEMO-018,27/08/2008 00:46:00,0,0.05572256073355675,0,xgboost_balanced
1048,SECOM-1048,DEMO-041,24/09/2008 03:32:00,0,0.11376628279685974,0,xgboost_balanced
68,SECOM-0068,DEMO-002,01/08/2008 12:29:00,0,0.12601244449615479,0,xgboost_balanced
705,SECOM-0705,DEMO-028,02/09/2008 20:59:00,0,0.025750603526830673,0,xgboost_balanced
390,SECOM-0390,DEMO-015,22/08/2008 00:44:00,0,0.018349939957261086,0,xgboost_balanced
1081,SECOM-1081,DEMO-043,25/09/2008 14:08:00,0,0.026389574632048607,0,xgboost_balanced
621,SECOM-0621,DEMO-024,01/09/2008 00:53:00,0,0.022252770140767097,0,xgboost_balanced
190,SECOM-0190,DEMO-007,11/08/2008 03:06:00,0,0.4439522922039032,1,xgboost_balanced
706,SECOM-0706,DEMO-028,03/09/2008 00:18:00,0,0.04430846497416496,0,xgboost_balanced
798,SECOM-0798,DEMO-031,12/09/2008 05:11:00,0,0.11368218064308167,0,xgboost_balanced
1,SECOM-0001,DEMO-000,19/07/2008 12:32:00,0,0.13460668921470642,1,xgboost_balanced
604,SECOM-0604,DEMO-024,31/08/2008 10:36:00,0,0.039923202246427536,0,xgboost_balanced
1437,SECOM-1437,DEMO-057,09/10/2008 00:23:00,0,0.008332956582307816,0,xgboost_balanced
434,SECOM-0434,DEMO-017,23/08/2008 05:57:00,0,0.2931201159954071,1,xgboost_balanced
714,SECOM-0714,DEMO-028,03/09/2008 14:24:00,0,0.061329130083322525,0,xgboost_balanced
914,SECOM-0914,DEMO-036,19/09/2008 16:58:00,1,0.32536599040031433,1,xgboost_balanced
24,SECOM-0024,DEMO-000,27/07/2008 04:18:00,0,0.25035151839256287,1,xgboost_balanced
1432,SECOM-1432,DEMO-057,08/10/2008 21:19:00,0,0.014372996985912323,0,xgboost_balanced
1103,SECOM-1103,DEMO-044,26/09/2008 14:20:00,0,0.18262650072574615,1,xgboost_balanced
837,SECOM-0837,DEMO-033,14/09/2008 17:40:00,0,0.030889788642525673,0,xgboost_balanced
345,SECOM-0345,DEMO-013,21/08/2008 02:11:00,0,0.13897472620010376,1,xgboost_balanced
1122,SECOM-1122,DEMO-044,27/09/2008 11:04:00,0,0.07284486293792725,0,xgboost_balanced
1189,SECOM-1189,DEMO-047,30/09/2008 02:44:00,1,0.03165527433156967,0,xgboost_balanced
903,SECOM-0903,DEMO-036,19/09/2008 07:18:00,0,0.04242228716611862,0,xgboost_balanced
877,SECOM-0877,DEMO-035,18/09/2008 01:43:00,0,0.19292794167995453,1,xgboost_balanced
1529,SECOM-1529,DEMO-061,15/10/2008 10:00:00,0,0.01880118064582348,0,xgboost_balanced
215,SECOM-0215,DEMO-008,16/08/2008 07:33:00,0,0.3732902705669403,1,xgboost_balanced
569,SECOM-0569,DEMO-022,30/08/2008 07:54:00,0,0.06833316385746002,0,xgboost_balanced
1446,SECOM-1446,DEMO-057,10/10/2008 10:46:00,0,0.06080981716513634,0,xgboost_balanced
1057,SECOM-1057,DEMO-042,24/09/2008 10:59:00,0,0.04394574835896492,0,xgboost_balanced
1162,SECOM-1162,DEMO-046,28/09/2008 21:08:00,0,0.18447168171405792,1,xgboost_balanced
96,SECOM-0096,DEMO-003,04/08/2008 20:58:00,1,0.44163453578948975,1,xgboost_balanced
765,SECOM-0765,DEMO-030,08/09/2008 20:00:00,0,0.04287102445960045,0,xgboost_balanced
1038,SECOM-1038,DEMO-041,23/09/2008 15:58:00,0,0.1126868724822998,0,xgboost_balanced
533,SECOM-0533,DEMO-021,29/08/2008 13:14:00,0,0.03302806615829468,0,xgboost_balanced
1563,SECOM-1563,DEMO-062,16/10/2008 20:49:00,0,0.017068158835172653,0,xgboost_balanced
11,SECOM-0011,DEMO-000,19/07/2008 22:52:00,1,0.47770920395851135,1,xgboost_balanced
1254,SECOM-1254,DEMO-050,02/10/2008 21:32:00,1,0.3063430190086365,1,xgboost_balanced
1334,SECOM-1334,DEMO-053,05/10/2008 22:13:00,0,0.13366244733333588,1,xgboost_balanced
1453,SECOM-1453,DEMO-058,10/10/2008 21:07:00,0,0.04169623553752899,0,xgboost_balanced
50,SECOM-0050,DEMO-002,29/07/2008 18:08:00,1,0.3873191773891449,1,xgboost_balanced
399,SECOM-0399,DEMO-015,22/08/2008 03:18:00,0,0.05144592374563217,0,xgboost_balanced
1472,SECOM-1472,DEMO-058,12/10/2008 18:47:00,0,0.019024446606636047,0,xgboost_balanced
693,SECOM-0693,DEMO-027,02/09/2008 16:10:00,0,0.03285602852702141,0,xgboost_balanced
320,SECOM-0320,DEMO-012,20/08/2008 02:13:00,0,0.3258947730064392,1,xgboost_balanced
1385,SECOM-1385,DEMO-055,07/10/2008 03:39:00,0,0.08999089151620865,0,xgboost_balanced
26,SECOM-0026,DEMO-001,27/07/2008 11:10:00,0,0.19760730862617493,1,xgboost_balanced
553,SECOM-0553,DEMO-022,30/08/2008 00:57:00,0,0.06078556925058365,0,xgboost_balanced
712,SECOM-0712,DEMO-028,03/09/2008 06:26:00,0,0.040675774216651917,0,xgboost_balanced
153,SECOM-0153,DEMO-006,07/08/2008 11:10:00,0,0.1809161901473999,1,xgboost_balanced
846,SECOM-0846,DEMO-033,15/09/2008 02:04:00,0,0.1947694718837738,1,xgboost_balanced
1495,SECOM-1495,DEMO-059,14/10/2008 00:35:00,0,0.016078241169452667,0,xgboost_balanced
269,SECOM-0269,DEMO-010,18/08/2008 15:30:00,0,0.12101048976182938,0,xgboost_balanced
909,SECOM-0909,DEMO-036,19/09/2008 11:13:00,0,0.1341516673564911,1,xgboost_balanced
165,SECOM-0165,DEMO-006,09/08/2008 02:37:00,0,0.2426672875881195,1,xgboost_balanced
255,SECOM-0255,DEMO-010,18/08/2008 08:18:00,0,0.13438890874385834,1,xgboost_balanced
689,SECOM-0689,DEMO-027,02/09/2008 14:09:00,0,0.45499706268310547,1,xgboost_balanced
752,SECOM-0752,DEMO-030,08/09/2008 00:40:00,0,0.31229764223098755,1,xgboost_balanced
209,SECOM-0209,DEMO-008,15/08/2008 20:00:00,0,0.5064297914505005,1,xgboost_balanced
1540,SECOM-1540,DEMO-061,15/10/2008 21:44:00,0,0.03230813890695572,0,xgboost_balanced
1328,SECOM-1328,DEMO-053,05/10/2008 16:49:00,1,0.33123356103897095,1,xgboost_balanced
242,SECOM-0242,DEMO-009,18/08/2008 00:20:00,0,0.5632991194725037,1,xgboost_balanced
1486,SECOM-1486,DEMO-059,13/10/2008 19:40:00,0,0.021984180435538292,0,xgboost_balanced
149,SECOM-0149,DEMO-005,07/08/2008 08:21:00,0,0.2516009509563446,1,xgboost_balanced
730,SECOM-0730,DEMO-029,04/09/2008 16:30:00,0,0.011157652363181114,0,xgboost_balanced
1411,SECOM-1411,DEMO-056,08/10/2008 04:47:00,0,0.06644587218761444,0,xgboost_balanced
1175,SECOM-1175,DEMO-047,29/09/2008 11:53:00,0,0.2277873009443283,1,xgboost_balanced
1565,SECOM-1565,DEMO-062,17/10/2008 06:01:00,0,0.051387421786785126,0,xgboost_balanced
1034,SECOM-1034,DEMO-041,23/09/2008 12:46:00,0,0.12091906368732452,0,xgboost_balanced
246,SECOM-0246,DEMO-009,18/08/2008 04:35:00,0,0.07094168663024902,0,xgboost_balanced
816,SECOM-0816,DEMO-032,12/09/2008 22:25:00,0,0.020807089284062386,0,xgboost_balanced
817,SECOM-0817,DEMO-032,12/09/2008 22:45:00,0,0.032162316143512726,0,xgboost_balanced
1351,SECOM-1351,DEMO-054,06/10/2008 07:17:00,0,0.024878650903701782,0,xgboost_balanced
792,SECOM-0792,DEMO-031,11/09/2008 15:08:00,0,0.041117288172245026,0,xgboost_balanced
1166,SECOM-1166,DEMO-046,29/09/2008 02:06:00,0,0.16347666084766388,1,xgboost_balanced
893,SECOM-0893,DEMO-035,18/09/2008 23:44:00,0,0.12531302869319916,0,xgboost_balanced
876,SECOM-0876,DEMO-035,18/09/2008 01:40:00,0,0.0869453102350235,0,xgboost_balanced
1003,SECOM-1003,DEMO-040,22/09/2008 01:43:00,0,0.02247449941933155,0,xgboost_balanced
283,SECOM-0283,DEMO-011,19/08/2008 04:58:00,0,0.09865061938762665,0,xgboost_balanced
146,SECOM-0146,DEMO-005,06/08/2008 23:45:00,0,0.05575679987668991,0,xgboost_balanced
1491,SECOM-1491,DEMO-059,13/10/2008 21:47:00,0,0.019071213901042938,0,xgboost_balanced
557,SECOM-0557,DEMO-022,30/08/2008 02:32:00,0,0.017830373719334602,0,xgboost_balanced
232,SECOM-0232,DEMO-009,17/08/2008 13:34:00,0,0.09630632400512695,0,xgboost_balanced
1314,SECOM-1314,DEMO-052,05/10/2008 09:04:00,0,0.057518959045410156,0,xgboost_balanced
58,SECOM-0058,DEMO-002,30/07/2008 21:16:00,1,0.2829027771949768,1,xgboost_balanced
342,SECOM-0342,DEMO-013,20/08/2008 22:45:00,0,0.2908926010131836,1,xgboost_balanced
549,SECOM-0549,DEMO-021,29/08/2008 22:49:00,0,0.05822029337286949,0,xgboost_balanced
116,SECOM-0116,DEMO-004,05/08/2008 07:48:00,0,0.07358230650424957,0,xgboost_balanced
175,SECOM-0175,DEMO-007,09/08/2008 22:37:00,0,0.1058528795838356,0,xgboost_balanced
1361,SECOM-1361,DEMO-054,06/10/2008 12:42:00,0,0.2646031081676483,1,xgboost_balanced
1152,SECOM-1152,DEMO-046,28/09/2008 17:05:00,0,0.38411852717399597,1,xgboost_balanced
435,SECOM-0435,DEMO-017,23/08/2008 05:58:00,0,0.11430365592241287,0,xgboost_balanced
183,SECOM-0183,DEMO-007,10/08/2008 11:16:00,0,0.5150989890098572,1,xgboost_balanced
795,SECOM-0795,DEMO-031,11/09/2008 22:07:00,1,0.06439916044473648,0,xgboost_balanced
1225,SECOM-1225,DEMO-049,02/10/2008 00:21:00,0,0.27664846181869507,1,xgboost_balanced
946,SECOM-0946,DEMO-037,20/09/2008 12:26:00,0,0.03282425180077553,0,xgboost_balanced
1442,SECOM-1442,DEMO-057,09/10/2008 15:04:00,0,0.009415253065526485,0,xgboost_balanced
264,SECOM-0264,DEMO-010,18/08/2008 14:01:00,0,0.15340377390384674,1,xgboost_balanced
1236,SECOM-1236,DEMO-049,02/10/2008 08:52:00,0,0.09292098879814148,0,xgboost_balanced
1229,SECOM-1229,DEMO-049,02/10/2008 04:11:00,0,0.0628642663359642,0,xgboost_balanced
44,SECOM-0044,DEMO-001,29/07/2008 06:19:00,0,0.7497717142105103,1,xgboost_balanced
449,SECOM-0449,DEMO-017,25/08/2008 09:29:00,0,0.19760748744010925,1,xgboost_balanced
1316,SECOM-1316,DEMO-052,05/10/2008 10:00:00,0,0.14335723221302032,1,xgboost_balanced
31,SECOM-0031,DEMO-001,27/07/2008 22:28:00,0,0.08727693557739258,0,xgboost_balanced
1315,SECOM-1315,DEMO-052,05/10/2008 09:47:00,0,0.2010502964258194,1,xgboost_balanced
1005,SECOM-1005,DEMO-040,22/09/2008 06:05:00,0,0.1307857483625412,1,xgboost_balanced
1424,SECOM-1424,DEMO-056,08/10/2008 14:48:00,0,0.06931367516517639,0,xgboost_balanced
465,SECOM-0465,DEMO-018,28/08/2008 04:54:00,0,0.07098899781703949,0,xgboost_balanced
41,SECOM-0041,DEMO-001,28/07/2008 23:57:00,0,0.14612630009651184,1,xgboost_balanced
1431,SECOM-1431,DEMO-057,08/10/2008 20:27:00,0,0.3368125259876251,1,xgboost_balanced
459,SECOM-0459,DEMO-018,28/08/2008 03:04:00,0,0.15494592487812042,1,xgboost_balanced
130,SECOM-0130,DEMO-005,06/08/2008 03:22:00,0,0.0910089984536171,0,xgboost_balanced
709,SECOM-0709,DEMO-028,03/09/2008 01:15:00,1,0.3031025230884552,1,xgboost_balanced
461,SECOM-0461,DEMO-018,28/08/2008 03:38:00,0,0.04180047661066055,0,xgboost_balanced
104,SECOM-0104,DEMO-004,05/08/2008 02:45:00,0,0.05383915826678276,0,xgboost_balanced
1345,SECOM-1345,DEMO-053,06/10/2008 05:21:00,0,0.0738573670387268,0,xgboost_balanced
1031,SECOM-1031,DEMO-041,23/09/2008 11:43:00,0,0.15497489273548126,1,xgboost_balanced
713,SECOM-0713,DEMO-028,03/09/2008 09:38:00,0,0.1332234889268875,1,xgboost_balanced
652,SECOM-0652,DEMO-026,02/09/2008 02:02:00,0,0.2420290857553482,1,xgboost_balanced
1097,SECOM-1097,DEMO-043,26/09/2008 03:29:00,0,0.06044037640094757,0,xgboost_balanced
1242,SECOM-1242,DEMO-049,02/10/2008 14:10:00,1,0.279721200466156,1,xgboost_balanced
1439,SECOM-1439,DEMO-057,09/10/2008 06:06:00,0,0.022310759872198105,0,xgboost_balanced
1140,SECOM-1140,DEMO-045,27/09/2008 21:45:00,0,0.05716344714164734,0,xgboost_balanced
1004,SECOM-1004,DEMO-040,22/09/2008 03:51:00,0,0.024563077837228775,0,xgboost_balanced
1552,SECOM-1552,DEMO-062,16/10/2008 04:02:00,0,0.010622279718518257,0,xgboost_balanced
928,SECOM-0928,DEMO-037,19/09/2008 21:14:00,0,0.03822650760412216,0,xgboost_balanced
48,SECOM-0048,DEMO-001,29/07/2008 15:49:00,1,0.09341403841972351,0,xgboost_balanced
527,SECOM-0527,DEMO-021,29/08/2008 08:41:00,0,0.0846099779009819,0,xgboost_balanced
967,SECOM-0967,DEMO-038,20/09/2008 19:21:00,0,0.07419790327548981,0,xgboost_balanced
535,SECOM-0535,DEMO-021,29/08/2008 13:49:00,0,0.29378512501716614,1,xgboost_balanced
828,SECOM-0828,DEMO-033,13/09/2008 14:07:00,0,0.0725136250257492,0,xgboost_balanced
1354,SECOM-1354,DEMO-054,06/10/2008 08:24:00,0,0.05673995986580849,0,xgboost_balanced
726,SECOM-0726,DEMO-029,04/09/2008 11:50:00,0,0.040790725499391556,0,xgboost_balanced
1370,SECOM-1370,DEMO-054,06/10/2008 17:26:00,0,0.07988432794809341,0,xgboost_balanced
1294,SECOM-1294,DEMO-051,04/10/2008 18:15:00,0,0.14319325983524323,1,xgboost_balanced
630,SECOM-0630,DEMO-025,01/09/2008 09:54:00,0,0.19522635638713837,1,xgboost_balanced
268,SECOM-0268,DEMO-010,18/08/2008 15:26:00,0,0.18696023523807526,1,xgboost_balanced
844,SECOM-0844,DEMO-033,14/09/2008 21:31:00,0,0.1312425136566162,1,xgboost_balanced
1204,SECOM-1204,DEMO-048,30/09/2008 21:39:00,0,0.3197932839393616,1,xgboost_balanced
1259,SECOM-1259,DEMO-050,02/10/2008 23:32:00,0,0.046574074774980545,0,xgboost_balanced
366,SECOM-0366,DEMO-014,21/08/2008 15:48:00,0,0.10818101465702057,0,xgboost_balanced
1184,SECOM-1184,DEMO-047,29/09/2008 21:26:00,0,0.23002977669239044,1,xgboost_balanced
1095,SECOM-1095,DEMO-043,26/09/2008 02:26:00,0,0.12478980422019958,0,xgboost_balanced
1528,SECOM-1528,DEMO-061,15/10/2008 09:11:00,0,0.017295848578214645,0,xgboost_balanced
1239,SECOM-1239,DEMO-049,02/10/2008 09:42:00,0,0.40184521675109863,1,xgboost_balanced
397,SECOM-0397,DEMO-015,22/08/2008 02:25:00,0,0.4782693386077881,1,xgboost_balanced
17,SECOM-0017,DEMO-000,22/07/2008 08:41:00,0,0.1078835278749466,0,xgboost_balanced
1205,SECOM-1205,DEMO-048,30/09/2008 21:42:00,0,0.059451427310705185,0,xgboost_balanced
899,SECOM-0899,DEMO-035,19/09/2008 05:57:00,0,0.3501879572868347,1,xgboost_balanced
112,SECOM-0112,DEMO-004,05/08/2008 06:11:00,0,0.2608049511909485,1,xgboost_balanced
530,SECOM-0530,DEMO-021,29/08/2008 12:22:00,0,0.060048773884773254,0,xgboost_balanced
364,SECOM-0364,DEMO-014,21/08/2008 15:06:00,0,0.2719082534313202,1,xgboost_balanced
754,SECOM-0754,DEMO-030,08/09/2008 03:32:00,0,0.08033885061740875,0,xgboost_balanced
1032,SECOM-1032,DEMO-041,23/09/2008 12:29:00,0,0.2322482317686081,1,xgboost_balanced
708,SECOM-0708,DEMO-028,03/09/2008 00:58:00,0,0.12087155878543854,0,xgboost_balanced
1148,SECOM-1148,DEMO-045,28/09/2008 07:52:00,0,0.013907824642956257,0,xgboost_balanced
189,SECOM-0189,DEMO-007,10/08/2008 22:26:00,1,0.18254342675209045,1,xgboost_balanced
460,SECOM-0460,DEMO-018,28/08/2008 03:29:00,0,0.11278146505355835,0,xgboost_balanced
666,SECOM-0666,DEMO-026,02/09/2008 07:22:00,0,0.13595223426818848,1,xgboost_balanced
1367,SECOM-1367,DEMO-054,06/10/2008 15:52:00,0,0.1094466969370842,0,xgboost_balanced
531,SECOM-0531,DEMO-021,29/08/2008 12:37:00,0,0.059137407690286636,0,xgboost_balanced
1027,SECOM-1027,DEMO-041,23/09/2008 08:11:00,0,0.2757481038570404,1,xgboost_balanced
725,SECOM-0725,DEMO-029,04/09/2008 08:53:00,0,0.07902437448501587,0,xgboost_balanced
627,SECOM-0627,DEMO-025,01/09/2008 08:18:00,0,0.14862185716629028,1,xgboost_balanced
868,SECOM-0868,DEMO-034,16/09/2008 21:21:00,0,0.21873819828033447,1,xgboost_balanced
1037,SECOM-1037,DEMO-041,23/09/2008 15:33:00,0,0.0825977772474289,0,xgboost_balanced
21,SECOM-0021,DEMO-000,23/07/2008 05:15:00,0,0.10707114636898041,0,xgboost_balanced
1209,SECOM-1209,DEMO-048,01/10/2008 01:11:00,0,0.21093088388442993,1,xgboost_balanced
1412,SECOM-1412,DEMO-056,08/10/2008 05:35:00,0,0.10021699219942093,0,xgboost_balanced
707,SECOM-0707,DEMO-028,03/09/2008 00:45:00,0,0.10557074099779129,0,xgboost_balanced
959,SECOM-0959,DEMO-038,20/09/2008 16:43:00,0,0.05091756582260132,0,xgboost_balanced
1336,SECOM-1336,DEMO-053,06/10/2008 01:25:00,0,0.0548718199133873,0,xgboost_balanced
154,SECOM-0154,DEMO-006,07/08/2008 11:40:00,1,0.036390919238328934,0,xgboost_balanced
1353,SECOM-1353,DEMO-054,06/10/2008 07:38:00,0,0.06654161214828491,0,xgboost_balanced
1116,SECOM-1116,DEMO-044,27/09/2008 00:16:00,0,0.1910354644060135,1,xgboost_balanced
1231,SECOM-1231,DEMO-049,02/10/2008 04:24:00,0,0.041946396231651306,0,xgboost_balanced
1142,SECOM-1142,DEMO-045,28/09/2008 01:22:00,0,0.08905932307243347,0,xgboost_balanced
23,SECOM-0023,DEMO-000,25/07/2008 15:23:00,1,0.3255572021007538,1,xgboost_balanced
751,SECOM-0751,DEMO-030,08/09/2008 00:32:00,0,0.2233283519744873,1,xgboost_balanced
25,SECOM-0025,DEMO-001,27/07/2008 09:37:00,0,0.09027453511953354,0,xgboost_balanced
1433,SECOM-1433,DEMO-057,08/10/2008 21:45:00,0,0.016755903139710426,0,xgboost_balanced
973,SECOM-0973,DEMO-038,21/09/2008 03:47:00,0,0.0956042930483818,0,xgboost_balanced
383,SECOM-0383,DEMO-015,21/08/2008 22:25:00,0,0.132980078458786,1,xgboost_balanced
811,SECOM-0811,DEMO-032,12/09/2008 18:01:00,0,0.017242373898625374,0,xgboost_balanced
1137,SECOM-1137,DEMO-045,27/09/2008 18:14:00,0,0.3051826059818268,1,xgboost_balanced
571,SECOM-0571,DEMO-022,30/08/2008 08:29:00,0,0.12740425765514374,0,xgboost_balanced
698,SECOM-0698,DEMO-027,02/09/2008 17:18:00,0,0.04586292430758476,0,xgboost_balanced
678,SECOM-0678,DEMO-027,02/09/2008 11:47:00,0,0.03914109244942665,0,xgboost_balanced
989,SECOM-0989,DEMO-039,21/09/2008 15:15:00,0,0.018841061741113663,0,xgboost_balanced
1237,SECOM-1237,DEMO-049,02/10/2008 08:57:00,0,0.046799104660749435,0,xgboost_balanced
1398,SECOM-1398,DEMO-055,07/10/2008 11:36:00,0,0.07674684375524521,0,xgboost_balanced
174,SECOM-0174,DEMO-006,09/08/2008 22:15:00,0,0.10684742033481598,0,xgboost_balanced
1522,SECOM-1522,DEMO-060,15/10/2008 05:13:00,0,0.07928988337516785,0,xgboost_balanced
288,SECOM-0288,DEMO-011,19/08/2008 05:41:00,0,0.2526054382324219,1,xgboost_balanced
1310,SECOM-1310,DEMO-052,05/10/2008 05:53:00,0,0.028884554281830788,0,xgboost_balanced
643,SECOM-0643,DEMO-025,01/09/2008 23:59:00,0,0.07212536782026291,0,xgboost_balanced
1482,SECOM-1482,DEMO-059,13/10/2008 15:42:00,0,0.05518558621406555,0,xgboost_balanced
847,SECOM-0847,DEMO-033,15/09/2008 10:03:00,0,0.1959746778011322,1,xgboost_balanced
245,SECOM-0245,DEMO-009,18/08/2008 04:12:00,0,0.44580549001693726,1,xgboost_balanced
219,SECOM-0219,DEMO-008,16/08/2008 13:51:00,0,0.14306612312793732,1,xgboost_balanced
1080,SECOM-1080,DEMO-043,25/09/2008 13:42:00,0,0.05204322189092636,0,xgboost_balanced
545,SECOM-0545,DEMO-021,29/08/2008 21:46:00,0,0.03259160742163658,0,xgboost_balanced
313,SECOM-0313,DEMO-012,19/08/2008 18:30:00,0,0.07091297954320908,0,xgboost_balanced
1219,SECOM-1219,DEMO-048,01/10/2008 16:43:00,0,0.12352145463228226,0,xgboost_balanced
444,SECOM-0444,DEMO-017,24/08/2008 07:12:00,0,0.2145642638206482,1,xgboost_balanced
956,SECOM-0956,DEMO-038,20/09/2008 15:19:00,0,0.020970754325389862,0,xgboost_balanced
296,SECOM-0296,DEMO-011,19/08/2008 08:07:00,0,0.06645467132329941,0,xgboost_balanced
344,SECOM-0344,DEMO-013,20/08/2008 23:43:00,1,0.02902473509311676,0,xgboost_balanced
972,SECOM-0972,DEMO-038,21/09/2008 03:04:00,0,0.02908087894320488,0,xgboost_balanced
720,SECOM-0720,DEMO-028,03/09/2008 20:10:00,0,0.02307407185435295,0,xgboost_balanced
1138,SECOM-1138,DEMO-045,27/09/2008 19:16:00,0,0.1620025336742401,1,xgboost_balanced
563,SECOM-0563,DEMO-022,30/08/2008 04:55:00,0,0.14643512666225433,1,xgboost_balanced
1541,SECOM-1541,DEMO-061,15/10/2008 22:45:00,0,0.015232132747769356,0,xgboost_balanced
1098,SECOM-1098,DEMO-043,26/09/2008 04:14:00,0,0.03673996403813362,0,xgboost_balanced
187,SECOM-0187,DEMO-007,10/08/2008 19:07:00,0,0.622302770614624,1,xgboost_balanced
786,SECOM-0786,DEMO-031,11/09/2008 12:47:00,0,0.26354753971099854,1,xgboost_balanced
228,SECOM-0228,DEMO-009,17/08/2008 03:46:00,0,0.34292036294937134,1,xgboost_balanced
18,SECOM-0018,DEMO-000,22/07/2008 11:47:00,0,0.26965028047561646,1,xgboost_balanced
674,SECOM-0674,DEMO-026,02/09/2008 10:25:00,0,0.027002453804016113,0,xgboost_balanced
905,SECOM-0905,DEMO-036,19/09/2008 08:52:00,0,0.1278965175151825,0,xgboost_balanced
176,SECOM-0176,DEMO-007,09/08/2008 23:17:00,0,0.1753694862127304,1,xgboost_balanced
352,SECOM-0352,DEMO-014,21/08/2008 11:22:00,0,0.061107538640499115,0,xgboost_balanced
887,SECOM-0887,DEMO-035,18/09/2008 18:12:00,0,0.018711280077695847,0,xgboost_balanced
173,SECOM-0173,DEMO-006,09/08/2008 21:07:00,0,0.01760818436741829,0,xgboost_balanced
1407,SECOM-1407,DEMO-056,07/10/2008 19:24:00,0,0.052010051906108856,0,xgboost_balanced
1352,SECOM-1352,DEMO-054,06/10/2008 07:35:00,0,0.08479030430316925,0,xgboost_balanced
520,SECOM-0520,DEMO-020,29/08/2008 07:18:00,0,0.07221689820289612,0,xgboost_balanced
834,SECOM-0834,DEMO-033,14/09/2008 15:02:00,0,0.12955330312252045,0,xgboost_balanced
464,SECOM-0464,DEMO-018,28/08/2008 04:20:00,0,0.19636864960193634,1,xgboost_balanced
476,SECOM-0476,DEMO-019,28/08/2008 10:28:00,0,0.09504122287034988,0,xgboost_balanced
515,SECOM-0515,DEMO-020,29/08/2008 06:35:00,0,0.5280474424362183,1,xgboost_balanced
953,SECOM-0953,DEMO-038,20/09/2008 14:50:00,0,0.03925062343478203,0,xgboost_balanced
440,SECOM-0440,DEMO-017,23/08/2008 15:10:00,0,0.011572262272238731,0,xgboost_balanced
872,SECOM-0872,DEMO-034,17/09/2008 07:14:00,0,0.08855961263179779,0,xgboost_balanced
392,SECOM-0392,DEMO-015,22/08/2008 01:04:00,1,0.08422257006168365,0,xgboost_balanced
512,SECOM-0512,DEMO-020,29/08/2008 05:54:00,0,0.03339969739317894,0,xgboost_balanced
1456,SECOM-1456,DEMO-058,11/10/2008 06:56:00,0,0.2520599961280823,1,xgboost_balanced
287,SECOM-0287,DEMO-011,19/08/2008 05:40:00,0,0.12944069504737854,0,xgboost_balanced
121,SECOM-0121,DEMO-004,05/08/2008 15:45:00,0,0.2578717768192291,1,xgboost_balanced
1094,SECOM-1094,DEMO-043,26/09/2008 01:21:00,0,0.35077086091041565,1,xgboost_balanced
337,SECOM-0337,DEMO-013,20/08/2008 20:19:00,0,0.05414127930998802,0,xgboost_balanced
1249,SECOM-1249,DEMO-049,02/10/2008 17:00:00,0,0.45735639333724976,1,xgboost_balanced
629,SECOM-0629,DEMO-025,01/09/2008 09:19:00,0,0.03136223182082176,0,xgboost_balanced
1397,SECOM-1397,DEMO-055,07/10/2008 11:16:00,0,0.2283647209405899,1,xgboost_balanced
748,SECOM-0748,DEMO-029,07/09/2008 20:12:00,0,0.0776730477809906,0,xgboost_balanced
1274,SECOM-1274,DEMO-050,03/10/2008 19:23:00,0,0.0809142217040062,0,xgboost_balanced
1106,SECOM-1106,DEMO-044,26/09/2008 15:36:00,0,0.06499041616916656,0,xgboost_balanced
691,SECOM-0691,DEMO-027,02/09/2008 14:34:00,0,0.15970061719417572,1,xgboost_balanced
1537,SECOM-1537,DEMO-061,15/10/2008 18:16:00,0,0.004764350596815348,0,xgboost_balanced
20,SECOM-0020,DEMO-000,22/07/2008 15:30:00,0,0.28961220383644104,1,xgboost_balanced
496,SECOM-0496,DEMO-019,28/08/2008 21:03:00,0,0.07000461965799332,0,xgboost_balanced
325,SECOM-0325,DEMO-013,20/08/2008 07:12:00,0,0.42295071482658386,1,xgboost_balanced
1099,SECOM-1099,DEMO-043,26/09/2008 05:32:00,0,0.13158969581127167,1,xgboost_balanced
502,SECOM-0502,DEMO-020,29/08/2008 01:06:00,0,0.34450581669807434,1,xgboost_balanced
611,SECOM-0611,DEMO-024,31/08/2008 20:24:00,0,0.03841372951865196,0,xgboost_balanced
79,SECOM-0079,DEMO-003,03/08/2008 17:58:00,0,0.0771147608757019,0,xgboost_balanced
582,SECOM-0582,DEMO-023,30/08/2008 11:57:00,0,0.26560062170028687,1,xgboost_balanced
1466,SECOM-1466,DEMO-058,12/10/2008 00:57:00,0,0.007601757068186998,0,xgboost_balanced
776,SECOM-0776,DEMO-031,10/09/2008 21:56:00,0,0.09461890906095505,0,xgboost_balanced
518,SECOM-0518,DEMO-020,29/08/2008 06:45:00,1,0.4035104513168335,1,xgboost_balanced
818,SECOM-0818,DEMO-032,12/09/2008 23:28:00,0,0.012344760820269585,0,xgboost_balanced
954,SECOM-0954,DEMO-038,20/09/2008 14:53:00,0,0.02678857557475567,0,xgboost_balanced
947,SECOM-0947,DEMO-037,20/09/2008 12:27:00,0,0.019702469930052757,0,xgboost_balanced
658,SECOM-0658,DEMO-026,02/09/2008 03:35:00,0,0.05107956752181053,0,xgboost_balanced
939,SECOM-0939,DEMO-037,20/09/2008 05:34:00,0,0.02376563288271427,0,xgboost_balanced
855,SECOM-0855,DEMO-034,15/09/2008 22:45:00,0,0.028481530025601387,0,xgboost_balanced
1360,SECOM-1360,DEMO-054,06/10/2008 12:39:00,0,0.15928642451763153,1,xgboost_balanced
178,SECOM-0178,DEMO-007,10/08/2008 00:09:00,0,0.1546904295682907,1,xgboost_balanced
1129,SECOM-1129,DEMO-045,27/09/2008 13:19:00,0,0.08981025218963623,0,xgboost_balanced
1150,SECOM-1150,DEMO-046,28/09/2008 08:41:00,0,0.06320700794458389,0,xgboost_balanced
1333,SECOM-1333,DEMO-053,05/10/2008 20:30:00,0,0.32077252864837646,1,xgboost_balanced
457,SECOM-0457,DEMO-018,27/08/2008 22:58:00,0,0.33726727962493896,1,xgboost_balanced
1375,SECOM-1375,DEMO-055,06/10/2008 19:42:00,0,0.20258231461048126,1,xgboost_balanced
1070,SECOM-1070,DEMO-042,25/09/2008 02:03:00,0,0.1395067572593689,1,xgboost_balanced
141,SECOM-0141,DEMO-005,06/08/2008 20:00:00,0,0.10677028447389603,0,xgboost_balanced
1268,SECOM-1268,DEMO-050,03/10/2008 06:15:00,0,0.06326230615377426,0,xgboost_balanced
1344,SECOM-1344,DEMO-053,06/10/2008 04:26:00,0,0.22372928261756897,1,xgboost_balanced
1396,SECOM-1396,DEMO-055,07/10/2008 11:15:00,0,0.013725552707910538,0,xgboost_balanced
932,SECOM-0932,DEMO-037,20/09/2008 00:18:00,0,0.028362495824694633,0,xgboost_balanced
1036,SECOM-1036,DEMO-041,23/09/2008 15:23:00,0,0.1758929193019867,1,xgboost_balanced
1366,SECOM-1366,DEMO-054,06/10/2008 15:01:00,0,0.196674644947052,1,xgboost_balanced
865,SECOM-0865,DEMO-034,16/09/2008 18:23:00,0,0.018536195158958435,0,xgboost_balanced
1479,SECOM-1479,DEMO-059,13/10/2008 14:30:00,0,0.051576077938079834,0,xgboost_balanced
1271,SECOM-1271,DEMO-050,03/10/2008 11:40:00,0,0.19228999316692352,1,xgboost_balanced
579,SECOM-0579,DEMO-023,30/08/2008 11:12:00,0,0.03707682341337204,0,xgboost_balanced
524,SECOM-0524,DEMO-020,29/08/2008 07:33:00,0,0.05981763079762459,0,xgboost_balanced
793,SECOM-0793,DEMO-031,11/09/2008 16:28:00,0,0.13484492897987366,1,xgboost_balanced
862,SECOM-0862,DEMO-034,16/09/2008 09:37:00,0,0.019138554111123085,0,xgboost_balanced
978,SECOM-0978,DEMO-039,21/09/2008 08:22:00,0,0.08504363149404526,0,xgboost_balanced
635,SECOM-0635,DEMO-025,01/09/2008 20:51:00,0,0.12597069144248962,0,xgboost_balanced
912,SECOM-0912,DEMO-036,19/09/2008 15:31:00,0,0.17430593073368073,1,xgboost_balanced
750,SECOM-0750,DEMO-030,07/09/2008 23:33:00,0,0.0991293340921402,0,xgboost_balanced
1441,SECOM-1441,DEMO-057,09/10/2008 14:15:00,0,0.013925518840551376,0,xgboost_balanced
1309,SECOM-1309,DEMO-052,05/10/2008 05:31:00,0,0.1702210158109665,1,xgboost_balanced
306,SECOM-0306,DEMO-012,19/08/2008 11:46:00,0,0.20423683524131775,1,xgboost_balanced
1531,SECOM-1531,DEMO-061,15/10/2008 13:14:00,0,0.08513077348470688,0,xgboost_balanced
769,SECOM-0769,DEMO-030,09/09/2008 00:25:00,0,0.13476373255252838,1,xgboost_balanced
1305,SECOM-1305,DEMO-052,05/10/2008 01:35:00,0,0.05258916690945625,0,xgboost_balanced
1283,SECOM-1283,DEMO-051,03/10/2008 22:53:00,0,0.06811223924160004,0,xgboost_balanced
326,SECOM-0326,DEMO-013,20/08/2008 08:40:00,1,0.3257260322570801,1,xgboost_balanced
458,SECOM-0458,DEMO-018,28/08/2008 03:03:00,0,0.06968261301517487,0,xgboost_balanced
9,SECOM-0009,DEMO-000,19/07/2008 21:35:00,0,0.1883755624294281,1,xgboost_balanced
615,SECOM-0615,DEMO-024,31/08/2008 22:32:00,0,0.012345666997134686,0,xgboost_balanced
1208,SECOM-1208,DEMO-048,01/10/2008 00:20:00,0,0.23994292318820953,1,xgboost_balanced
936,SECOM-0936,DEMO-037,20/09/2008 04:28:00,0,0.022319521754980087,0,xgboost_balanced
1350,SECOM-1350,DEMO-054,06/10/2008 07:12:00,0,0.10051999986171722,0,xgboost_balanced
1222,SECOM-1222,DEMO-048,01/10/2008 21:50:00,0,0.09091973304748535,0,xgboost_balanced
1218,SECOM-1218,DEMO-048,01/10/2008 15:16:00,0,0.355657696723938,1,xgboost_balanced
1197,SECOM-1197,DEMO-047,30/09/2008 15:16:00,0,0.050030872225761414,0,xgboost_balanced
5,SECOM-0005,DEMO-000,19/07/2008 17:53:00,0,0.4780951142311096,1,xgboost_balanced
307,SECOM-0307,DEMO-012,19/08/2008 11:57:00,0,0.057894933968782425,0,xgboost_balanced
336,SECOM-0336,DEMO-013,20/08/2008 19:20:00,1,0.4234442412853241,1,xgboost_balanced
1052,SECOM-1052,DEMO-042,24/09/2008 06:13:00,0,0.13469989597797394,1,xgboost_balanced
1357,SECOM-1357,DEMO-054,06/10/2008 09:57:00,0,0.1250770390033722,0,xgboost_balanced
1364,SECOM-1364,DEMO-054,06/10/2008 13:55:00,1,0.5939492583274841,1,xgboost_balanced
1382,SECOM-1382,DEMO-055,06/10/2008 23:03:00,0,0.044570643454790115,0,xgboost_balanced
1245,SECOM-1245,DEMO-049,02/10/2008 15:44:00,0,0.0988164022564888,0,xgboost_balanced
640,SECOM-0640,DEMO-025,01/09/2008 23:28:00,0,0.0233262050896883,0,xgboost_balanced
1390,SECOM-1390,DEMO-055,07/10/2008 09:11:00,0,0.11936972290277481,0,xgboost_balanced
576,SECOM-0576,DEMO-023,30/08/2008 09:45:00,1,0.04735447093844414,0,xgboost_balanced
1295,SECOM-1295,DEMO-051,04/10/2008 18:25:00,0,0.1588514745235443,1,xgboost_balanced
550,SECOM-0550,DEMO-022,29/08/2008 22:56:00,0,0.08634747564792633,0,xgboost_balanced
372,SECOM-0372,DEMO-014,21/08/2008 18:04:00,0,0.13970734179019928,1,xgboost_balanced
1499,SECOM-1499,DEMO-059,14/10/2008 13:13:00,0,0.01961877942085266,0,xgboost_balanced
231,SECOM-0231,DEMO-009,17/08/2008 12:16:00,1,0.0824233740568161,0,xgboost_balanced
672,SECOM-0672,DEMO-026,02/09/2008 10:13:00,0,0.034620799124240875,0,xgboost_balanced
1474,SECOM-1474,DEMO-058,13/10/2008 03:53:00,0,0.08721575886011124,0,xgboost_balanced
331,SECOM-0331,DEMO-013,20/08/2008 17:09:00,0,0.1546790897846222,1,xgboost_balanced
1073,SECOM-1073,DEMO-042,25/09/2008 07:58:00,0,0.04805944114923477,0,xgboost_balanced
1525,SECOM-1525,DEMO-061,15/10/2008 07:36:00,0,0.013523068279027939,0,xgboost_balanced
753,SECOM-0753,DEMO-030,08/09/2008 01:24:00,0,0.026257311925292015,0,xgboost_balanced
715,SECOM-0715,DEMO-028,03/09/2008 14:29:00,0,0.06442641466856003,0,xgboost_balanced
1226,SECOM-1226,DEMO-049,02/10/2008 00:22:00,0,0.1757747232913971,1,xgboost_balanced
930,SECOM-0930,DEMO-037,19/09/2008 23:26:00,0,0.058799441903829575,0,xgboost_balanced
1058,SECOM-1058,DEMO-042,24/09/2008 11:47:00,0,0.0453757606446743,0,xgboost_balanced
238,SECOM-0238,DEMO-009,17/08/2008 23:04:00,1,0.38504594564437866,1,xgboost_balanced
1272,SECOM-1272,DEMO-050,03/10/2008 12:31:00,0,0.6536434888839722,1,xgboost_balanced
442,SECOM-0442,DEMO-017,24/08/2008 02:32:00,0,0.12621404230594635,0,xgboost_balanced
424,SECOM-0424,DEMO-016,22/08/2008 19:14:00,1,0.2570960223674774,1,xgboost_balanced
1493,SECOM-1493,DEMO-059,13/10/2008 22:48:00,0,0.02797364629805088,0,xgboost_balanced
1282,SECOM-1282,DEMO-051,03/10/2008 22:08:00,0,0.0519113726913929,0,xgboost_balanced
1377,SECOM-1377,DEMO-055,06/10/2008 20:36:00,0,-0.09824404333210718,0,isolation_forest
1212,SECOM-1212,DEMO-048,01/10/2008 07:19:00,0,-0.10702561039439762,0,isolation_forest
907,SECOM-0907,DEMO-036,19/09/2008 09:47:00,0,-0.10577236095854592,0,isolation_forest
766,SECOM-0766,DEMO-030,08/09/2008 21:36:00,0,-0.09602872405186602,0,isolation_forest
600,SECOM-0600,DEMO-024,31/08/2008 02:57:00,0,-0.10828168572853203,0,isolation_forest
297,SECOM-0297,DEMO-011,19/08/2008 08:33:00,0,-0.0893016566995018,0,isolation_forest
820,SECOM-0820,DEMO-032,13/09/2008 00:25:00,0,-0.09551944462092737,0,isolation_forest
500,SECOM-0500,DEMO-020,28/08/2008 23:42:00,0,-0.10654312879183969,0,isolation_forest
1123,SECOM-1123,DEMO-044,27/09/2008 11:45:00,0,-0.042801087489457545,1,isolation_forest
1213,SECOM-1213,DEMO-048,01/10/2008 07:28:00,0,-0.09838453583629764,0,isolation_forest
1543,SECOM-1543,DEMO-061,15/10/2008 23:00:00,0,-0.08278377233583895,1,isolation_forest
1157,SECOM-1157,DEMO-046,28/09/2008 18:43:00,0,-0.08517909976484556,1,isolation_forest
108,SECOM-0108,DEMO-004,05/08/2008 04:32:00,0,-0.06986427125113825,1,isolation_forest
170,SECOM-0170,DEMO-006,09/08/2008 17:34:00,0,-0.08854433961759389,0,isolation_forest
570,SECOM-0570,DEMO-022,30/08/2008 08:10:00,0,-0.09324847180519041,0,isolation_forest
1134,SECOM-1134,DEMO-045,27/09/2008 15:30:00,0,-0.08470904563449133,1,isolation_forest
1448,SECOM-1448,DEMO-057,10/10/2008 12:30:00,0,-0.09837962383894394,0,isolation_forest
216,SECOM-0216,DEMO-008,16/08/2008 08:39:00,0,-0.09460982738735663,0,isolation_forest
850,SECOM-0850,DEMO-034,15/09/2008 16:10:00,0,-0.09209321981878454,0,isolation_forest
1049,SECOM-1049,DEMO-041,24/09/2008 03:40:00,0,-0.10858184280415195,0,isolation_forest
1477,SECOM-1477,DEMO-059,13/10/2008 14:06:00,0,-0.08181054809882538,1,isolation_forest
62,SECOM-0062,DEMO-002,31/07/2008 20:18:00,1,-0.06882183044652124,1,isolation_forest
42,SECOM-0042,DEMO-001,29/07/2008 04:08:00,0,-0.08942007689443554,0,isolation_forest
628,SECOM-0628,DEMO-025,01/09/2008 09:06:00,0,-0.09359386174082118,0,isolation_forest
1156,SECOM-1156,DEMO-046,28/09/2008 18:34:00,0,-0.09404626674956146,0,isolation_forest
140,SECOM-0140,DEMO-005,06/08/2008 19:24:00,0,-0.10952171613759842,0,isolation_forest
866,SECOM-0866,DEMO-034,16/09/2008 19:34:00,0,-0.0886248414027146,0,isolation_forest
369,SECOM-0369,DEMO-014,21/08/2008 16:36:00,0,-0.10489117735911341,0,isolation_forest
996,SECOM-0996,DEMO-039,21/09/2008 19:19:00,0,-0.08228105708146516,1,isolation_forest
258,SECOM-0258,DEMO-010,18/08/2008 11:04:00,0,-0.09006207049115306,0,isolation_forest
1033,SECOM-1033,DEMO-041,23/09/2008 12:31:00,0,-0.0640766537648707,1,isolation_forest
355,SECOM-0355,DEMO-014,21/08/2008 12:33:00,0,-0.09248147912636928,0,isolation_forest
840,SECOM-0840,DEMO-033,14/09/2008 19:13:00,0,-0.10395156183826781,0,isolation_forest
1394,SECOM-1394,DEMO-055,07/10/2008 10:10:00,0,-0.08074530210834457,1,isolation_forest
1478,SECOM-1478,DEMO-059,13/10/2008 14:29:00,0,-0.08122672212237714,1,isolation_forest
1421,SECOM-1421,DEMO-056,08/10/2008 12:11:00,0,-0.10852514996558033,0,isolation_forest
195,SECOM-0195,DEMO-007,12/08/2008 04:23:00,0,-0.05549641792673565,1,isolation_forest
455,SECOM-0455,DEMO-018,27/08/2008 17:14:00,0,-0.08358640729673955,1,isolation_forest
587,SECOM-0587,DEMO-023,30/08/2008 15:16:00,0,-0.09459697116881022,0,isolation_forest
1092,SECOM-1092,DEMO-043,25/09/2008 23:48:00,0,-0.07609593389444996,1,isolation_forest
1090,SECOM-1090,DEMO-043,25/09/2008 22:05:00,0,-0.10673049034829768,0,isolation_forest
65,SECOM-0065,DEMO-002,01/08/2008 10:20:00,0,-0.10124610891946484,0,isolation_forest
1498,SECOM-1498,DEMO-059,14/10/2008 03:35:00,0,-0.08072026701765483,1,isolation_forest
220,SECOM-0220,DEMO-008,16/08/2008 14:30:00,0,-0.10890746747769925,0,isolation_forest
1307,SECOM-1307,DEMO-052,05/10/2008 04:20:00,0,-0.06326151654697804,1,isolation_forest
537,SECOM-0537,DEMO-021,29/08/2008 14:18:00,0,-0.07554655134159938,1,isolation_forest
1191,SECOM-1191,DEMO-047,30/09/2008 04:42:00,0,-0.09500533998705402,0,isolation_forest
234,SECOM-0234,DEMO-009,17/08/2008 15:25:00,0,-0.1119935291806275,0,isolation_forest
51,SECOM-0051,DEMO-002,29/07/2008 21:07:00,0,-0.02477153855175296,1,isolation_forest
233,SECOM-0233,DEMO-009,17/08/2008 14:21:00,0,-0.09366292336377097,0,isolation_forest
572,SECOM-0572,DEMO-022,30/08/2008 08:42:00,0,-0.10145105542081312,0,isolation_forest
450,SECOM-0450,DEMO-018,27/08/2008 00:46:00,0,-0.07443289455624463,1,isolation_forest
1048,SECOM-1048,DEMO-041,24/09/2008 03:32:00,0,-0.0944900981485563,0,isolation_forest
68,SECOM-0068,DEMO-002,01/08/2008 12:29:00,0,-0.08036667321466001,1,isolation_forest
705,SECOM-0705,DEMO-028,02/09/2008 20:59:00,0,-0.07462183084229423,1,isolation_forest
390,SECOM-0390,DEMO-015,22/08/2008 00:44:00,0,-0.10309079426964562,0,isolation_forest
1081,SECOM-1081,DEMO-043,25/09/2008 14:08:00,0,-0.09456203613000458,0,isolation_forest
621,SECOM-0621,DEMO-024,01/09/2008 00:53:00,0,-0.08265894090249554,1,isolation_forest
190,SECOM-0190,DEMO-007,11/08/2008 03:06:00,0,-0.1000582672966891,0,isolation_forest
706,SECOM-0706,DEMO-028,03/09/2008 00:18:00,0,-0.08333927369220423,1,isolation_forest
798,SECOM-0798,DEMO-031,12/09/2008 05:11:00,0,-0.07583915598083618,1,isolation_forest
1,SECOM-0001,DEMO-000,19/07/2008 12:32:00,0,-0.08620617251190449,1,isolation_forest
604,SECOM-0604,DEMO-024,31/08/2008 10:36:00,0,-0.09144929360505322,0,isolation_forest
1437,SECOM-1437,DEMO-057,09/10/2008 00:23:00,0,-0.0941859361039844,0,isolation_forest
434,SECOM-0434,DEMO-017,23/08/2008 05:57:00,0,-0.11224049849453571,0,isolation_forest
714,SECOM-0714,DEMO-028,03/09/2008 14:24:00,0,-0.10728648431949639,0,isolation_forest
914,SECOM-0914,DEMO-036,19/09/2008 16:58:00,1,-0.11068290530454622,0,isolation_forest
24,SECOM-0024,DEMO-000,27/07/2008 04:18:00,0,-0.04867554571771304,1,isolation_forest
1432,SECOM-1432,DEMO-057,08/10/2008 21:19:00,0,-0.07744498670025751,1,isolation_forest
1103,SECOM-1103,DEMO-044,26/09/2008 14:20:00,0,-0.10691848446216723,0,isolation_forest
837,SECOM-0837,DEMO-033,14/09/2008 17:40:00,0,-0.0897151979181458,0,isolation_forest
345,SECOM-0345,DEMO-013,21/08/2008 02:11:00,0,-0.09360139950974566,0,isolation_forest
1122,SECOM-1122,DEMO-044,27/09/2008 11:04:00,0,-0.09351377682453405,0,isolation_forest
1189,SECOM-1189,DEMO-047,30/09/2008 02:44:00,1,-0.0910779283006184,0,isolation_forest
903,SECOM-0903,DEMO-036,19/09/2008 07:18:00,0,-0.08419313919550842,1,isolation_forest
877,SECOM-0877,DEMO-035,18/09/2008 01:43:00,0,-0.10451979927518995,0,isolation_forest
1529,SECOM-1529,DEMO-061,15/10/2008 10:00:00,0,-0.0797926156069822,1,isolation_forest
215,SECOM-0215,DEMO-008,16/08/2008 07:33:00,0,-0.1051479489663728,0,isolation_forest
569,SECOM-0569,DEMO-022,30/08/2008 07:54:00,0,-0.09590149648298196,0,isolation_forest
1446,SECOM-1446,DEMO-057,10/10/2008 10:46:00,0,-0.06883075038438807,1,isolation_forest
1057,SECOM-1057,DEMO-042,24/09/2008 10:59:00,0,-0.12324094425066973,0,isolation_forest
1162,SECOM-1162,DEMO-046,28/09/2008 21:08:00,0,-0.10167399347806544,0,isolation_forest
96,SECOM-0096,DEMO-003,04/08/2008 20:58:00,1,-0.032708996767768506,1,isolation_forest
765,SECOM-0765,DEMO-030,08/09/2008 20:00:00,0,-0.09903736138806457,0,isolation_forest
1038,SECOM-1038,DEMO-041,23/09/2008 15:58:00,0,-0.07359131867384267,1,isolation_forest
533,SECOM-0533,DEMO-021,29/08/2008 13:14:00,0,-0.0870797179454621,1,isolation_forest
1563,SECOM-1563,DEMO-062,16/10/2008 20:49:00,0,-0.08702171174001816,1,isolation_forest
11,SECOM-0011,DEMO-000,19/07/2008 22:52:00,1,-0.08199574415882543,1,isolation_forest
1254,SECOM-1254,DEMO-050,02/10/2008 21:32:00,1,-0.09159646385829345,0,isolation_forest
1334,SECOM-1334,DEMO-053,05/10/2008 22:13:00,0,-0.0927197134449837,0,isolation_forest
1453,SECOM-1453,DEMO-058,10/10/2008 21:07:00,0,-0.08838222142432695,0,isolation_forest
50,SECOM-0050,DEMO-002,29/07/2008 18:08:00,1,-0.10070115246853201,0,isolation_forest
399,SECOM-0399,DEMO-015,22/08/2008 03:18:00,0,-0.0842821441316462,1,isolation_forest
1472,SECOM-1472,DEMO-058,12/10/2008 18:47:00,0,-0.08916044868552209,0,isolation_forest
693,SECOM-0693,DEMO-027,02/09/2008 16:10:00,0,-0.11618547595203355,0,isolation_forest
320,SECOM-0320,DEMO-012,20/08/2008 02:13:00,0,-0.10765836034782617,0,isolation_forest
1385,SECOM-1385,DEMO-055,07/10/2008 03:39:00,0,-0.08669125341660794,1,isolation_forest
26,SECOM-0026,DEMO-001,27/07/2008 11:10:00,0,-0.0792762135484259,1,isolation_forest
553,SECOM-0553,DEMO-022,30/08/2008 00:57:00,0,-0.11766140260574587,0,isolation_forest
712,SECOM-0712,DEMO-028,03/09/2008 06:26:00,0,-0.10969736226930299,0,isolation_forest
153,SECOM-0153,DEMO-006,07/08/2008 11:10:00,0,-0.0743800005154554,1,isolation_forest
846,SECOM-0846,DEMO-033,15/09/2008 02:04:00,0,-0.09793321139446487,0,isolation_forest
1495,SECOM-1495,DEMO-059,14/10/2008 00:35:00,0,-0.06519855084692966,1,isolation_forest
269,SECOM-0269,DEMO-010,18/08/2008 15:30:00,0,-0.09753847604974464,0,isolation_forest
909,SECOM-0909,DEMO-036,19/09/2008 11:13:00,0,-0.0886318081844103,0,isolation_forest
165,SECOM-0165,DEMO-006,09/08/2008 02:37:00,0,-0.0970043646090587,0,isolation_forest
255,SECOM-0255,DEMO-010,18/08/2008 08:18:00,0,-0.08763474082825212,1,isolation_forest
689,SECOM-0689,DEMO-027,02/09/2008 14:09:00,0,-0.08012676217068299,1,isolation_forest
752,SECOM-0752,DEMO-030,08/09/2008 00:40:00,0,-0.11254527490932748,0,isolation_forest
209,SECOM-0209,DEMO-008,15/08/2008 20:00:00,0,-0.09573493979418612,0,isolation_forest
1540,SECOM-1540,DEMO-061,15/10/2008 21:44:00,0,-0.07918836910100041,1,isolation_forest
1328,SECOM-1328,DEMO-053,05/10/2008 16:49:00,1,-0.09307419563063046,0,isolation_forest
242,SECOM-0242,DEMO-009,18/08/2008 00:20:00,0,-0.10515114343913429,0,isolation_forest
1486,SECOM-1486,DEMO-059,13/10/2008 19:40:00,0,-0.08118663366429352,1,isolation_forest
149,SECOM-0149,DEMO-005,07/08/2008 08:21:00,0,-0.08914450440519206,0,isolation_forest
730,SECOM-0730,DEMO-029,04/09/2008 16:30:00,0,-0.10505001594189506,0,isolation_forest
1411,SECOM-1411,DEMO-056,08/10/2008 04:47:00,0,-0.08303191839746893,1,isolation_forest
1175,SECOM-1175,DEMO-047,29/09/2008 11:53:00,0,-0.09126442028047727,0,isolation_forest
1565,SECOM-1565,DEMO-062,17/10/2008 06:01:00,0,-0.09823333227416448,0,isolation_forest
1034,SECOM-1034,DEMO-041,23/09/2008 12:46:00,0,-0.09296661490903835,0,isolation_forest
246,SECOM-0246,DEMO-009,18/08/2008 04:35:00,0,-0.07419314280792622,1,isolation_forest
816,SECOM-0816,DEMO-032,12/09/2008 22:25:00,0,-0.10075302445244372,0,isolation_forest
817,SECOM-0817,DEMO-032,12/09/2008 22:45:00,0,-0.08688955780273244,1,isolation_forest
1351,SECOM-1351,DEMO-054,06/10/2008 07:17:00,0,-0.08971386155674782,0,isolation_forest
792,SECOM-0792,DEMO-031,11/09/2008 15:08:00,0,-0.103017813465143,0,isolation_forest
1166,SECOM-1166,DEMO-046,29/09/2008 02:06:00,0,-0.11589111855154594,0,isolation_forest
893,SECOM-0893,DEMO-035,18/09/2008 23:44:00,0,-0.0853778614229091,1,isolation_forest
876,SECOM-0876,DEMO-035,18/09/2008 01:40:00,0,-0.07248898835155665,1,isolation_forest
1003,SECOM-1003,DEMO-040,22/09/2008 01:43:00,0,-0.0949852320280013,0,isolation_forest
283,SECOM-0283,DEMO-011,19/08/2008 04:58:00,0,-0.09591453083239698,0,isolation_forest
146,SECOM-0146,DEMO-005,06/08/2008 23:45:00,0,-0.09534610441128688,0,isolation_forest
1491,SECOM-1491,DEMO-059,13/10/2008 21:47:00,0,-0.07321117069434879,1,isolation_forest
557,SECOM-0557,DEMO-022,30/08/2008 02:32:00,0,-0.06893431398006411,1,isolation_forest
232,SECOM-0232,DEMO-009,17/08/2008 13:34:00,0,-0.09210531264677091,0,isolation_forest
1314,SECOM-1314,DEMO-052,05/10/2008 09:04:00,0,-0.07316363055644914,1,isolation_forest
58,SECOM-0058,DEMO-002,30/07/2008 21:16:00,1,-0.04426481338582927,1,isolation_forest
342,SECOM-0342,DEMO-013,20/08/2008 22:45:00,0,-0.1086103029367852,0,isolation_forest
549,SECOM-0549,DEMO-021,29/08/2008 22:49:00,0,-0.11532162440008975,0,isolation_forest
116,SECOM-0116,DEMO-004,05/08/2008 07:48:00,0,-0.08608373881702541,1,isolation_forest
175,SECOM-0175,DEMO-007,09/08/2008 22:37:00,0,-0.07874171006391067,1,isolation_forest
1361,SECOM-1361,DEMO-054,06/10/2008 12:42:00,0,-0.08422826132632993,1,isolation_forest
1152,SECOM-1152,DEMO-046,28/09/2008 17:05:00,0,-0.11066080035921289,0,isolation_forest
435,SECOM-0435,DEMO-017,23/08/2008 05:58:00,0,-0.11862032122060084,0,isolation_forest
183,SECOM-0183,DEMO-007,10/08/2008 11:16:00,0,-0.047412848772088456,1,isolation_forest
795,SECOM-0795,DEMO-031,11/09/2008 22:07:00,1,-0.08122541768573649,1,isolation_forest
1225,SECOM-1225,DEMO-049,02/10/2008 00:21:00,0,-0.09569832934684197,0,isolation_forest
946,SECOM-0946,DEMO-037,20/09/2008 12:26:00,0,-0.09073855467855096,0,isolation_forest
1442,SECOM-1442,DEMO-057,09/10/2008 15:04:00,0,-0.0961908583923689,0,isolation_forest
264,SECOM-0264,DEMO-010,18/08/2008 14:01:00,0,-0.09745341246345318,0,isolation_forest
1236,SECOM-1236,DEMO-049,02/10/2008 08:52:00,0,-0.09091702832441745,0,isolation_forest
1229,SECOM-1229,DEMO-049,02/10/2008 04:11:00,0,-0.09652491146011627,0,isolation_forest
44,SECOM-0044,DEMO-001,29/07/2008 06:19:00,0,-0.05196647154473372,1,isolation_forest
449,SECOM-0449,DEMO-017,25/08/2008 09:29:00,0,-0.09136543390570212,0,isolation_forest
1316,SECOM-1316,DEMO-052,05/10/2008 10:00:00,0,-0.08881588170973498,0,isolation_forest
31,SECOM-0031,DEMO-001,27/07/2008 22:28:00,0,-0.07720921935834996,1,isolation_forest
1315,SECOM-1315,DEMO-052,05/10/2008 09:47:00,0,-0.09444153605118782,0,isolation_forest
1005,SECOM-1005,DEMO-040,22/09/2008 06:05:00,0,-0.09331582386058318,0,isolation_forest
1424,SECOM-1424,DEMO-056,08/10/2008 14:48:00,0,-0.10148766979761575,0,isolation_forest
465,SECOM-0465,DEMO-018,28/08/2008 04:54:00,0,-0.10867468286080029,0,isolation_forest
41,SECOM-0041,DEMO-001,28/07/2008 23:57:00,0,-0.11737644313301543,0,isolation_forest
1431,SECOM-1431,DEMO-057,08/10/2008 20:27:00,0,-0.09755492980867453,0,isolation_forest
459,SECOM-0459,DEMO-018,28/08/2008 03:04:00,0,-0.10841840488531979,0,isolation_forest
130,SECOM-0130,DEMO-005,06/08/2008 03:22:00,0,-0.06374051624675342,1,isolation_forest
709,SECOM-0709,DEMO-028,03/09/2008 01:15:00,1,-0.05042244272611052,1,isolation_forest
461,SECOM-0461,DEMO-018,28/08/2008 03:38:00,0,-0.08355726573515515,1,isolation_forest
104,SECOM-0104,DEMO-004,05/08/2008 02:45:00,0,-0.0860354126713952,1,isolation_forest
1345,SECOM-1345,DEMO-053,06/10/2008 05:21:00,0,-0.09454107477947943,0,isolation_forest
1031,SECOM-1031,DEMO-041,23/09/2008 11:43:00,0,-0.10298779559773014,0,isolation_forest
713,SECOM-0713,DEMO-028,03/09/2008 09:38:00,0,-0.07139794270387834,1,isolation_forest
652,SECOM-0652,DEMO-026,02/09/2008 02:02:00,0,-0.08987783433210689,0,isolation_forest
1097,SECOM-1097,DEMO-043,26/09/2008 03:29:00,0,-0.08486766889433972,1,isolation_forest
1242,SECOM-1242,DEMO-049,02/10/2008 14:10:00,1,-0.09004783450552878,0,isolation_forest
1439,SECOM-1439,DEMO-057,09/10/2008 06:06:00,0,-0.09558740769796203,0,isolation_forest
1140,SECOM-1140,DEMO-045,27/09/2008 21:45:00,0,-0.09749886363506066,0,isolation_forest
1004,SECOM-1004,DEMO-040,22/09/2008 03:51:00,0,-0.11143730789404666,0,isolation_forest
1552,SECOM-1552,DEMO-062,16/10/2008 04:02:00,0,-0.07891668251388129,1,isolation_forest
928,SECOM-0928,DEMO-037,19/09/2008 21:14:00,0,-0.08645463728309977,1,isolation_forest
48,SECOM-0048,DEMO-001,29/07/2008 15:49:00,1,-0.07334499073670336,1,isolation_forest
527,SECOM-0527,DEMO-021,29/08/2008 08:41:00,0,-0.09348625199289651,0,isolation_forest
967,SECOM-0967,DEMO-038,20/09/2008 19:21:00,0,-0.09467755818742235,0,isolation_forest
535,SECOM-0535,DEMO-021,29/08/2008 13:49:00,0,-0.11385612717924964,0,isolation_forest
828,SECOM-0828,DEMO-033,13/09/2008 14:07:00,0,-0.08918495961853884,0,isolation_forest
1354,SECOM-1354,DEMO-054,06/10/2008 08:24:00,0,-0.09131012976971187,0,isolation_forest
726,SECOM-0726,DEMO-029,04/09/2008 11:50:00,0,-0.09836478026936663,0,isolation_forest
1370,SECOM-1370,DEMO-054,06/10/2008 17:26:00,0,-0.0876273800173587,1,isolation_forest
1294,SECOM-1294,DEMO-051,04/10/2008 18:15:00,0,-0.0910052419740578,0,isolation_forest
630,SECOM-0630,DEMO-025,01/09/2008 09:54:00,0,-0.08583222608261898,1,isolation_forest
268,SECOM-0268,DEMO-010,18/08/2008 15:26:00,0,-0.0891708581433539,0,isolation_forest
844,SECOM-0844,DEMO-033,14/09/2008 21:31:00,0,-0.11572166532584227,0,isolation_forest
1204,SECOM-1204,DEMO-048,30/09/2008 21:39:00,0,-0.11025741531533528,0,isolation_forest
1259,SECOM-1259,DEMO-050,02/10/2008 23:32:00,0,-0.08004281432595439,1,isolation_forest
366,SECOM-0366,DEMO-014,21/08/2008 15:48:00,0,-0.10614117122360034,0,isolation_forest
1184,SECOM-1184,DEMO-047,29/09/2008 21:26:00,0,-0.10917000904730884,0,isolation_forest
1095,SECOM-1095,DEMO-043,26/09/2008 02:26:00,0,-0.1006393823760976,0,isolation_forest
1528,SECOM-1528,DEMO-061,15/10/2008 09:11:00,0,-0.07916694481377834,1,isolation_forest
1239,SECOM-1239,DEMO-049,02/10/2008 09:42:00,0,-0.0971405385164395,0,isolation_forest
397,SECOM-0397,DEMO-015,22/08/2008 02:25:00,0,-0.09587324725738322,0,isolation_forest
17,SECOM-0017,DEMO-000,22/07/2008 08:41:00,0,-0.09912153007373387,0,isolation_forest
1205,SECOM-1205,DEMO-048,30/09/2008 21:42:00,0,-0.09585016060438795,0,isolation_forest
899,SECOM-0899,DEMO-035,19/09/2008 05:57:00,0,-0.10796044069159749,0,isolation_forest
112,SECOM-0112,DEMO-004,05/08/2008 06:11:00,0,-0.09671895226117483,0,isolation_forest
530,SECOM-0530,DEMO-021,29/08/2008 12:22:00,0,-0.09555598550466426,0,isolation_forest
364,SECOM-0364,DEMO-014,21/08/2008 15:06:00,0,-0.09909721539915589,0,isolation_forest
754,SECOM-0754,DEMO-030,08/09/2008 03:32:00,0,-0.09408767397306272,0,isolation_forest
1032,SECOM-1032,DEMO-041,23/09/2008 12:29:00,0,-0.09378125630533757,0,isolation_forest
708,SECOM-0708,DEMO-028,03/09/2008 00:58:00,0,-0.10228647078435432,0,isolation_forest
1148,SECOM-1148,DEMO-045,28/09/2008 07:52:00,0,-0.09949077981451826,0,isolation_forest
189,SECOM-0189,DEMO-007,10/08/2008 22:26:00,1,-0.08663325899256519,1,isolation_forest
460,SECOM-0460,DEMO-018,28/08/2008 03:29:00,0,-0.08975016142967451,0,isolation_forest
666,SECOM-0666,DEMO-026,02/09/2008 07:22:00,0,-0.09618422309472269,0,isolation_forest
1367,SECOM-1367,DEMO-054,06/10/2008 15:52:00,0,-0.08702192553419824,1,isolation_forest
531,SECOM-0531,DEMO-021,29/08/2008 12:37:00,0,-0.10473207057527045,0,isolation_forest
1027,SECOM-1027,DEMO-041,23/09/2008 08:11:00,0,-0.11597294086670146,0,isolation_forest
725,SECOM-0725,DEMO-029,04/09/2008 08:53:00,0,-0.09114113293493159,0,isolation_forest
627,SECOM-0627,DEMO-025,01/09/2008 08:18:00,0,-0.08732102179682133,1,isolation_forest
868,SECOM-0868,DEMO-034,16/09/2008 21:21:00,0,-0.08697783731433445,1,isolation_forest
1037,SECOM-1037,DEMO-041,23/09/2008 15:33:00,0,-0.0766453025120975,1,isolation_forest
21,SECOM-0021,DEMO-000,23/07/2008 05:15:00,0,-0.09902019318856553,0,isolation_forest
1209,SECOM-1209,DEMO-048,01/10/2008 01:11:00,0,-0.09407637604494207,0,isolation_forest
1412,SECOM-1412,DEMO-056,08/10/2008 05:35:00,0,-0.08290001134278946,1,isolation_forest
707,SECOM-0707,DEMO-028,03/09/2008 00:45:00,0,-0.11339719030157308,0,isolation_forest
959,SECOM-0959,DEMO-038,20/09/2008 16:43:00,0,-0.10187768385771162,0,isolation_forest
1336,SECOM-1336,DEMO-053,06/10/2008 01:25:00,0,-0.09519294824262403,0,isolation_forest
154,SECOM-0154,DEMO-006,07/08/2008 11:40:00,1,-0.09325944317112694,0,isolation_forest
1353,SECOM-1353,DEMO-054,06/10/2008 07:38:00,0,-0.08541149170941237,1,isolation_forest
1116,SECOM-1116,DEMO-044,27/09/2008 00:16:00,0,-0.0952561592913998,0,isolation_forest
1231,SECOM-1231,DEMO-049,02/10/2008 04:24:00,0,-0.10804331773941978,0,isolation_forest
1142,SECOM-1142,DEMO-045,28/09/2008 01:22:00,0,-0.09187388678895447,0,isolation_forest
23,SECOM-0023,DEMO-000,25/07/2008 15:23:00,1,-0.04222494492656076,1,isolation_forest
751,SECOM-0751,DEMO-030,08/09/2008 00:32:00,0,-0.09624899823639255,0,isolation_forest
25,SECOM-0025,DEMO-001,27/07/2008 09:37:00,0,-0.04328738403432264,1,isolation_forest
1433,SECOM-1433,DEMO-057,08/10/2008 21:45:00,0,-0.09941126651688181,0,isolation_forest
973,SECOM-0973,DEMO-038,21/09/2008 03:47:00,0,-0.1102828381810122,0,isolation_forest
383,SECOM-0383,DEMO-015,21/08/2008 22:25:00,0,-0.09062373389045503,0,isolation_forest
811,SECOM-0811,DEMO-032,12/09/2008 18:01:00,0,-0.11544056852374435,0,isolation_forest
1137,SECOM-1137,DEMO-045,27/09/2008 18:14:00,0,-0.09290451932517779,0,isolation_forest
571,SECOM-0571,DEMO-022,30/08/2008 08:29:00,0,-0.09577758400895564,0,isolation_forest
698,SECOM-0698,DEMO-027,02/09/2008 17:18:00,0,-0.06943224311026025,1,isolation_forest
678,SECOM-0678,DEMO-027,02/09/2008 11:47:00,0,-0.10268696310302222,0,isolation_forest
989,SECOM-0989,DEMO-039,21/09/2008 15:15:00,0,-0.10790425101528967,0,isolation_forest
1237,SECOM-1237,DEMO-049,02/10/2008 08:57:00,0,-0.0979172143015819,0,isolation_forest
1398,SECOM-1398,DEMO-055,07/10/2008 11:36:00,0,-0.09027803280233548,0,isolation_forest
174,SECOM-0174,DEMO-006,09/08/2008 22:15:00,0,-0.07858806823096776,1,isolation_forest
1522,SECOM-1522,DEMO-060,15/10/2008 05:13:00,0,-0.10112116711896046,0,isolation_forest
288,SECOM-0288,DEMO-011,19/08/2008 05:41:00,0,-0.09477638149272938,0,isolation_forest
1310,SECOM-1310,DEMO-052,05/10/2008 05:53:00,0,-0.08286872463531025,1,isolation_forest
643,SECOM-0643,DEMO-025,01/09/2008 23:59:00,0,-0.07707131119212607,1,isolation_forest
1482,SECOM-1482,DEMO-059,13/10/2008 15:42:00,0,-0.059578257488420994,1,isolation_forest
847,SECOM-0847,DEMO-033,15/09/2008 10:03:00,0,-0.10082267447748677,0,isolation_forest
245,SECOM-0245,DEMO-009,18/08/2008 04:12:00,0,-0.10381983563796926,0,isolation_forest
219,SECOM-0219,DEMO-008,16/08/2008 13:51:00,0,-0.09443432613787589,0,isolation_forest
1080,SECOM-1080,DEMO-043,25/09/2008 13:42:00,0,-0.09118999463524546,0,isolation_forest
545,SECOM-0545,DEMO-021,29/08/2008 21:46:00,0,-0.0772886785126019,1,isolation_forest
313,SECOM-0313,DEMO-012,19/08/2008 18:30:00,0,-0.07442531068106134,1,isolation_forest
1219,SECOM-1219,DEMO-048,01/10/2008 16:43:00,0,-0.09464142183494229,0,isolation_forest
444,SECOM-0444,DEMO-017,24/08/2008 07:12:00,0,-0.0826460503314666,1,isolation_forest
956,SECOM-0956,DEMO-038,20/09/2008 15:19:00,0,-0.04932798153941076,1,isolation_forest
296,SECOM-0296,DEMO-011,19/08/2008 08:07:00,0,-0.0854489757291913,1,isolation_forest
344,SECOM-0344,DEMO-013,20/08/2008 23:43:00,1,-0.10014596802924902,0,isolation_forest
972,SECOM-0972,DEMO-038,21/09/2008 03:04:00,0,-0.10341937787668865,0,isolation_forest
720,SECOM-0720,DEMO-028,03/09/2008 20:10:00,0,-0.097702627794785,0,isolation_forest
1138,SECOM-1138,DEMO-045,27/09/2008 19:16:00,0,-0.09642677732762667,0,isolation_forest
563,SECOM-0563,DEMO-022,30/08/2008 04:55:00,0,-0.10406642859121568,0,isolation_forest
1541,SECOM-1541,DEMO-061,15/10/2008 22:45:00,0,-0.08945122855305354,0,isolation_forest
1098,SECOM-1098,DEMO-043,26/09/2008 04:14:00,0,-0.10213625475193117,0,isolation_forest
187,SECOM-0187,DEMO-007,10/08/2008 19:07:00,0,-0.1000282419081302,0,isolation_forest
786,SECOM-0786,DEMO-031,11/09/2008 12:47:00,0,-0.11146344180638851,0,isolation_forest
228,SECOM-0228,DEMO-009,17/08/2008 03:46:00,0,-0.08578303302968887,1,isolation_forest
18,SECOM-0018,DEMO-000,22/07/2008 11:47:00,0,-0.09838908923258438,0,isolation_forest
674,SECOM-0674,DEMO-026,02/09/2008 10:25:00,0,-0.0887475072266572,0,isolation_forest
905,SECOM-0905,DEMO-036,19/09/2008 08:52:00,0,-0.10341582076586076,0,isolation_forest
176,SECOM-0176,DEMO-007,09/08/2008 23:17:00,0,-0.10110678780148952,0,isolation_forest
352,SECOM-0352,DEMO-014,21/08/2008 11:22:00,0,-0.08439716946219233,1,isolation_forest
887,SECOM-0887,DEMO-035,18/09/2008 18:12:00,0,-0.08427699120722176,1,isolation_forest
173,SECOM-0173,DEMO-006,09/08/2008 21:07:00,0,-0.059750608316499476,1,isolation_forest
1407,SECOM-1407,DEMO-056,07/10/2008 19:24:00,0,-0.09946488432502248,0,isolation_forest
1352,SECOM-1352,DEMO-054,06/10/2008 07:35:00,0,-0.1089009899845983,0,isolation_forest
520,SECOM-0520,DEMO-020,29/08/2008 07:18:00,0,-0.10261369077691634,0,isolation_forest
834,SECOM-0834,DEMO-033,14/09/2008 15:02:00,0,-0.09430367262646017,0,isolation_forest
464,SECOM-0464,DEMO-018,28/08/2008 04:20:00,0,-0.08205898048297533,1,isolation_forest
476,SECOM-0476,DEMO-019,28/08/2008 10:28:00,0,-0.08408104048468723,1,isolation_forest
515,SECOM-0515,DEMO-020,29/08/2008 06:35:00,0,-0.10017864052849612,0,isolation_forest
953,SECOM-0953,DEMO-038,20/09/2008 14:50:00,0,-0.08940312679733181,0,isolation_forest
440,SECOM-0440,DEMO-017,23/08/2008 15:10:00,0,-0.07382857096956358,1,isolation_forest
872,SECOM-0872,DEMO-034,17/09/2008 07:14:00,0,-0.09991245777682756,0,isolation_forest
392,SECOM-0392,DEMO-015,22/08/2008 01:04:00,1,-0.09921081797455633,0,isolation_forest
512,SECOM-0512,DEMO-020,29/08/2008 05:54:00,0,-0.10804623785103762,0,isolation_forest
1456,SECOM-1456,DEMO-058,11/10/2008 06:56:00,0,-0.07848472755202118,1,isolation_forest
287,SECOM-0287,DEMO-011,19/08/2008 05:40:00,0,-0.08840098838848776,0,isolation_forest
121,SECOM-0121,DEMO-004,05/08/2008 15:45:00,0,-0.0821021177178285,1,isolation_forest
1094,SECOM-1094,DEMO-043,26/09/2008 01:21:00,0,-0.06651193433172103,1,isolation_forest
337,SECOM-0337,DEMO-013,20/08/2008 20:19:00,0,-0.09576155478067944,0,isolation_forest
1249,SECOM-1249,DEMO-049,02/10/2008 17:00:00,0,-0.09604533455738257,0,isolation_forest
629,SECOM-0629,DEMO-025,01/09/2008 09:19:00,0,-0.09578329724428564,0,isolation_forest
1397,SECOM-1397,DEMO-055,07/10/2008 11:16:00,0,-0.03686868119439257,1,isolation_forest
748,SECOM-0748,DEMO-029,07/09/2008 20:12:00,0,-0.11126263997071084,0,isolation_forest
1274,SECOM-1274,DEMO-050,03/10/2008 19:23:00,0,-0.09083815618535102,0,isolation_forest
1106,SECOM-1106,DEMO-044,26/09/2008 15:36:00,0,-0.08920477100759383,0,isolation_forest
691,SECOM-0691,DEMO-027,02/09/2008 14:34:00,0,-0.08653479133837616,1,isolation_forest
1537,SECOM-1537,DEMO-061,15/10/2008 18:16:00,0,-0.09407267088062715,0,isolation_forest
20,SECOM-0020,DEMO-000,22/07/2008 15:30:00,0,-0.10174847860437614,0,isolation_forest
496,SECOM-0496,DEMO-019,28/08/2008 21:03:00,0,-0.10471521780098692,0,isolation_forest
325,SECOM-0325,DEMO-013,20/08/2008 07:12:00,0,-0.10892693468004011,0,isolation_forest
1099,SECOM-1099,DEMO-043,26/09/2008 05:32:00,0,-0.10032059045823172,0,isolation_forest
502,SECOM-0502,DEMO-020,29/08/2008 01:06:00,0,-0.10220987441669471,0,isolation_forest
611,SECOM-0611,DEMO-024,31/08/2008 20:24:00,0,-0.09731060264493635,0,isolation_forest
79,SECOM-0079,DEMO-003,03/08/2008 17:58:00,0,-0.07909687838079238,1,isolation_forest
582,SECOM-0582,DEMO-023,30/08/2008 11:57:00,0,-0.09918082892705515,0,isolation_forest
1466,SECOM-1466,DEMO-058,12/10/2008 00:57:00,0,-0.07947338365323714,1,isolation_forest
776,SECOM-0776,DEMO-031,10/09/2008 21:56:00,0,-0.10183114272758576,0,isolation_forest
518,SECOM-0518,DEMO-020,29/08/2008 06:45:00,1,-0.07428628118157499,1,isolation_forest
818,SECOM-0818,DEMO-032,12/09/2008 23:28:00,0,-0.0902914377711111,0,isolation_forest
954,SECOM-0954,DEMO-038,20/09/2008 14:53:00,0,-0.07767187296428912,1,isolation_forest
947,SECOM-0947,DEMO-037,20/09/2008 12:27:00,0,-0.09417514338890975,0,isolation_forest
658,SECOM-0658,DEMO-026,02/09/2008 03:35:00,0,-0.10410589774003659,0,isolation_forest
939,SECOM-0939,DEMO-037,20/09/2008 05:34:00,0,-0.0895606028911356,0,isolation_forest
855,SECOM-0855,DEMO-034,15/09/2008 22:45:00,0,-0.09214037609764547,0,isolation_forest
1360,SECOM-1360,DEMO-054,06/10/2008 12:39:00,0,-0.10773181646438856,0,isolation_forest
178,SECOM-0178,DEMO-007,10/08/2008 00:09:00,0,-0.09127294511806294,0,isolation_forest
1129,SECOM-1129,DEMO-045,27/09/2008 13:19:00,0,-0.08446587342360262,1,isolation_forest
1150,SECOM-1150,DEMO-046,28/09/2008 08:41:00,0,-0.0793795861842691,1,isolation_forest
1333,SECOM-1333,DEMO-053,05/10/2008 20:30:00,0,-0.0663062534116387,1,isolation_forest
457,SECOM-0457,DEMO-018,27/08/2008 22:58:00,0,0.004603005083685829,1,isolation_forest
1375,SECOM-1375,DEMO-055,06/10/2008 19:42:00,0,-0.11080515002791352,0,isolation_forest
1070,SECOM-1070,DEMO-042,25/09/2008 02:03:00,0,-0.11126968002883908,0,isolation_forest
141,SECOM-0141,DEMO-005,06/08/2008 20:00:00,0,-0.11281633052731893,0,isolation_forest
1268,SECOM-1268,DEMO-050,03/10/2008 06:15:00,0,-0.09322413837329396,0,isolation_forest
1344,SECOM-1344,DEMO-053,06/10/2008 04:26:00,0,-0.08423591979297013,1,isolation_forest
1396,SECOM-1396,DEMO-055,07/10/2008 11:15:00,0,-0.07679591898802379,1,isolation_forest
932,SECOM-0932,DEMO-037,20/09/2008 00:18:00,0,-0.09040545816852469,0,isolation_forest
1036,SECOM-1036,DEMO-041,23/09/2008 15:23:00,0,-0.09099882944234605,0,isolation_forest
1366,SECOM-1366,DEMO-054,06/10/2008 15:01:00,0,-0.09691840181446748,0,isolation_forest
865,SECOM-0865,DEMO-034,16/09/2008 18:23:00,0,-0.10995362086829158,0,isolation_forest
1479,SECOM-1479,DEMO-059,13/10/2008 14:30:00,0,-0.10946513145475556,0,isolation_forest
1271,SECOM-1271,DEMO-050,03/10/2008 11:40:00,0,-0.10245907049632735,0,isolation_forest
579,SECOM-0579,DEMO-023,30/08/2008 11:12:00,0,-0.09953497011752721,0,isolation_forest
524,SECOM-0524,DEMO-020,29/08/2008 07:33:00,0,-0.09364605446646573,0,isolation_forest
793,SECOM-0793,DEMO-031,11/09/2008 16:28:00,0,-0.10741613253091714,0,isolation_forest
862,SECOM-0862,DEMO-034,16/09/2008 09:37:00,0,-0.07804424945618782,1,isolation_forest
978,SECOM-0978,DEMO-039,21/09/2008 08:22:00,0,-0.10992179080161418,0,isolation_forest
635,SECOM-0635,DEMO-025,01/09/2008 20:51:00,0,-0.08685365546960128,1,isolation_forest
912,SECOM-0912,DEMO-036,19/09/2008 15:31:00,0,-0.10859608973527596,0,isolation_forest
750,SECOM-0750,DEMO-030,07/09/2008 23:33:00,0,-0.08649779138747704,1,isolation_forest
1441,SECOM-1441,DEMO-057,09/10/2008 14:15:00,0,-0.08964266186594722,0,isolation_forest
1309,SECOM-1309,DEMO-052,05/10/2008 05:31:00,0,-0.09127215384640008,0,isolation_forest
306,SECOM-0306,DEMO-012,19/08/2008 11:46:00,0,-0.1117834551559389,0,isolation_forest
1531,SECOM-1531,DEMO-061,15/10/2008 13:14:00,0,-0.10217718396596964,0,isolation_forest
769,SECOM-0769,DEMO-030,09/09/2008 00:25:00,0,-0.07933978819956866,1,isolation_forest
1305,SECOM-1305,DEMO-052,05/10/2008 01:35:00,0,-0.10454119629029346,0,isolation_forest
1283,SECOM-1283,DEMO-051,03/10/2008 22:53:00,0,-0.0813203547955218,1,isolation_forest
326,SECOM-0326,DEMO-013,20/08/2008 08:40:00,1,-0.10777885468405285,0,isolation_forest
458,SECOM-0458,DEMO-018,28/08/2008 03:03:00,0,-0.09792182634251329,0,isolation_forest
9,SECOM-0009,DEMO-000,19/07/2008 21:35:00,0,-0.07240910761030095,1,isolation_forest
615,SECOM-0615,DEMO-024,31/08/2008 22:32:00,0,-0.11376586891656776,0,isolation_forest
1208,SECOM-1208,DEMO-048,01/10/2008 00:20:00,0,-0.09576222566941,0,isolation_forest
936,SECOM-0936,DEMO-037,20/09/2008 04:28:00,0,-0.07231126760392359,1,isolation_forest
1350,SECOM-1350,DEMO-054,06/10/2008 07:12:00,0,-0.08594952337672429,1,isolation_forest
1222,SECOM-1222,DEMO-048,01/10/2008 21:50:00,0,-0.1000011692178045,0,isolation_forest
1218,SECOM-1218,DEMO-048,01/10/2008 15:16:00,0,-0.10885168313096721,0,isolation_forest
1197,SECOM-1197,DEMO-047,30/09/2008 15:16:00,0,-0.08232463503219623,1,isolation_forest
5,SECOM-0005,DEMO-000,19/07/2008 17:53:00,0,-0.07712512686106371,1,isolation_forest
307,SECOM-0307,DEMO-012,19/08/2008 11:57:00,0,-0.10081157912822497,0,isolation_forest
336,SECOM-0336,DEMO-013,20/08/2008 19:20:00,1,-0.0964168234096901,0,isolation_forest
1052,SECOM-1052,DEMO-042,24/09/2008 06:13:00,0,-0.09661902022884283,0,isolation_forest
1357,SECOM-1357,DEMO-054,06/10/2008 09:57:00,0,-0.104043125718428,0,isolation_forest
1364,SECOM-1364,DEMO-054,06/10/2008 13:55:00,1,-0.1051209180873588,0,isolation_forest
1382,SECOM-1382,DEMO-055,06/10/2008 23:03:00,0,-0.10383693874716204,0,isolation_forest
1245,SECOM-1245,DEMO-049,02/10/2008 15:44:00,0,-0.08277348648668514,1,isolation_forest
640,SECOM-0640,DEMO-025,01/09/2008 23:28:00,0,-0.09845775774216842,0,isolation_forest
1390,SECOM-1390,DEMO-055,07/10/2008 09:11:00,0,-0.08313041653688852,1,isolation_forest
576,SECOM-0576,DEMO-023,30/08/2008 09:45:00,1,-0.07444661786053414,1,isolation_forest
1295,SECOM-1295,DEMO-051,04/10/2008 18:25:00,0,-0.10246953509679935,0,isolation_forest
550,SECOM-0550,DEMO-022,29/08/2008 22:56:00,0,-0.08070471024231268,1,isolation_forest
372,SECOM-0372,DEMO-014,21/08/2008 18:04:00,0,-0.11774228355232547,0,isolation_forest
1499,SECOM-1499,DEMO-059,14/10/2008 13:13:00,0,-0.07738328107738446,1,isolation_forest
231,SECOM-0231,DEMO-009,17/08/2008 12:16:00,1,-0.10358077042133118,0,isolation_forest
672,SECOM-0672,DEMO-026,02/09/2008 10:13:00,0,-0.07532113614430341,1,isolation_forest
1474,SECOM-1474,DEMO-058,13/10/2008 03:53:00,0,-0.08363863140835481,1,isolation_forest
331,SECOM-0331,DEMO-013,20/08/2008 17:09:00,0,-0.11360655145214288,0,isolation_forest
1073,SECOM-1073,DEMO-042,25/09/2008 07:58:00,0,-0.09818931877956721,0,isolation_forest
1525,SECOM-1525,DEMO-061,15/10/2008 07:36:00,0,-0.07296855103883532,1,isolation_forest
753,SECOM-0753,DEMO-030,08/09/2008 01:24:00,0,-0.09393925601869996,0,isolation_forest
715,SECOM-0715,DEMO-028,03/09/2008 14:29:00,0,-0.09539236698022813,0,isolation_forest
1226,SECOM-1226,DEMO-049,02/10/2008 00:22:00,0,-0.09673458301075694,0,isolation_forest
930,SECOM-0930,DEMO-037,19/09/2008 23:26:00,0,-0.08977048556227457,0,isolation_forest
1058,SECOM-1058,DEMO-042,24/09/2008 11:47:00,0,-0.10235015126457236,0,isolation_forest
238,SECOM-0238,DEMO-009,17/08/2008 23:04:00,1,-0.09323897575820755,0,isolation_forest
1272,SECOM-1272,DEMO-050,03/10/2008 12:31:00,0,-0.10110592969560839,0,isolation_forest
442,SECOM-0442,DEMO-017,24/08/2008 02:32:00,0,-0.1054457378376415,0,isolation_forest
424,SECOM-0424,DEMO-016,22/08/2008 19:14:00,1,-0.10019928918005833,0,isolation_forest
1493,SECOM-1493,DEMO-059,13/10/2008 22:48:00,0,-0.08757289040952593,1,isolation_forest
1282,SECOM-1282,DEMO-051,03/10/2008 22:08:00,0,-0.09667218304683678,0,isolation_forest
